source_id	source_level	source_kanji	source_reading	source_gloss	source_jmdict_entry	article	article_level	jmdict_entry	sense_indices	additional_senses	mapping_note	identity_note	source_note
N3:2	3		あっ	Ah!,Oh!	2394370	words/あっ.md	3	2394370	1,2		Source spelling retained.		
N3:3	3	愛	あい	love	1150410	words/愛.md	3	1150410	1		Existing stable article spelling retained; assigned N3 reading and sense checked separately.		
N3:4	3	挨拶	あいさつ	greeting,salutation	1151120	words/あいさつ.md	4	1151120	1,2		Reuse the existing same-entry/same-reading article with its stable spelling.		
N3:5	3	愛情	あいじょう	love,affection	1150860	words/愛情.md	3	1150860	1		Source spelling retained.		
N3:6	3	合図	あいず	sign,signal	1284930	words/合図.md	3	1284930	1		Source spelling retained.		
N3:7	3		アイスクリーム	ice cream	1013980	words/アイスクリーム.md	3	1013980	1		Source spelling retained.		
N3:8	3	愛する	あいする	to love	1150450	words/愛する.md	3	1150450	1		Source spelling retained.		
N3:9	3	相手	あいて	companion,partner,company	1401000	words/相手.md	3	1401000	1,2,3		Source spelling retained.		
N3:10	3		あいにく	unfortunately,Sorry, but....	1379210	words/あいにく.md	3	1379210	1		Source spelling retained.		
N3:11	3		アイロン	(electric) iron	1014590	words/アイロン.md	3	1014590	1,2		Source spelling retained.		
N3:12	3		アウト	out	1014680	words/アウト.md	3	1014680	1,2,6		Source spelling retained.		
N3:13	3	明かり	あかり	lamplight,light (in general),brightness	1586210	words/明かり.md	3	1586210	1,2		Source spelling retained.		
N3:14	3	空き	あき	room,time to spare,emptiness	1609010	words/空き.md	3	1609010	1,2,3		Source spelling retained.		
N3:15	3	明らか	あきらか	obvious,evident,clear	1532310	words/明らか.md	3	1532310	1		Source spelling retained.		
N3:16	3	諦める	あきらめる	to give up,to abandon	1436730	words/諦める.md	3	1436730	1		Source spelling retained.		
N3:17	3	飽きる	あきる	to get tired of,to lose interest in,to have enough	1586250	words/飽きる.md	3	1586250	1		Source spelling retained.		
N3:18	3	握手	あくしゅ	handshake	1152730	words/握手.md	3	1152730	1		Source spelling retained.		
N3:19	3	悪魔	あくま	devil,demon,evil spirit	1152510	words/悪魔.md	3	1152510	1		Source spelling retained.		
N3:20	3	明ける	あける	to dawn,to become daylight	1202450	words/開ける.md	5	1202450	6		Reuse the stable 開ける article; source coverage explicitly teaches the spelling 明ける for dawn, not the primary door-opening use.		明ける/あける 'to dawn' shares an entry with 開ける and 空ける, but the entry ID does not make these spellings and uses interchangeable.
N3:21	3	預ける	あずける	to give into custody,to entrust,to deposit	1544990	words/預ける.md	3	1544990	1		Source spelling retained.		
N3:22	3	汗	あせ	sweat,perspiration	1213060	words/汗.md	3	1213060	1		Source spelling retained.		
N3:23	3	与える	あたえる	to give,to present,to award	1544730	words/与える.md	3	1544730	1,4		Existing stable article spelling retained; assigned N3 reading and sense checked separately.		
N3:24	3	辺り	あたり	vicinity,nearby	1512080	words/辺り.md	3	1512080	1,2		Source spelling retained.		
N3:25	3	当たる	あたる	to be hit,to be successful,to be equivalent to	1448810	words/当たる.md	3	1448810	1,3,6		Existing stable article spelling retained; assigned N3 reading and sense checked separately.		
N3:26	3		あちこち	here and there	1612620	words/あちこち.md	3	1612620	1		Source spelling retained.		
N3:27	3	扱う	あつかう	to handle,to deal with,to treat	1153440	words/扱う.md	3	1153440	1,2,3,4,5,6		Source spelling retained.		
N3:28	3	集まり	あつまり	gathering,meeting,assembly,collection	1609050	words/集まり.md	3	1609050	1		Source spelling retained.		
N3:29	3	当てる	あてる	to hit,to apply a patch	1448860	words/当てる.md	3	1448860	1,3,5		Source spelling retained.		
N3:30	3	跡	あと	(1) trace,tracks,mark,sign,(2) remains,ruins,(3) scar	1383680	words/跡.md	3	1383680	1,2,3		Source spelling retained.		
N3:31	3	穴	あな	hole	1254480	words/穴.md	3	1254480	1,2,6		Source spelling retained.		
N3:32	3	浴びる	あびる	to bathe,to bask in the sun,to shower	1547450	words/あびる.md	5	1547450	1,2		Reuse the existing same-entry/same-reading article with its stable spelling.		
N3:33	3	油	あぶら	oil	1538590	words/油.md	3	1538590	1		Source spelling retained.		
N3:34	3	余り	あまり	not very (used as adverb),not much	1584930	words/あまり.md	5	1584930	1,2,3		Reuse the existing same-entry/same-reading article with its stable spelling.		The あんまり row incorrectly imports 'remainder, rest' from the あまり reading of the same entry.
N3:35	3	誤り	あやまり	error	1271290	words/誤り.md	3	1271290	1		Source spelling retained.		
N3:36	3	粗	あら	defect,flaw,blemish,weak point	1586730	words/粗.md	3	1586730	1,2		Source spelling retained.		
N3:37	3	嵐	あらし	storm,tempest	1549340	words/嵐.md	3	1549340	1,2		Source spelling retained.		
N3:38	3	新た	あらた	new,fresh,novel	1361510	words/新た.md	3	1361510	1		Source spelling retained.		
N3:39	3		あらゆる	all,every	1586780	words/あらゆる.md	3	1586780	1		Source spelling retained.		
N3:40	3	表す	あらわす	to express,to show,to reveal	1263490	words/表す.md	3	1263490	1,2,3		Source spelling retained.		Identical entry IDs for 表す and 現す do not justify teaching the rows as unrestricted spelling substitutions.
N3:41	3	現す	あらわす	to show,to indicate,to display	1263490	words/現す.md	3	1263490	2,3		Source spelling retained.		Identical entry IDs for 表す and 現す do not justify teaching the rows as unrestricted spelling substitutions.
N3:42	3	現れ	あらわれ	embodiment,materialization	1610550	words/現れ.md	3	1610550	1		Source spelling retained.		
N3:43	3	現れる	あらわれる	(1) to appear,to come in sight,to become visible,(2) to express oneself	1263510	words/現れる.md	3	1263510	1,2		Source spelling retained.		The source's 'to express oneself' obscures the intransitive meaning of 現れる.
N3:44	3		ありがとう	(conj,exp,int) Thank you	1586820	words/ありがとう.md	3	1586820	1		Source spelling retained.		The literal source gloss '(conj,exp,int) Thank you' contains stale grammatical metadata, including a conjunction label.
N3:45	3	或	ある	a certain...,some...	1586840	words/或.md	3	1586840	1		Source spelling retained.		
N3:46	3		あるいは	or,possibly	1586850	words/あるいは.md	3	1586850	1,2		Source spelling retained.		
N3:47	3		アルバム	album	1019450	words/アルバム.md	3	1019450	1		Source spelling retained.		
N3:48	3	泡	あわ	bubble,foam,froth,head on beer	1517510	words/泡.md	3	1517510	1		Source spelling retained.		
N3:49	3	合わせる	あわせる	to join together,to be opposite,to face,to unite	1284480	words/合わせる.md	3	1284480	1,2,3		Source spelling retained.		
N3:50	3	哀れ	あわれ	helpless,pity,sorrow,grief	1150110	words/哀れ.md	3	1150110	1,2		Source spelling retained.		Bare 'helpless' is a misleading lead gloss for 哀れ.
N3:51	3	案	あん	plan,suffix meaning draft	1154770	words/案.md	3	1154770	1,2		Source spelling retained.		
N3:52	3	暗記	あんき	memorization,learning by heart	1586910	words/暗記.md	3	1586910	1		Source spelling retained.		
N3:53	3	安定	あんてい	stability,equilibrium	1154120	words/安定.md	3	1154120	1		Source spelling retained.		
N3:54	3		あんなに	to that extent,to that degree	1981450	words/あんなに.md	3	1981450	1		Source spelling retained.		
N3:55	3		あんまり	not very,not much,remainder,rest	1584930	words/あんまり.md	3	1584930	2,3,4		Source spelling retained.		The あんまり row incorrectly imports 'remainder, rest' from the あまり reading of the same entry.
N3:56	3	胃	い	stomach	1158500	words/胃.md	3	1158500	1		Source spelling retained.		
N3:57	3		いえ	TODO same as いいえ?	1583250	words/いえ.md	3	1583250	1,2		Source spelling retained.		The source gloss is an unresolved editorial placeholder: 'TODO same as いいえ?'.
N3:58	3	委員	いいん	committee member	1156100	words/委員.md	3	1156100	1		Source spelling retained.		
N3:59	3	言う	ゆう	to say	1587040	words/言う.md	5	1587040	1		Existing stable article spelling retained; assigned N3 reading and sense checked separately.		
N3:60	3	意外	いがい	unexpected,surprising	1156410	words/意外.md	3	1156410	1		Source spelling retained.		
N3:61	3	行き	いき	going	1578790	words/行き.md	3	1578790	1,2		Source spelling retained.		
N3:62	3	行き	ゆき	going	1578790	words/行き.md	3	1578790	1,2		Source spelling retained.		
N3:63	3	息	いき	breath,tone	1404320	words/息.md	3	1404320	1,2		Existing stable article spelling retained; assigned N3 reading and sense checked separately.		The source's unqualified 'tone' is not established by the supplied 息 entry.
N3:64	3	勢い	いきおい	force,vigor,energy,spirit	1375040	words/勢い.md	3	1375040	1,3		Source spelling retained.		
N3:65	3	生き物	いきもの	living thing,animal	1378590	words/生き物.md	3	1378590	1		Source spelling retained.		
N3:66	3	幾つ	いくつ	how many?,how old?	1219960	words/幾つ.md	5	1219960	1,2		Existing stable article spelling retained; assigned N3 reading and sense checked separately.		
N3:67	3	幾ら	いくら	how much?,how many?	1219980	words/いくら.md	5	1219980	1		Reuse the existing same-entry/same-reading article with its stable spelling.		
N3:68	3		いけない	must not do,bad,wrong,not good	1000730	words/いけない.md	3	1000730	1,2		Source spelling retained.		
N3:69	3	医師	いし	doctor,physician	1159930	words/医師.md	3	1159930	1		Source spelling retained.		
N3:70	3	意思	いし	intention,purpose	1156610	words/意思.md	3	1156610	1		Source spelling retained.		
N3:71	3	意志	いし	will,volition	1156560	words/意志.md	3	1156560	1		Source spelling retained.		
N3:72	3	維持	いじ	maintenance,preservation	1158450	words/維持.md	3	1158450	1		Source spelling retained.		
N3:73	3	意識	いしき	consciousness,senses	1156640	words/意識.md	3	1156640	1,2		Source spelling retained.		
N3:74	3	異常	いじょう	strangeness,abnormality,disorder	1157760	words/異常.md	3	1157760	1		Source spelling retained.		
N3:75	3	椅子	いす	chair	1157070	words/いす.md	5	1157070	1		Reuse the existing same-entry/same-reading article with its stable spelling.		
N3:76	3	泉	いずみ	spring,fountain	1390780	words/泉.md	3	1390780	1		Source spelling retained.		
N3:77	3		いずれ	where,which,who	1566210	words/いずれ.md	3	1566210	1,2,3,4		Source spelling retained.		
N3:78	3	以前	いぜん	ago,since,before,previous	1155150	words/以前.md	3	1155150	1,2		Source spelling retained.		以前 is incorrectly glossed 'since' alongside 'ago, before, previous'.
N3:79	3	板	いた	board,plank	1481350	words/板.md	3	1481350	1,2		Source spelling retained.		
N3:80	3	偉大	いだい	greatness	1155920	words/偉大.md	3	1155920	1		Source spelling retained.		
N3:81	3	抱く	いだく	(sl) to embrace,to hug,to harbour,to entertain	1584090	words/抱く.md	3	1584090	1,2		Existing stable article spelling retained; assigned N3 reading and sense checked separately.		The source labels 抱く/いだく '(sl)', but the inspected entry does not classify this reading as slang.
N3:82	3	悪戯	いたずら	tease,prank,trick,practical joke	1151580	words/悪戯.md	3	1151580	1,2,4,5		Source spelling retained.		
N3:83	3		いただきます	expression of gratitude before meals	1410800	words/いただきます.md	3	1410800	1		Source spelling retained.		
N3:84	3	頂く	いただく	to receive,to take food or drink (hum)	1587290	words/いただく.md	4	1587290	1,2,5		Reuse the existing same-entry/same-reading article with its stable spelling.		
N3:85	3	痛み	いたみ	pain,ache,sore,grief,distress	1587300	words/痛み.md	3	1587300	1		Source spelling retained.		
N3:86	3	至る	いたる	to come,to arrive	1311870	words/至る.md	3	1311870	1,2		Source spelling retained.		The bare source gloss 'to come, to arrive' does not distinguish the current reach/attain uses of 至る from its archaic sense.
N3:87	3	市	いち	market,fair	1308080	words/市.md	4	1308080	1		Existing stable article spelling retained; assigned N3 reading and sense checked separately.		
N3:88	3	位置	いち	place,situation,position,location	1587310	words/位置.md	3	1587310	1,2		Source spelling retained.		
N3:89	3	一時	いちじ	moment,time	1576100	words/一時.md	3	1576100	1,2,3		Source spelling retained.		
N3:90	3	一度に	いちどに	all at once	1609210	words/一度に.md	3	1609210	1		Source spelling retained.		
N3:91	3	市場	いちば	(the) market (as a concept)	1308300	words/市場.md	3	1308300	1		Source spelling retained.		市場/いちば is paired with the source gloss '(the) market (as a concept)', whereas its supplied entry describes a town/street marketplace. Historical source intent remains uncertain. For teaching, retain the dictionary-verified Japanese spelling/reading identity, with supported meanings rather than the conflicting English gloss. This is an explicit editorial choice, not recovery of the list compiler's intent. Contrasting readings or identities do not acquire an independent N3 assignment.
N3:92	3	一番	いちばん	best,first,number one	1165970	words/いちばん.md	5	1165970	1,2		Reuse the existing same-entry/same-reading article with its stable spelling.		
N3:93	3	何時か	いつか	sometime,someday,one day	1188790	words/何時か.md	3	1188790	1		Source spelling retained.		
N3:94	3	一家	いっか	a house,a home,a family,a household	1575940	words/一家.md	3	1575940	1		Source spelling retained.		
N3:95	3	一種	いっしゅ	a species,a kind,a variety	1163170	words/一種.md	3	1163170	1,2		Source spelling retained.		
N3:96	3	一瞬	いっしゅん	a moment,an instant	1163340	words/一瞬.md	3	1163340	1		Source spelling retained.		
N3:97	3	一生	いっしょう	whole life,a lifetime,all through life	1576200	words/一生.md	3	1576200	1		Source spelling retained.		
N3:98	3	一層	いっそう	much more,still more,all the more	1164340	words/一層.md	3	1164340	1,2		Source spelling retained.		
N3:99	3	一体	いったい	(1) one object,one body,(2) what on earth?,really?,(3) generally	1164510	words/一体.md	3	1164510	1,2,6		Source spelling retained.		
N3:100	3	一致	いっち	(1) coincidence,agreement,(2) conformity	1164740	words/一致.md	3	1164740	1		Source spelling retained.		
N3:101	3		いつでも	(at) any time,always,at all times,never (neg)	1577130	words/いつでも.md	3	1577130	1,2		Source spelling retained.		
N3:102	3	一般	いっぱん	general,liberal,universal,ordinary,average	1165790	words/一般.md	3	1165790	1,2		Source spelling retained.		The unqualified English 'liberal' in the 一般 gloss is misleading.
N3:103	3	一方	いっぽう	(1) on the other hand,(2) meanwhile,(3) only,simple,in turn	1166510	words/一方.md	3	1166510	1,2,3,4		Source spelling retained.		
N3:104	3		いつまでも	forever,for good,eternally,as long as one likes,indefinitely	1188880	words/いつまでも.md	3	1188880	1		Source spelling retained.		
N3:105	3	何時も	いつも	always,usually,every time,never (with neg. verb)	1188890	words/いつも.md	5	1188890	1,2,3		Reuse the existing same-entry/same-reading article with its stable spelling.		
N3:106	3	移動	いどう	removal,migration,movement	1158400	words/移動.md	3	1158400	1		Source spelling retained.		
N3:107	3	従兄弟	いとこ	cousin (male)	1335290	words/従兄弟.md	3	1335290	1		Source spelling retained.		
N3:108	3	稲	いね	rice-plant	1167820	words/稲.md	3	1167820	1		Source spelling retained.		
N3:109	3	居眠り	いねむり	dozing,nodding off	1231890	words/居眠り.md	3	1231890	1		Source spelling retained.		
N3:110	3	命	いのち	command,decree,life,destiny	1531940	words/命.md	3	1531940	1,2		Existing stable article spelling retained; assigned N3 reading and sense checked separately.		命/いのち 'command, decree, life, destiny' combines meanings from different reading identities and omits a historical qualification.
N3:111	3	違反	いはん	violation (of law),transgression,infringement,breach	1158950	words/違反.md	3	1158950	1		Source spelling retained.		
N3:112	3	衣服	いふく	clothes	1158810	words/衣服.md	3	1158810	1		Source spelling retained.		
N3:113	3	居間	いま	living room (western style)	1231720	words/居間.md	3	1231720	1		Existing stable article spelling retained; assigned N3 reading and sense checked separately.		
N3:114	3	今に	いまに	before long,even now	1288940	words/今に.md	3	1288940	1		Source spelling retained.		
N3:115	3	今にも	いまにも	at any time,soon	1288950	words/今にも.md	3	1288950	1		Source spelling retained.		
N3:116	3	否	いや	no,the noes	2857380	words/否.md	3	2857380	1		Source spelling retained.		否/いや has the source gloss 'no, the noes', but the supplied entry is an interjection, not a noun for opposing votes.
N3:117	3	以来	いらい	since,henceforth	1155210	words/以来.md	3	1155210	1,2		Source spelling retained.		
N3:118	3	依頼	いらい	(1) request,commission,dispatch,(2) dependence,trust	1155710	words/依頼.md	3	1155710	1,2		Source spelling retained.		
N3:119	3		いらいら	getting nervous,irritation	1587700	words/いらいら.md	3	1587700	1		Source spelling retained.		
N3:120	3		いらっしゃい	welcome	1000920	words/いらっしゃい.md	3	1000920	1,2		Source spelling retained.		
N3:121	3	医療	いりょう	medical care,medical treatment	1160140	words/医療.md	3	1160140	1		Source spelling retained.		
N3:122	3	岩	いわ	rock,crag	1217270	words/岩.md	3	1217270	1,2		Source spelling retained.		
N3:123	3	祝い	いわい	celebration,festival	1337370	words/祝い.md	3	1337370	1,2		Source spelling retained.		
N3:124	3	祝う	いわう	to congratulate,to celebrate	1337390	words/祝う.md	3	1337390	1		Source spelling retained.		
N3:125	3	言わば	いわば	so to speak	1264380	words/言わば.md	3	1264380	1		Source spelling retained.		
N3:126	3		いわゆる	the so-called,so to speak	1343150	words/いわゆる.md	3	1343150	1		Source spelling retained.		The source adds 'so to speak' to いわゆる, obscuring its prenominal use and confusing it with 言わば.
N3:127	3		インク	ink	1022210	words/インク.md	3	1022210	1		Source spelling retained.		
N3:128	3	印刷	いんさつ	printing	1168190	words/印刷.md	3	1168190	1		Source spelling retained.		
N3:129	3	印象	いんしょう	impression	1168390	words/印象.md	3	1168390	1		Source spelling retained.		
N3:130	3	引退	いんたい	retire	1169610	words/引退.md	3	1169610	1		Source spelling retained.		
N3:131	3	引用	いんよう	quotation,citation	1169660	words/引用.md	3	1169660	1		Source spelling retained.		
N3:132	3		ウイスキー	whisky	1025140	words/ウイスキー.md	3	1025140	1		Source spelling retained.		
N3:133	3	上	うわ	upper,outer,surface	1352140	words/上.md	5	1352140	1		Existing stable article spelling retained; assigned N3 reading and sense checked separately.		
N3:134	3	魚	うお	fish	1578010	words/魚.md	5	1578010	1		Existing stable article spelling retained; assigned N3 reading and sense checked separately.		
N3:135	3	嗽	うがい	gargle,rinse mouth	1577660	words/うがい.md	3	1577660	1		Use the inspected うがい teaching spelling; retain original 嗽 in provenance.		The source headword 嗽 uses a dictionary-marked rare kanji spelling.
N3:136	3	受け取る	うけとる	to receive,to get,to accept,to take	1329650	words/受け取る.md	3	1329650	1,2		Source spelling retained.		
N3:137	3	動かす	うごかす	to move,to shift	1451170	words/動かす.md	3	1451170	1,2,4		Source spelling retained.		
N3:138	3	兎	うさぎ	rabbit,hare,cony	1443970	words/兎.md	3	1443970	1		Source spelling retained.		
N3:139	3	牛	うし	cattle,cow	1231490	words/牛.md	3	1231490	1,2		Source spelling retained.		
N3:140	3	失う	うしなう	to lose,to part with	1319750	words/失う.md	3	1319750	1,2,3		Source spelling retained.		
N3:141	3	後	うしろ	afterwards,since then,in the future	1269410	words/後.md	5	1269410	1		Existing stable article spelling retained; assigned N3 reading and sense checked separately.		後/うしろ has both irregular omitted okurigana and an incompatible temporal source gloss ('afterwards, since then, in the future'). Historical source intent remains uncertain. For teaching, retain the dictionary-verified Japanese spelling/reading identity, with supported meanings rather than the conflicting English gloss. This is an explicit editorial choice, not recovery of the list compiler's intent. Contrasting readings or identities do not acquire an independent N3 assignment.
N3:142	3	疑う	うたがう	to doubt,to distrust,to be suspicious of,to suspect	1225510	words/疑う.md	3	1225510	1		Existing stable article spelling retained; assigned N3 reading and sense checked separately.		
N3:143	3	宇宙	うちゅう	universe,cosmos,space	1171300	words/宇宙.md	3	1171300	1		Source spelling retained.		
N3:144	3	撃つ	うつ	to attack,to defeat,to destroy	1253570	words/討つ.md	3	1478010	1		Use the inspected 討つ teaching spelling; retain original 撃つ in provenance.	Correct the lexical identity to 1478010 for the supplied attack/defeat meaning, retaining 1253570 unchanged as the original source ID. The replacement entry itself was inspected in full: it accepts 撃つ/うつ as well as 討つ/うつ, so this correction does not require inventing a new reading. 討つ is a useful target for distinguishing attack/defeat from shooting; do not assert that 撃つ can only mean shoot. The inspected snapshot uses two distinct entries, not one unrestricted polysemous record.	撃つ/うつ 'to attack, to defeat, to destroy' points to the shooting entry 1253570 rather than the attack/defeat entry matching the source gloss.
N3:145	3	移す	うつす	to remove,to transfer,to infect	1158160	words/移す.md	3	1158160	1,2,5		Source spelling retained.		
N3:146	3	訴える	うったえる	to sue (a person),to resort to,to appeal to	1397720	words/訴える.md	3	1397720	1,2,3,4,5		Source spelling retained.		
N3:147	3		うなる	to groan,to moan	1565300	words/うなる.md	3	1565300	1,2,3,4		Source spelling retained.		
N3:148	3	奪う	うばう	to snatch away	1416340	words/奪う.md	3	1416340	1,2		Source spelling retained.		
N3:149	3	馬	うま	(1) horse,(2) promoted bishop (shogi)	1471560	words/馬.md	3	1471560	1,3		Existing stable article spelling retained; assigned N3 reading and sense checked separately.		
N3:150	3	生まれ	うまれ	birth,birth-place	1609350	words/生まれ.md	3	1609350	1,2		Source spelling retained.		
N3:151	3	梅	うめ	plum,plum-tree,lowest (of a three-tier ranking system)	1473460	words/梅.md	3	1473460	1,2		Source spelling retained.		The bare 'plum, plum-tree' gloss for 梅 leaves the plant identity unnecessarily broad.
N3:152	3	裏切る	うらぎる	to betray,to turn traitor to,to double-cross	1550380	words/裏切る.md	3	1550380	1,2		Source spelling retained.		
N3:153	3		うるさい	noisy,loud,fussy	1481920	words/うるさい.md	5	1481920	1,2,3,4		Existing stable article spelling retained; assigned N3 reading and sense checked separately.		
N3:154	3	嬉しい	うれしい	happy,glad,pleasant	1219510	words/うれしい.md	4	1219510	1,2		Reuse the existing same-entry/same-reading article with its stable spelling.		
N3:155	3	売れる	うれる	to be sold	1473960	words/売れる.md	3	1473960	1,2		Source spelling retained.		
N3:156	3	噂	うわさ	rumour,report,gossip,common talk	1172590	words/噂.md	3	1172590	1		Source spelling retained.		
N3:157	3	運	うん	fortune,luck	1172610	words/運.md	3	1172610	1		Source spelling retained.		
N3:158	3	柄	え	handle,grip	1508290	words/柄.md	3	1508290	1		Source spelling retained.		
N3:159	3	永遠	えいえん	eternity,perpetuity,immortality,permanence	1174070	words/永遠.md	3	1174070	1		Source spelling retained.		
N3:160	3	永久	えいきゅう	eternity,perpetuity,immortality	1576520	words/永久.md	3	1576520	1		Source spelling retained.		
N3:161	3	影響	えいきょう	influence,effect	1173660	words/影響.md	3	1173660	1		Source spelling retained.		
N3:162	3	営業	えいぎょう	business,trade,management	1173430	words/営業.md	3	1173430	1,2		Source spelling retained.		
N3:163	3	衛星	えいせい	satellite	1174760	words/衛星.md	3	1174760	1,2		Source spelling retained.		
N3:164	3	栄養	えいよう	nutrition,nourishment	1173990	words/栄養.md	3	1173990	1		Source spelling retained.		
N3:165	3	笑顔	えがお	smiling face	1351400	words/笑顔.md	3	1351400	1		Source spelling retained.		
N3:166	3	描く	えがく	to draw,to paint,to sketch,to depict,to describe	1583460	words/描く.md	3	1583460	1,2		Source spelling retained.		
N3:167	3	餌	えさ	feed,bait	1173340	words/餌.md	3	1173340	1,2		Source spelling retained.		
N3:168	3		エネルギー	(n) energy (de: Energie)	1029430	words/エネルギー.md	3	1029430	1,2,3,4		Source spelling retained.		
N3:169	3	得る	える	to get,to gain,to win	1588760	words/得る.md	3	1588760	1,4		Source spelling retained.		
N3:170	3	得る	うる	to get,to gain,to win	1454500	words/得る.md	3	1454500	1,2		Source spelling retained.		The source gives 得る/うる the same unqualified get/gain/win gloss as 得る/える, concealing the reading's formal register and different conjugational classification.
N3:171	3	円	えん	circle,money	1175570	words/円.md	3	1175570	1,2		Source spelling retained.		円/えん is overbroadly glossed 'money'.
N3:172	3	延期	えんき	postponement,adjournment	1176430	words/延期.md	3	1176430	1		Source spelling retained.		
N3:173	3	演技	えんぎ	acting,performance	1176820	words/演技.md	3	1176820	1		Source spelling retained.		
N3:174	3	援助	えんじょ	assistance,aid,support	1176660	words/援助.md	3	1176660	1		Source spelling retained.		
N3:175	3		エンジン	engine	1030950	words/エンジン.md	3	1030950	1		Source spelling retained.		
N3:176	3	演説	えんぜつ	speech,address	1176960	words/演説.md	3	1176960	1		Source spelling retained.		
N3:177	3	演奏	えんそう	musical performance	1607520	words/演奏.md	3	1607520	1		Source spelling retained.		
N3:178	3	御	お	honourable	2826528	words/お.md	3	2826528	1		Use the inspected お teaching spelling; retain original 御 in provenance.		The gloss 'honourable' hides that 御/お is a prefix, not an ordinary standalone adjective.
N3:179	3	老い	おい	old age,old person,the old,the aged	1643510	words/老い.md	3	1643510	1,2		Source spelling retained.		
N3:180	3	追い付く	おいつく	to overtake,to catch up (with)	1588810	words/追い付く.md	3	1588810	1		Source spelling retained.		English 'overtake' may wrongly suggest that 追い付く entails passing someone.
N3:181	3	王	おう	king,ruler,sovereign,monarch	1629200	words/王.md	3	1629200	1		Existing stable article spelling retained; assigned N3 reading and sense checked separately.		
N3:182	3	追う	おう	to chase,to run after	1432410	words/追う.md	3	1432410	1		Existing stable article spelling retained; assigned N3 reading and sense checked separately.		
N3:183	3	王様	おうさま	king	1181700	words/王様.md	3	1181700	1		Source spelling retained.		
N3:184	3	王子	おうじ	prince	1181500	words/王子.md	3	1181500	1		Source spelling retained.		
N3:185	3	応じる	おうじる	to respond,to satisfy,to accept,to comply with,to apply for	1179830	words/応じる.md	3	1179830	1		Source spelling retained.		
N3:186	3	横断	おうだん	crossing	1180900	words/横断.md	3	1180900	1,2		Source spelling retained.		
N3:187	3	終える	おえる	to finish	1332760	words/終える.md	3	1332760	1,4		Source spelling retained.		
N3:188	3	大いに	おおいに	very,much,greatly	1412880	words/大いに.md	3	1412880	1		Source spelling retained.		
N3:189	3	覆う	おおう	to cover,to hide,to conceal,to wrap,to disguise	1588840	words/覆う.md	3	1588840	1		Source spelling retained.		
N3:190	3		オーバー	(1) overcoat,(2) over	1032390	words/オーバー.md	3	1032390	1,2,3		Source spelling retained.		
N3:191	3	大家	おおや	rich family,distinguished family	1413140	words/大家.md	3	1413140	1		Source spelling retained.		大家/おおや is glossed 'rich family, distinguished family', but its supplied entry is landlord/landlady. Historical source intent remains uncertain. For teaching, retain the dictionary-verified Japanese spelling/reading identity, with supported meanings rather than the conflicting English gloss. This is an explicit editorial choice, not recovery of the list compiler's intent. Contrasting readings or identities do not acquire an independent N3 assignment.
N3:192	3	丘	おか	hill,height,knoll,rising ground	1588920	words/丘.md	3	1588920	1		Source spelling retained.		
N3:193	3	沖	おき	open sea	1182500	words/沖.md	3	1182500	1		Source spelling retained.		
N3:194	3	奥	おく	interior,inner part	1179320	words/奥.md	3	1179320	1,3		Source spelling retained.		
N3:195	3	贈る	おくる	to send,to give to,to award to,to confer on	1403550	words/贈る.md	3	1403550	1,2		Source spelling retained.		The lead gloss 'to send' makes 贈る sound like a generic sending verb.
N3:196	3	起こる	おこる	to occur,to happen	1223680	words/起こる.md	3	1223680	1		Source spelling retained.		
N3:197	3	幼い	おさない	very young,childish	1545110	words/幼い.md	3	1545110	1,2		Source spelling retained.		
N3:198	3	収める	おさめる	to obtain,to reap,to pay,to supply,to accept	1589090	words/収める.md	3	1589090	1,3,5		Source spelling retained.		The 収める source row includes 'to pay, to supply', but those meanings are restricted to 納める in its supplied entry.
N3:199	3		おしゃべり	chattering,talk,idle talk	1002450	words/おしゃべり.md	3	1002450	1,2		Source spelling retained.		
N3:200	3	汚染	おせん	pollution,contamination	1179040	words/汚染.md	3	1179040	1		Source spelling retained.		
N3:201	3		おそらく	perhaps	1236650	words/おそらく.md	3	1236650	1		Source spelling retained.		The source's sole 'perhaps' gloss loses the likely/probable inference expressed by おそらく.
N3:202	3	恐れる	おそれる	to fear,to be afraid of	1589200	words/恐れる.md	3	1589200	1		Existing stable article spelling retained; assigned N3 reading and sense checked separately.		
N3:203	3	恐ろしい	おそろしい	terrible,dreadful	1236690	words/恐ろしい.md	3	1236690	1,2		Source spelling retained.		
N3:204	3	お互い	おたがい	mutual,reciprocal,each other	1979930	words/お互い.md	3	1979930	1		Source spelling retained.		
N3:205	3	穏やか	おだやか	calm,gentle,quiet	1183590	words/穏やか.md	3	1183590	1,2		Source spelling retained.		
N3:206	3	男の人	おとこのひと	man	1420020	words/男の人.md	3	1420020	1		Source spelling retained.		
N3:207	3	劣る	おとる	to fall behind,to be inferior to	1558400	words/劣る.md	3	1558400	1		Source spelling retained.		
N3:208	3	お腹	おなか	stomach	1002610	words/おなか.md	5	1002610	1		Reuse the existing same-entry/same-reading article with its stable spelling.		
N3:209	3	鬼	おに	ogre,demon,it (i.e., in a game of tag)	1224190	words/鬼.md	3	1224190	1,3,4		Source spelling retained.		
N3:210	3	帯	おび	band (e.g. conduction, valence)	1410410	words/帯.md	3	1410410	1,2,3		Source spelling retained.		帯/おび is assigned the technical gloss 'band (e.g. conduction, valence)', which belongs to the separately listed suffix 帯/たい. Historical source intent remains uncertain. For teaching, retain the dictionary-verified Japanese spelling/reading identity, with supported meanings rather than the conflicting English gloss. This is an explicit editorial choice, not recovery of the list compiler's intent. Contrasting readings or identities do not acquire an independent N3 assignment.
N3:211	3	お昼	おひる	lunch,noon	1660100	words/お昼.md	3	1660100	1,2,3		Source spelling retained.		
N3:212	3		オフィス	office	1034660	words/オフィス.md	3	1034660	1		Source spelling retained.		
N3:213	3	溺れる	おぼれる	to be drowned,to indulge in	1437560	words/溺れる.md	3	1437560	1,2		Source spelling retained.		The source 'to be drowned' can wrongly imply that 溺れる necessarily means dying.
N3:214	3		おまえ	(fam) you (sing),presence (of a high personage)	1002290	words/おまえ.md	3	1002290	1,2		Source spelling retained.		The combination '(fam) you' and 'presence (of a high personage)' may imply that おまえ is an honorific modern second-person pronoun.
N3:215	3	お目出度う	おめでとう	Congratulations!,an auspicious occasion!	1270700	words/おめでとう.md	3	1270700	1		Use the inspected おめでとう teaching spelling; retain original お目出度う in provenance.		お目出度う is a search-only source spelling, and 'an auspicious occasion' obscures the entry's congratulatory interjection.
N3:216	3	お目に掛かる	おめにかかる		1535140	words/お目に掛かる.md	3	1535140	1		Source spelling retained.		The source gloss for お目に掛かる is blank. The source gloss is blank. Selected dictionary-backed teaching senses are editorial anchors, not a recovered source-specific sense inventory.
N3:217	3	思い出	おもいで	memories,recollections,reminiscence	1589340	words/思い出.md	3	1589340	1		Source spelling retained.		
N3:218	3	主に	おもに	mainly,primarily	1324990	words/主に.md	3	1324990	1		Source spelling retained.		
N3:219	3	思わず	おもわず	unintentional,spontaneous	1309460	words/思わず.md	3	1309460	1		Source spelling retained.		
N3:220	3		おや	parents	1001560	words/親.md	4	1365040	1		Use the inspected 親 teaching spelling; retain original おや in provenance.	Use corrected lexical identity 1365040 and the target 親/おや for the source's explicit parents meaning. Preserve original ID 1001560, source kana and source row unchanged in provenance. The complete replacement entry was inspected, including its alternate spelling 祖, which must not inherit the parent sense.	おや 'parents' is incorrectly assigned to the interjection おや 'oh!; oh?; my!'.
N3:221	3	泳ぎ	およぎ	swimming	1613570	words/泳ぎ.md	3	1613570	1		Source spelling retained.		
N3:222	3		およそ	about,roughly,as a rule,approximately	1523450	words/およそ.md	3	1523450	1,2,3		Source spelling retained.		
N3:223	3	及ぼす	およぼす	to exert,to cause,to exercise	1228180	words/及ぼす.md	3	1228180	1		Source spelling retained.		
N3:224	3	居る	おる	to be (animate),to be,to exist	1577985	words/居る.md	3	1577985	1,2,3,4		Source spelling retained.		The source's bare 'to be (animate); to exist' omits the humble label on the independent 居る/おる sense.
N3:225	3	下す	おろす	to lower,to let go down	1589580	words/下ろす.md	3	1589580	1,2,3		Use the inspected 下ろす teaching spelling; retain original 下す in provenance.		The source 下す/おろす omits okurigana and is explicitly marked irregular.
N3:226	3	降ろす	おろす	to take down,to launch,to drop	1589580	words/降ろす.md	3	1589580	1,2		Source spelling retained.		
N3:227	3	終	おわり	the end	1589590	words/終わり.md	4	1589590	1		Use the inspected 終わり teaching spelling; retain original 終 in provenance.		The source 終/おわり uses a spelling marked irregular for omitted okurigana.
N3:228	3	音	おん	sound,note	2859161	words/音.md	4	2859161	1,2,3		Existing stable article spelling retained; assigned N3 reading and sense checked separately.		
N3:229	3	恩	おん	favour,obligation,debt of gratitude	1183090	words/恩.md	3	1183090	1,2		Source spelling retained.		
N3:230	3	温暖	おんだん	warmth	1183480	words/温暖.md	3	1183480	1		Source spelling retained.		
N3:231	3	温度	おんど	temperature	1183510	words/温度.md	3	1183510	1		Source spelling retained.		
N3:232	3	可	か	passable	1190710	words/可.md	3	1190710	1,3		Source spelling retained.		
N3:233	3	課	か	counter for chapters (of a book)	1195710	words/課.md	3	1195710	1,2,3		Source spelling retained.		
N3:234	3		カー	car	1036170	words/カー.md	3	1036170	1		Source spelling retained.		
N3:235	3		カード	card,curd	1036400	words/カード.md	3	1036400	1,2,3,4,7	2848325:1	Source spelling retained.		カード 'card, curd' combines two separate lexical identities.
N3:236	3	会	かい	meeting,assembly,party,association,club	1198170	words/会.md	3	1198170	1,2		Source spelling retained.		
N3:237	3	回	かい	counter for occurrences	1199330	words/回.md	3	1199330	1		Source spelling retained.		
N3:238	3	害	がい	injury,harm,evil influence,damage	1204330	words/害.md	3	1204330	1		Existing stable article spelling retained; assigned N3 reading and sense checked separately.		
N3:239	3	会員	かいいん	member,the membership	1198230	words/会員.md	3	1198230	1		Source spelling retained.		
N3:240	3	絵画	かいが	picture	1202300	words/絵画.md	3	1202300	1		Source spelling retained.		
N3:241	3	海外	かいがい	foreign,abroad,overseas	1201260	words/海外.md	3	1201260	1		Source spelling retained.		
N3:242	3	会計	かいけい	account,finance,accountant	1198430	words/会計.md	3	1198430	1,2,3,4		Source spelling retained.		
N3:243	3	解決	かいけつ	settlement,solution,resolution	1198960	words/解決.md	3	1198960	1		Source spelling retained.		
N3:244	3	会合	かいごう	meeting,assembly	1198530	words/会合.md	3	1198530	1		Source spelling retained.		
N3:245	3	外交	がいこう	diplomacy	1203540	words/外交.md	3	1203540	1		Source spelling retained.		
N3:246	3	開始	かいし	start,commencement,beginning	1202760	words/開始.md	3	1202760	1		Source spelling retained.		
N3:247	3	解釈	かいしゃく	explanation,interpretation	1199010	words/解釈.md	3	1199010	1		Source spelling retained.		
N3:248	3	外出	がいしゅつ	outing,going out	1203800	words/外出.md	3	1203800	1		Existing stable article spelling retained; assigned N3 reading and sense checked separately.		
N3:249	3	改善	かいぜん	betterment,improvement	1200960	words/改善.md	3	1200960	1,2		Source spelling retained.		
N3:250	3	快適	かいてき	pleasant,agreeable,comfortable	1200120	words/快適.md	3	1200120	1		Source spelling retained.		
N3:251	3	回復	かいふく	recovery (from illness),improvement,rehabilitation,restoration	1199720	words/回復.md	3	1199720	1,2		Source spelling retained.		
N3:252	3	飼う	かう	to keep,to raise,to feed	1312970	words/飼う.md	3	1312970	1		Source spelling retained.		
N3:253	3	替える	かえる	to exchange,to interchange,to substitute,to replace	1589780	words/替える.md	3	1589780	1,2,3		Source spelling retained.		The identical exchange/substitute/replace source glosses obscure spelling tendencies within the shared 替える/換える/代える entry.
N3:254	3	換える	かえる	to exchange,to interchange,to substitute,to replace	1589780	words/換える.md	3	1589780	1,2,3		Source spelling retained.		The identical exchange/substitute/replace source glosses obscure spelling tendencies within the shared 替える/換える/代える entry.
N3:255	3	香り	かおり	aroma,fragrance,scent,smell	1589820	words/香り.md	3	1589820	1		Source spelling retained.		
N3:256	3	画家	がか	painter,artist	1197120	words/画家.md	3	1197120	1		Source spelling retained.		
N3:257	3	抱える	かかえる	to hold or carry under or in the arms	1516310	words/抱える.md	3	1516310	1,2		Source spelling retained.		
N3:258	3	価格	かかく	price,value,cost	1189500	words/価格.md	3	1189500	1		Source spelling retained.		
N3:259	3	化学	かがく	chemistry	1186760	words/化学.md	3	1186760	1		Source spelling retained.		
N3:260	3	輝く	かがやく	to shine,to glitter,to sparkle	1224020	words/輝く.md	3	1224020	1,2		Source spelling retained.		
N3:261	3	係	かかり	official,duty,person in charge	1589840	words/係.md	3	1589840	1		Source spelling retained.		
N3:262	3	罹る	かかる	to suffer from	1609500	words/罹る.md	3	1609500	1		Source spelling retained.		The bare source gloss 'to suffer from' leaves the domain of 罹る/かかる unspecified.
N3:263	3	限る	かぎる	to restrict,to limit,to confine	1264640	words/限る.md	3	1264640	1,2		Existing stable article spelling retained; assigned N3 reading and sense checked separately.		
N3:264	3	描く	かく	to draw,to paint,to sketch,to depict,to describe	1583460	words/描く.md	3	1583460	1		Source spelling retained.		描く/かく imports 'to depict, to describe' from a sense explicitly restricted to えがく.
N3:265	3	家具	かぐ	furniture	1191870	words/家具.md	3	1191870	1		Source spelling retained.		
N3:266	3	学	がく	learning,scholarship,erudition,knowledge	1955900	words/学.md	3	1955900	1,2		Source spelling retained.		
N3:267	3	額	がく	forehead,brow	1207500	words/額.md	3	1207500	1,2		Source spelling retained.		額/がく is glossed 'forehead, brow', a different reading identity. Historical source intent remains uncertain. For teaching, retain the dictionary-verified Japanese spelling/reading identity, with supported meanings rather than the conflicting English gloss. This is an explicit editorial choice, not recovery of the list compiler's intent. Contrasting readings or identities do not acquire an independent N3 assignment.
N3:268	3	覚悟	かくご	resolution,resignation,readiness,preparedness	1206080	words/覚悟.md	3	1206080	1,2,3		Source spelling retained.		
N3:269	3	確実	かくじつ	certainty,reliability,soundness	1205830	words/確実.md	3	1205830	1		Source spelling retained.		
N3:270	3	学者	がくしゃ	scholar	1206800	words/学者.md	3	1206800	1,2		Source spelling retained.		
N3:271	3	学習	がくしゅう	study,learning	1206820	words/学習.md	3	1206820	1		Source spelling retained.		
N3:272	3	隠す	かくす	to hide,to conceal	1170650	words/隠す.md	3	1170650	1		Source spelling retained.		
N3:273	3	拡大	かくだい	magnification,enlargement	1205200	words/拡大.md	3	1205200	1,2,3		Source spelling retained.		
N3:274	3	確認	かくにん	affirmation,confirmation	1205900	words/確認.md	3	1205900	1		Source spelling retained.		
N3:275	3	学問	がくもん	scholarship,study,learning	1207130	words/学問.md	3	1207130	1,2		Source spelling retained.		
N3:276	3	隠れる	かくれる	to hide,to be hidden,to conceal oneself,to disappear	1170660	words/隠れる.md	3	1170660	1,2,4		Source spelling retained.		
N3:277	3	影	かげ	shade,shadow,other side	1590145	words/影.md	3	1590145	1,2		Source spelling retained.		The source gives 影 and 陰 the same shade/shadow/other-side gloss, hiding a consequential spelling distinction.
N3:278	3	陰	かげ	shade,shadow,other side	1590150	words/陰.md	3	1590150	1,2,3		Source spelling retained.		
N3:279	3	欠ける	かける	to be lacking	1253920	words/欠ける.md	3	1253920	1,2,3		Source spelling retained.		
N3:280	3	加減	かげん	addition and subtraction,allowance for	1190080	words/加減.md	3	1190080	1,2,3,4,5		Source spelling retained.		
N3:281	3	過去	かこ	the past,bygone days,the previous	1196030	words/過去.md	3	1196030	1		Source spelling retained.		
N3:282	3	籠	かご	basket,cage	1590200	words/籠.md	3	1590200	1		Source spelling retained.		
N3:283	3	囲む	かこむ	to surround,to encircle	1155980	words/囲む.md	3	1155980	1		Source spelling retained.		
N3:284	3	火災	かさい	conflagration,fire	1193880	words/火災.md	3	1193880	1		Source spelling retained.		
N3:285	3	貸し	かし	loan,lending	1411110	words/貸し.md	3	1411110	1,2		Source spelling retained.		
N3:286	3	菓子	かし	pastry	1195670	words/菓子.md	3	1195670	1		Source spelling retained.		The sole source gloss 'pastry' is too narrow for 菓子.
N3:287	3	家事	かじ	housework,domestic chores	1191980	words/家事.md	3	1191980	1,2		Source spelling retained.		
N3:288	3	賢い	かしこい	wise,clever,smart	1260260	words/賢い.md	3	1260260	1,2		Source spelling retained.		
N3:289	3	歌手	かしゅ	singer	1193290	words/歌手.md	3	1193290	1		Source spelling retained.		
N3:290	3	数	かず	number,figure	1580820	words/数.md	3	1580820	1		Existing stable article spelling retained; assigned N3 reading and sense checked separately.		
N3:291	3	稼ぐ	かせぐ	to earn income,to labor	1194450	words/稼ぐ.md	3	1194450	1,2,3		Source spelling retained.		
N3:292	3	数える	かぞえる	to count	1372900	words/数える.md	3	1372900	1		Source spelling retained.		
N3:293	3	型	かた	mold,model,style,shape,data-type	1250090	words/型.md	3	1250090	1,2,3,4		Source spelling retained.		
N3:294	3	肩	かた	shoulder	1258950	words/肩.md	3	1258950	1		Source spelling retained.		
N3:295	3	方々	かたがた	persons,this and that,here and there,everywhere	1584100	words/方々.md	3	1584100	1		Source spelling retained.		方々/かたがた combines 'persons' with 'this and that, here and there, everywhere', which belongs to a different reading.
N3:296	3	刀	かたな	sword,saber,knife,engraving tool	1446420	words/刀.md	3	1446420	1		Source spelling retained.		The 刀/かたな source gloss includes an engraving tool, although the relevant sense is restricted to とう.
N3:297	3	語る	かたる	to talk,to tell,to recite	1270990	words/語る.md	3	1270990	1,2,3		Source spelling retained.		
N3:298	3	勝ち	かち	win,victory	1609560	words/勝ち.md	3	1609560	1		Source spelling retained.		
N3:299	3	価値	かち	value,worth,merit	1189600	words/価値.md	3	1189600	1		Source spelling retained.		
N3:300	3		がっかり	feel disappointed,be dejected,lose heart	1003170	words/がっかり.md	3	1003170	1		Source spelling retained.		
N3:301	3	活気	かっき	energy,liveliness	1208270	words/活気.md	3	1208270	1		Source spelling retained.		
N3:302	3	学期	がっき	term (school)	1206650	words/学期.md	3	1206650	1		Source spelling retained.		
N3:303	3	活動	かつどう	action,activity	1208360	words/活動.md	3	1208360	1		Source spelling retained.		
N3:304	3	活用	かつよう	conjugation,practical use	1208460	words/活用.md	3	1208460	1,2		Source spelling retained.		
N3:305	3	悲しむ	かなしむ	to be sad,to mourn for,to regret	1483200	words/悲しむ.md	3	1483200	1		Source spelling retained.		
N3:306	3	必ずしも	かならずしも	(not) always,(not) necessarily,(not) all,(not) entirely	1487410	words/必ずしも.md	3	1487410	1		Source spelling retained.		
N3:307	3		かなり	considerably,fairly,quite	1590560	words/かなり.md	3	1590560	1		Source spelling retained.		
N3:308	3	金	かね	(1) gold,(2) gold general (shogi) (abbr)	1242590	words/金.md	3	1242590	1,2		Source spelling retained.		金/かね has the source gloss 'gold; gold general (shogi)', but those meanings are supplied under 金/きん rather than its assigned entry. Historical source intent remains uncertain. For teaching, retain the dictionary-verified Japanese spelling/reading identity, with supported meanings rather than the conflicting English gloss. This is an explicit editorial choice, not recovery of the list compiler's intent. Contrasting readings or identities do not acquire an independent N3 assignment.
N3:309	3	可能	かのう	possible,practicable,feasible	1191060	words/可能.md	3	1191060	1		Source spelling retained.		
N3:310	3	株	かぶ	share,stock,stump (of tree)	1208920	words/株.md	3	1208920	1,2,3		Source spelling retained.		
N3:311	3	被る	かぶる	to suffer	1484330	words/被る.md	3	1484330	1,3		Source spelling retained.		The sole gloss 'to suffer' does not settle whether the source intends 被る/かぶる's bear/blame/burden sense or 被る/こうむる. Historical source intent remains uncertain. For teaching, retain the dictionary-verified Japanese spelling/reading identity, with supported meanings rather than the conflicting English gloss. This is an explicit editorial choice, not recovery of the list compiler's intent. Contrasting readings or identities do not acquire an independent N3 assignment.
N3:312	3	構う	かまう	to mind,to care about,to be concerned about	1279680	words/かまう.md	4	1279680	1,2,3		Reuse the existing same-entry/same-reading article with its stable spelling.		
N3:313	3	我慢	がまん	patience,endurance,perseverance	1196970	words/我慢.md	3	1196970	1,2		Source spelling retained.		
N3:314	3	上	かみ	(1) first volume,(2) superior quality,(3) governmental	1352150	words/上.md	5	1352150	1,2,5,6		Existing stable article spelling retained; assigned N3 reading and sense checked separately.		上/かみ combines first-volume/superior-quality glosses associated with じょう and a government-related meaning supported under かみ. Historical source intent remains uncertain. For teaching, retain the dictionary-verified Japanese spelling/reading identity, with supported meanings rather than the conflicting English gloss. This is an explicit editorial choice, not recovery of the list compiler's intent. Contrasting readings or identities do not acquire an independent N3 assignment.
N3:315	3	神	かみ	god	1364440	words/神.md	3	1364440	1,2		Source spelling retained.		
N3:316	3	雷	かみなり	thunder	1585060	words/雷.md	3	1585060	1		Source spelling retained.		
N3:317	3	髪の毛	かみのけ	hair (head)	1477960	words/髪の毛.md	3	1477960	1		Source spelling retained.		
N3:318	3	科目	かもく	(school) subject,curriculum,course	1590600	words/科目.md	3	1590600	1,2		Source spelling retained.		
N3:319	3		かもしれない	may,might,perhaps,may be,possibly	1002970	words/かもしれない.md	3	1002970	1		Source spelling retained.		
N3:320	3	火曜	かよう	(abbr) Tuesday	1194280	words/火曜.md	3	1194280	1		Source spelling retained.		
N3:321	3	空	から	sky	1245280	words/空.md	5	1245280	1		Existing stable article spelling retained; assigned N3 reading and sense checked separately.		空/から is glossed 'sky', which belongs to the separately listed そら identity. Historical source intent remains uncertain. For teaching, retain the dictionary-verified Japanese spelling/reading identity, with supported meanings rather than the conflicting English gloss. This is an explicit editorial choice, not recovery of the list compiler's intent. Contrasting readings or identities do not acquire an independent N3 assignment.
N3:322	3	柄	がら	hilt (of a sword),haft (of a dagger),handgrip	1508300	words/柄.md	3	1508300	1,3		Source spelling retained.		柄/がら is given a hilt/haft/handgrip gloss belonging to 柄/つか. Historical source intent remains uncertain. For teaching, retain the dictionary-verified Japanese spelling/reading identity, with supported meanings rather than the conflicting English gloss. This is an explicit editorial choice, not recovery of the list compiler's intent. Contrasting readings or identities do not acquire an independent N3 assignment.
N3:323	3	刈る	かる	to cut (hair),to mow (grass),to harvest	1209540	words/刈る.md	3	1209540	1		Source spelling retained.		
N3:324	3	彼等	かれら	they (usually male)	1483090	words/彼ら.md	4	1483090	1		Reuse the existing same-entry/same-reading article with its stable spelling.		
N3:325	3	皮	かわ	skin,hide,leather,fur,pelt,bark,shell	1483800	words/皮.md	3	1483800	1,2,3		Source spelling retained.		The 皮/かわ source gloss includes leather, but the supplied snapshot separates 皮 from 革/かわ.
N3:326	3	革	かわ	leather	1483805	words/革.md	3	1483805	1		Source spelling retained.		
N3:327	3		かわいそう	poor,pitiable,pathetic	1590740	words/かわいそう.md	3	1590740	1		Source spelling retained.		
N3:328	3		かわいらしい	lovely,sweet	1190740	words/かわいらしい.md	3	1190740	1		Source spelling retained.		
N3:329	3	缶	かん	can,tin	1214540	words/缶.md	3	1214540	1,2		Source spelling retained.		
N3:330	3	勘	かん	perception,intuition,the sixth sense	1210590	words/勘.md	3	1210590	1		Source spelling retained.		
N3:331	3	考え	かんがえ	thinking,thought,ideas,intention	1281000	words/考え.md	3	1281000	1,2,3		Source spelling retained.		
N3:332	3	感覚	かんかく	sense,sensation	1212330	words/感覚.md	3	1212330	1		Source spelling retained.		
N3:333	3	観客	かんきゃく	audience,spectator(s)	1214810	words/観客.md	3	1214810	1		Source spelling retained.		
N3:334	3	環境	かんきょう	environment,circumstance	1213280	words/環境.md	3	1213280	1		Source spelling retained.		
N3:335	3	歓迎	かんげい	welcome,reception	1212960	words/歓迎.md	3	1212960	1		Source spelling retained.		
N3:336	3	観光	かんこう	sightseeing	1214840	words/観光.md	3	1214840	1		Source spelling retained.		
N3:337	3	観察	かんさつ	observation,survey	1214900	words/観察.md	3	1214900	1		Existing stable article spelling retained; assigned N3 reading and sense checked separately.		
N3:338	3	感じ	かんじ	feeling,sense,impression	1212250	words/感じ.md	3	1212250	1		Source spelling retained.		
N3:339	3	感謝	かんしゃ	thanks,gratitude	1212380	words/感謝.md	3	1212380	1		Source spelling retained.		
N3:340	3	患者	かんじゃ	a patient	1212210	words/患者.md	3	1212210	1		Source spelling retained.		
N3:341	3	勘定	かんじょう	calculation,counting,consideration	1210750	words/勘定.md	3	1210750	1,2,3		Source spelling retained.		
N3:342	3	感情	かんじょう	emotion(s),feeling(s),sentiment	1212410	words/感情.md	3	1212410	1		Existing stable article spelling retained; assigned N3 reading and sense checked separately.		
N3:343	3	感じる	かんじる	to feel,to sense,to experience	1212260	words/感じる.md	3	1212260	1		Source spelling retained.		
N3:344	3	感心	かんしん	admiration,Well done!	1212450	words/感心.md	3	1212450	1,2		Source spelling retained.		
N3:345	3	関心	かんしん	concern,interest	1215870	words/関心.md	3	1215870	1		Source spelling retained.		
N3:346	3	関する	かんする	to concern,to be related	1215790	words/関する.md	3	1215790	1		Source spelling retained.		
N3:347	3	完成	かんせい	(1) complete,completion,(2) perfection,accomplishment	1211490	words/完成.md	3	1211490	1		Existing stable article spelling retained; assigned N3 reading and sense checked separately.		
N3:348	3	完全	かんぜん	perfection,completeness	1211510	words/完全.md	3	1211510	1		Source spelling retained.		
N3:349	3	感動	かんどう	being deeply moved,excitement,impression,deep emotion	1212570	words/感動.md	3	1212570	1		Source spelling retained.		
N3:350	3	監督	かんとく	supervision,control,superintendence	1213720	words/監督.md	3	1213720	1,2		Source spelling retained.		
N3:351	3	管理	かんり	control,management (e.g. of a business)	1214200	words/管理.md	3	1214200	1		Source spelling retained.		
N3:352	3	完了	かんりょう	completion,conclusion	1211630	words/完了.md	3	1211630	1		Source spelling retained.		
N3:353	3	関連	かんれん	relation,connection,relevance	1216060	words/関連.md	3	1216060	1		Source spelling retained.		
N3:354	3	議員	ぎいん	member of the Diet, congress or parliament	1226020	words/議員.md	3	1226020	1		Source spelling retained.		
N3:355	3	記憶	きおく	memory,recollection,remembrance	1223150	words/記憶.md	3	1223150	1,2		Source spelling retained.		
N3:356	3	気温	きおん	temperature	1221950	words/気温.md	3	1221950	1		Source spelling retained.		The sole gloss 'temperature' omits the air-temperature limitation of 気温.
N3:357	3	機械	きかい	machine,mechanism	1220810	words/機械.md	3	1220810	1,2		Source spelling retained.		
N3:358	3	議会	ぎかい	Diet,congress,parliament	1226040	words/議会.md	3	1226040	1		Source spelling retained.		
N3:359	3	期間	きかん	period,term	1220550	words/期間.md	3	1220550	1		Existing stable article spelling retained; assigned N3 reading and sense checked separately.		
N3:360	3	機関	きかん	organ,mechanism,facility,engine	1220870	words/機関.md	3	1220870	1,2,3		Source spelling retained.		The bare English 'organ' in 機関 can be misread as an anatomical organ.
N3:361	3	企業	きぎょう	enterprise,undertaking	1218190	words/企業.md	3	1218190	1		Source spelling retained.		
N3:362	3	効く	きく	to be effective	1591100	words/効く.md	3	1591100	1,2		Source spelling retained.		
N3:363	3	機嫌	きげん	humour,temper,mood	1220930	words/機嫌.md	3	1220930	1,3		Source spelling retained.		
N3:364	3	気候	きこう	climate	1222170	words/気候.md	3	1222170	1		Source spelling retained.		
N3:365	3	岸	きし	bank,coast,shore	1217040	words/岸.md	3	1217040	1		Source spelling retained.		
N3:366	3	生地	きじ	birthplace	1379330	words/生地.md	3	1379330	1,2		Source spelling retained.		生地/きじ is glossed 'birthplace', which belongs to 生地/しょうち. Historical source intent remains uncertain. For teaching, retain the dictionary-verified Japanese spelling/reading identity, with supported meanings rather than the conflicting English gloss. This is an explicit editorial choice, not recovery of the list compiler's intent. Contrasting readings or identities do not acquire an independent N3 assignment.
N3:367	3	記事	きじ	article,news story,report,account	1223240	words/記事.md	3	1223240	1		Source spelling retained.		
N3:368	3	技師	ぎし	engineer,technician	1225110	words/技師.md	3	1225110	1		Source spelling retained.		
N3:369	3	記者	きしゃ	reporter	1223250	words/記者.md	3	1223250	1		Source spelling retained.		
N3:370	3	傷	きず	wound,injury,hurt,cut	1580260	words/傷.md	3	1580260	1,2,5		Source spelling retained.		
N3:371	3	期待	きたい	expectation,anticipation,hope	1220570	words/期待.md	3	1220570	1,2		Source spelling retained.		
N3:372	3	帰宅	きたく	returning home	1221430	words/帰宅.md	3	1221430	1		Source spelling retained.		
N3:373	3	貴重	きちょう	precious,valuable	1223520	words/貴重.md	3	1223520	1		Source spelling retained.		
N3:374	3	議長	ぎちょう	chairman	1226140	words/議長.md	3	1226140	1		Source spelling retained.		Using only 'chairman' for 議長 can imply a male-only role that the inspected Japanese entry does not impose.
N3:375	3		きちんと	precisely,accurately	1003400	words/きちんと.md	3	1003400	1,2		Source spelling retained.		
N3:376	3		きつい	tight,close,intense	1003450	words/きつい.md	3	1003450	1,3,4		Source spelling retained.		
N3:377	3	気付く	きづく	to notice,to recognize,to become aware of	1591330	words/気付く.md	3	1591330	1		Source spelling retained.		
N3:378	3	気に入る	きにいる	to be pleased with,to suit	1221740	words/気に入る.md	3	1221740	1		Source spelling retained.		
N3:379	3	記入	きにゅう	entry,filling in of forms	1223330	words/記入.md	3	1223330	1		Source spelling retained.		
N3:380	3	記念	きねん	commemoration,memory	1223340	words/記念.md	3	1223340	1,2		Source spelling retained.		
N3:381	3	機能	きのう	function,faculty	1221130	words/機能.md	3	1221130	1		Source spelling retained.		
N3:382	3	気の毒	きのどく	pitiful,a pity	1221770	words/気の毒.md	3	1221770	1		Source spelling retained.		
N3:383	3	寄付	きふ	contribution,donation	1591400	words/寄付.md	3	1591400	1		Source spelling retained.		
N3:384	3	希望	きぼう	hope,wish,aspiration	1219910	words/希望.md	3	1219910	1		Source spelling retained.		
N3:385	3	基本	きほん	foundation,basis,standard	1219190	words/基本.md	3	1219190	1,2		Source spelling retained.		
N3:386	3	決まり	きまり	settlement,conclusion,regulation,rule	1609660	words/決まり.md	3	1609660	1,2,3		Source spelling retained.		
N3:387	3	気味	きみ	-like,-looking,-looked	1222640	words/気味.md	3	1222640	1		Source spelling retained.		気味/きみ is given the suffix-style gloss '-like, -looking, -looked', which is separately listed under 気味/ぎみ. Historical source intent remains uncertain. For teaching, retain the dictionary-verified Japanese spelling/reading identity, with supported meanings rather than the conflicting English gloss. This is an explicit editorial choice, not recovery of the list compiler's intent. Contrasting readings or identities do not acquire an independent N3 assignment.
N3:388	3	奇妙	きみょう	strange,queer,curious	1219490	words/奇妙.md	3	1219490	1		Source spelling retained.		
N3:389	3	義務	ぎむ	duty,obligation,responsibility	1225900	words/義務.md	3	1225900	1		Source spelling retained.		
N3:390	3	疑問	ぎもん	question,problem,doubt,guess	1225630	words/疑問.md	3	1225630	1		Source spelling retained.		The source adds 'guess' to 疑問, although the supplied entry concerns doubt/question/suspicion.
N3:391	3	逆	ぎゃく	reverse,opposite	1226960	words/逆.md	3	1226960	1		Source spelling retained.		
N3:392	3		キャプテン	captain	1041850	words/キャプテン.md	3	1041850	1		Source spelling retained.		
N3:393	3		キャンプ	camp	1042200	words/キャンプ.md	3	1042200	1		Source spelling retained.		
N3:394	3	旧	きゅう	ex-	1230380	words/旧.md	3	1230380	1		Source spelling retained.		
N3:395	3	級	きゅう	class, grade, rank,school class, grade	1919590	words/級.md	3	1919590	1,2,3		Source spelling retained.		
N3:396	3	球	きゅう	globe,sphere,ball	1229880	words/球.md	3	1229880	1,2,3		Source spelling retained.		
N3:397	3	休暇	きゅうか	holiday,day off,furlough	1227610	words/休暇.md	3	1227610	1		Source spelling retained.		
N3:398	3	休憩	きゅうけい	rest,break,recess,intermission	1227720	words/休憩.md	3	1227720	1		Source spelling retained.		
N3:399	3	急激	きゅうげき	sudden,precipitous,radical	1228680	words/急激.md	3	1228680	1		Source spelling retained.		
N3:400	3	吸収	きゅうしゅう	absorption,suction,attraction	1228330	words/吸収.md	3	1228330	1		Source spelling retained.		
N3:401	3	救助	きゅうじょ	relief,aid,rescue	1229200	words/救助.md	3	1229200	1		Source spelling retained.		
N3:402	3	急速	きゅうそく	rapid (e.g. progress)	1228890	words/急速.md	3	1228890	1		Source spelling retained.		
N3:403	3	急に	きゅうに		2269050	words/急に.md	3	2269050	1,2,3		Source spelling retained.		The 急に source row has a blank English gloss. The source gloss is blank. Selected dictionary-backed teaching senses are editorial anchors, not a recovered source-specific sense inventory.
N3:404	3	給料	きゅうりょう	salary,wages	1230360	words/給料.md	3	1230360	1		Existing stable article spelling retained; assigned N3 reading and sense checked separately.		
N3:405	3	器用	きよう	skillful,handy	1218960	words/器用.md	3	1218960	1		Source spelling retained.		
N3:406	3	教科書	きょうかしょ	text book	1237020	words/教科書.md	3	1237020	1		Source spelling retained.		
N3:407	3	競技	きょうぎ	game,match,contest	1234080	words/競技.md	3	1234080	1		Source spelling retained.		
N3:408	3	行儀	ぎょうぎ	manners	1281890	words/行儀.md	3	1281890	1		Source spelling retained.		
N3:409	3	供給	きょうきゅう	supply,provision	1233630	words/供給.md	3	1233630	1,2		Source spelling retained.		
N3:410	3	教師	きょうし	teacher (classroom)	1237130	words/教師.md	3	1237130	1		Existing stable article spelling retained; assigned N3 reading and sense checked separately.		
N3:411	3	教授	きょうじゅ	teaching,instruction,professor	1237160	words/教授.md	3	1237160	1,2		Source spelling retained.		
N3:412	3	強調	きょうちょう	emphasis,stress,stressed point	1236470	words/強調.md	3	1236470	1		Source spelling retained.		
N3:413	3	共通	きょうつう	commonness,community	1234700	words/共通.md	3	1234700	1,2		Source spelling retained.		The source's 'community' can misrepresent 共通 as a community or group of people.
N3:414	3	共同	きょうどう	cooperation,association,collaboration,joint	1591660	words/共同.md	3	1591660	1,2		Existing stable article spelling retained; assigned N3 reading and sense checked separately.		
N3:415	3	恐怖	きょうふ	be afraid,dread,dismay,terror	1236750	words/恐怖.md	3	1236750	1		Source spelling retained.		
N3:416	3	協力	きょうりょく	cooperation,collaboration	1591720	words/協力.md	3	1591720	1		Source spelling retained.		
N3:417	3	強力	きょうりょく	herculean strength,mountain carrier-guide	1236600	words/強力.md	3	1236600	1		Source spelling retained.		強力/きょうりょく is assigned 'herculean strength, mountain carrier-guide', the meanings of a separate ごうりき entry. Historical source intent remains uncertain. For teaching, retain the dictionary-verified Japanese spelling/reading identity, with supported meanings rather than the conflicting English gloss. This is an explicit editorial choice, not recovery of the list compiler's intent. Contrasting readings or identities do not acquire an independent N3 assignment.
N3:418	3	許可	きょか	permission,approval	1232880	words/許可.md	3	1232880	1		Source spelling retained.		
N3:419	3	局	きょく	court lady,lady in waiting	1239560	words/局.md	3	1239560	1,2		Source spelling retained.		局/きょく has a court-lady/lady-in-waiting gloss from the historical つぼね identity. Historical source intent remains uncertain. For teaching, retain the dictionary-verified Japanese spelling/reading identity, with supported meanings rather than the conflicting English gloss. This is an explicit editorial choice, not recovery of the list compiler's intent. Contrasting readings or identities do not acquire an independent N3 assignment.
N3:420	3	巨大	きょだい	huge,gigantic,enormous	1232180	words/巨大.md	3	1232180	1		Source spelling retained.		
N3:421	3	嫌う	きらう	to hate,to dislike,to loathe	1257250	words/嫌う.md	3	1257250	1,2		Source spelling retained.		
N3:422	3	霧	きり	fog,mist	1531110	words/霧.md	3	1531110	1		Source spelling retained.		
N3:423	3	切れ	きれ	cloth,piece,cut,chop	1384840	words/切れ.md	3	1384840	1,2,3,5		Source spelling retained.		
N3:424	3	切れる	きれる	(1) to cut well,to be sharp,(2) to break (off)	1384860	words/切れる.md	3	1384860	1,5,6,9		Source spelling retained.		
N3:425	3	記録	きろく	record,minutes,document	1223440	words/記録.md	3	1223440	1,2		Source spelling retained.		
N3:426	3	議論	ぎろん	argument,discussion,dispute	1226160	words/議論.md	3	1226160	1		Existing stable article spelling retained; assigned N3 reading and sense checked separately.		
N3:427	3	金	きん	(1) gold,(2) gold general (shogi) (abbr)	1242600	words/金.md	3	1242600	1,11		Source spelling retained.		
N3:428	3	銀	ぎん	(1) silver,silver coin,silver paint	1595090	words/銀.md	3	1595090	1,2,3,4		Source spelling retained.		
N3:429	3	禁煙	きんえん	No Smoking!	1241490	words/禁煙.md	3	1241490	1,2,3		Source spelling retained.		
N3:430	3	金額	きんがく	amount of money	1242700	words/金額.md	3	1242700	1		Source spelling retained.		
N3:431	3	金庫	きんこ	safe,vault,treasury,provider of funds	1242850	words/金庫.md	3	1242850	1,2		Source spelling retained.		
N3:432	3	禁止	きんし	prohibition,ban	1241550	words/禁止.md	3	1241550	1		Source spelling retained.		
N3:433	3	金銭	きんせん	money,cash	1243020	words/金銭.md	3	1243020	1		Source spelling retained.		
N3:434	3	金属	きんぞく	metal	1243040	words/金属.md	3	1243040	1		Source spelling retained.		
N3:435	3	近代	きんだい	present day	1242420	words/近代.md	3	1242420	1,2		Source spelling retained.		
N3:436	3	緊張	きんちょう	tension,mental strain,nervousness	1241880	words/緊張.md	3	1241880	1,2		Source spelling retained.		
N3:437	3	筋肉	きんにく	muscle,sinew	1241810	words/筋肉.md	3	1241810	1		Source spelling retained.		Do not teach 'sinew' as an unqualified anatomical equivalent of 筋肉. Its inspected entry specifies muscle; 筋 has the broader muscle/tendon/sinew gloss.
N3:438	3	金融	きんゆう	monetary circulation,credit situation	1243290	words/金融.md	3	1243290	1,2		Source spelling retained.		
N3:439	3	金曜	きんよう	(abbr) Friday	1243310	words/金曜.md	3	1243310	1		Source spelling retained.		
N3:440	3	句	く	sentence	1243940	words/句.md	3	1243940	1,2,3,4		Source spelling retained.		The sole source gloss 'sentence' omits the important contextual distinction between a section/passage and the linguistic sense 'phrase'.
N3:441	3	食う	くう	(male) (vulg) to eat	1592100	words/食う.md	3	1592100	1,7		Source spelling retained.		The source attaches '(male) (vulg)' to eating. In the snapshot, the eating sense has misc=male, while misc=vulg occurs on a distinct sexual sense.
N3:442	3	偶然	ぐうぜん	(by) chance,unexpectedly,suddenly	1246270	words/偶然.md	3	1246270	1,2		Existing stable article spelling retained; assigned N3 reading and sense checked separately.		
N3:443	3	臭い	くさい	odour,scent,smell,stench	1333150	words/臭い.md	3	1333150	1		Source spelling retained.		臭い/くさい is an i-adjective, not the noun 'odour, scent, smell, stench' supplied by the CSV. The noun has reading におい and a different entry.
N3:444	3	鎖	くさり	chain	1291730	words/鎖.md	3	1291730	1		Source spelling retained.		
N3:445	3	腐る	くさる	to rot,to go bad	1497800	words/腐る.md	3	1497800	1		Source spelling retained.		
N3:446	3	癖	くせ	a habit (often a bad habit),peculiarity	1509350	words/癖.md	3	1509350	1,2		Source spelling retained.		
N3:447	3	管	くだ	pipe,tube	1577650	words/管.md	3	2868440	1		Source spelling retained.	Use corrected lexical identity 2868440, sense 1, while preserving original sourceEntry=1577650 and the source reading くだ. Do not change the reading to かん or invent a pronunciation. The full replacement entry was inspected.	Supplied entry 1577650 recognizes 管/かん only. It does not recognize the row's reading くだ. Entry 2868440 explicitly recognizes 管/くだ and the pipe/tube sense.
N3:448	3	具体	ぐたい	concrete,tangible,material	1245020	words/具体.md	3	1245020	1		Source spelling retained.		The source's adjective string 'concrete, tangible, material' hides that the inspected 具体 entry is a noun meaning concreteness or embodiment.
N3:449	3	下さる	くださる	(hon) to give,to confer	1184280	words/くださる.md	4	1184280	1,2		Reuse the existing same-entry/same-reading article with its stable spelling.		
N3:450	3	下り	くだり	down-train (going away from Tokyo)	1184370	words/下り.md	3	1184370	1,2,3		Source spelling retained.		The source makes 'going away from Tokyo' sound like the definition of every 下り train. The entry defines a down-train by the ending point of its route and says 'especially away from Tokyo' for downbound.
N3:451	3	苦痛	くつう	pain,agony	1244560	words/苦痛.md	3	1244560	1		Source spelling retained.		
N3:452	3		ぐっすり	sound asleep,fast asleep	1004060	words/ぐっすり.md	3	1004060	1		Source spelling retained.		
N3:453	3	区別	くべつ	distinction,differentiation,classification	1244250	words/区別.md	3	1244250	1		Source spelling retained.		
N3:454	3	組	くみ	class,group,team,set	1397450	words/組.md	3	1397450	1,2,5		Existing stable article spelling retained; assigned N3 reading and sense checked separately.		
N3:455	3	組合	くみあい	association,union	1397620	words/組合.md	3	1397620	1,2		Source spelling retained.		
N3:456	3	組む	くむ	to put together	1397590	words/組む.md	3	1397590	1,2,5		Source spelling retained.		
N3:457	3	曇	くもり	cloudiness,cloudy weather,shadow	1592340	words/曇り.md	5	1592340	1,2		Reuse the existing same-entry/same-reading article with its stable spelling.		
N3:458	3	位	くらい	grade,rank,about	1155400	words/位.md	3	1155400	3,4,5	1154340:1	Source spelling retained.		'Grade, rank' belongs to the supplied noun identity 位/くらい. Approximate 'about' belongs to suffix/particle entry 1154340, not another sense of 1155400.
N3:459	3	暮らし	くらし	living,livelihood,subsistence,circumstances	1514930	words/暮らし.md	3	1514930	1		Source spelling retained.		
N3:460	3		クラシック	classic(s)	1044020	words/クラシック.md	3	1044020	1,2,3		Source spelling retained.		
N3:461	3	暮らす	くらす	to live,to get along	1514940	words/暮らす.md	3	1514940	1		Existing stable article spelling retained; assigned N3 reading and sense checked separately.		
N3:462	3		グラス	(1) glass,(2) grass	1046430	words/グラス.md	3	1046430	1,2	2847461:1	Source spelling retained.		グラス 'glass' and グラス 'grass' are different dictionary identities, not two senses of the supplied entry.
N3:463	3		グランド	gland,grand,(electrical) ground	1046840	words/グランド.md	3	1046840	1		Source spelling retained.		The source combines 'gland, grand, (electrical) ground', but supplied entry 1046840 supports only grand/large. The other exact-reading entry, 1046340, supports a sports ground, not the source's electrical qualification. Historical source intent remains uncertain. For teaching, retain the dictionary-verified Japanese spelling/reading identity, with supported meanings rather than the conflicting English gloss. This is an explicit editorial choice, not recovery of the list compiler's intent. Contrasting readings or identities do not acquire an independent N3 assignment.
N3:464	3		クリーム	cream	1044480	words/クリーム.md	3	1044480	1,2		Source spelling retained.		
N3:465	3	繰り返す	くりかえす	to repeat,to do something over again	1247030	words/繰り返す.md	3	1247030	1		Source spelling retained.		
N3:466	3		クリスマス	Christmas	1044830	words/クリスマス.md	3	1044830	1		Source spelling retained.		
N3:467	3	狂う	くるう	to go mad,to get out of order	1237510	words/狂う.md	3	1237510	1,2,3		Source spelling retained.		
N3:468	3		グループ	group	1047300	words/グループ.md	3	1047300	1		Source spelling retained.		
N3:469	3	苦しい	くるしい	painful,difficult	1244320	words/苦しい.md	3	1244320	1,2,3		Source spelling retained.		
N3:470	3	苦しむ	くるしむ	to suffer,to groan,to be worried	1244350	words/苦しむ.md	3	1244350	1		Source spelling retained.		
N3:471	3	暮れ	くれ	year end,sunset,nightfall,end	1514950	words/暮れ.md	3	1514950	1,2,3		Source spelling retained.		
N3:472	3	苦労	くろう	troubles,hardships	1244680	words/苦労.md	3	1244680	1		Source spelling retained.		
N3:473	3	加える	くわえる	to append,to sum up,to add (up)	1189960	words/加える.md	3	1189960	1,3		Source spelling retained.		
N3:474	3	詳しい	くわしい	knowing very well,detailed,full,accurate	1351730	words/詳しい.md	3	1351730	1,2		Source spelling retained.		The source includes 'accurate', whereas the inspected senses are detailed/full and knowledgeable/well-acquainted. Detail does not itself assert accuracy.
N3:475	3	加わる	くわわる	to join in,to accede to,to increase,to gain in (influence)	1189980	words/加わる.md	3	1189980	1,2,3,4		Source spelling retained.		
N3:476	3	訓	くん	native Japanese reading of a Chinese character	1956150	words/訓.md	3	1956150	1		Source spelling retained.		
N3:477	3	軍	ぐん	army,force,troops	1247660	words/軍.md	3	1247660	1,2,3		Source spelling retained.		
N3:478	3	軍隊	ぐんたい	army,troops	1248710	words/軍隊.md	3	1248710	1		Source spelling retained.		
N3:479	3	訓練	くんれん	practice,training	1247470	words/訓練.md	3	1247470	1		Source spelling retained.		
N3:480	3	下	げ	under,below,beneath	2080200	words/下.md	5	2080200	1,2		Existing stable article spelling retained; assigned N3 reading and sense checked separately.		The row's 下/げ identity is lowness/inferiority or the second/third volume, not unrestricted spatial 'under, below, beneath'. Those supplied glosses match 下/した.
N3:481	3	計	けい	plan	1252050	words/計.md	3	1252050	1,2,3		Source spelling retained.		
N3:482	3	敬意	けいい	respect,honour	1250720	words/敬意.md	3	1250720	1		Source spelling retained.		
N3:483	3	経営	けいえい	management,administration	1251130	words/経営.md	3	1251130	1		Source spelling retained.		
N3:484	3	景気	けいき	condition,state,business (condition)	1250830	words/景気.md	3	1250830	1		Source spelling retained.		Unqualified 'condition, state' risks teaching 景気 as a general-purpose equivalent of any condition. The inspected senses are business/economic conditions, prosperity, and liveliness/spirit.
N3:485	3	傾向	けいこう	tendency,trend,inclination	1249470	words/傾向.md	3	1249470	1		Source spelling retained.		
N3:486	3	警告	けいこく	warning,advice	1252360	words/警告.md	3	1252360	1		Source spelling retained.		The source's bare 'advice' is broader and more neutral than warning/caution/admonition.
N3:487	3	計算	けいさん	calculation,reckoning	1252140	words/計算.md	3	1252140	1,2		Source spelling retained.		
N3:488	3	掲示	けいじ	notice,bulletin	1250620	words/掲示.md	3	1250620	1		Source spelling retained.		
N3:489	3	刑事	けいじ	criminal case,(police) detective	1249660	words/刑事.md	3	1249660	1,2		Source spelling retained.		
N3:490	3	芸術	げいじゅつ	(fine) art,the arts	1253060	words/芸術.md	3	1253060	1		Source spelling retained.		
N3:491	3	契約	けいやく	contract,compact,agreement	1250190	words/契約.md	3	1250190	1		Source spelling retained.		
N3:492	3	経由	けいゆ	go by the way,via	1251670	words/経由.md	3	1251670	1		Source spelling retained.		
N3:493	3		ケース	case	1047880	words/ケース.md	3	1047880	1,2		Source spelling retained.		
N3:494	3		ゲーム	game	1048400	words/ゲーム.md	3	1048400	1		Source spelling retained.		
N3:495	3	劇	げき	drama,play	1253310	words/劇.md	3	1253310	1		Source spelling retained.		
N3:496	3	劇場	げきじょう	theatre,playhouse	1253410	words/劇場.md	3	1253410	1		Source spelling retained.		
N3:497	3	化粧	けしょう	make-up (cosmetic)	1577040	words/化粧.md	3	1577040	1,2		Source spelling retained.		
N3:498	3		けち	stinginess,miser,miserliness	2234080	words/けち.md	3	2234080	1		Source spelling retained.		
N3:499	3	結果	けっか	result,consequence	1254690	words/結果.md	3	1254690	1,3		Source spelling retained.		
N3:500	3	欠陥	けっかん	defect,fault,deficiency	1253950	words/欠陥.md	3	1253950	1		Source spelling retained.		
N3:501	3	結局	けっきょく	after all,eventually	1254730	words/結局.md	3	1254730	1		Source spelling retained.		
N3:502	3	決心	けっしん	determination,resolution	1254340	words/決心.md	3	1254340	1		Source spelling retained.		
N3:503	3	欠席	けっせき	absence,non-attendance	1254020	words/欠席.md	3	1254020	1		Existing stable article spelling retained; assigned N3 reading and sense checked separately.		
N3:504	3	決定	けってい	decision,determination	1254380	words/決定.md	3	1254380	1		Source spelling retained.		
N3:505	3	欠点	けってん	faults,defect,weakness	1254050	words/欠点.md	3	1254050	1		Source spelling retained.		
N3:506	3	月曜	げつよう	Monday	1255880	words/月曜.md	3	1255880	1		Source spelling retained.		
N3:507	3	結論	けつろん	conclusion	1255020	words/結論.md	3	1255020	1		Source spelling retained.		
N3:508	3	煙	けむり	smoke,fumes	1177180	words/煙.md	3	1177180	1		Existing stable article spelling retained; assigned N3 reading and sense checked separately.		
N3:509	3	券	けん	ticket,coupon,bond,certificate	1256730	words/券.md	3	1256730	1		Source spelling retained.		
N3:510	3	県	けん	prefecture	1258810	words/県.md	3	1258810	1		Source spelling retained.		
N3:511	3	軒	けん	eaves	2078590	words/軒.md	3	2078590	1		Source spelling retained.		軒/けん is the building counter; 'eaves' belongs to 軒/のき, entry 1260330.
N3:512	3	見解	けんかい	opinion,point of view	1259390	words/見解.md	3	1259390	1		Source spelling retained.		
N3:513	3	限界	げんかい	limit,bound	1264650	words/限界.md	3	1264650	1		Source spelling retained.		
N3:514	3	現金	げんきん	cash,ready money,mercenary,self-interested	1263550	words/現金.md	3	1263550	1,2		Source spelling retained.		
N3:515	3	言語	げんご	language	1264420	words/言語.md	3	1264420	1		Source spelling retained.		
N3:516	3	健康	けんこう	health,sound,wholesome	1256170	words/健康.md	3	1256170	1,2		Source spelling retained.		
N3:517	3	検査	けんさ	inspection (e.g. customs, factory),examination	1257890	words/検査.md	3	1257890	1		Source spelling retained.		
N3:518	3	現在	げんざい	present,up to now,nowadays,modern times,current	1263650	words/現在.md	3	1263650	1,2		Source spelling retained.		The source's 'up to now' can suggest a duration extending to the present. The entry instead identifies the present/now and a date/time suffix meaning 'as of'.
N3:519	3	現実	げんじつ	reality	1263710	words/現実.md	3	1263710	1		Existing stable article spelling retained; assigned N3 reading and sense checked separately.		
N3:520	3	現象	げんしょう	phenomenon	1263750	words/現象.md	3	1263750	1		Source spelling retained.		
N3:521	3	現状	げんじょう	present condition,existing state,status quo	1263770	words/現状.md	3	1263770	1		Source spelling retained.		
N3:522	3	建設	けんせつ	construction,establishment	1257420	words/建設.md	3	1257420	1		Source spelling retained.		
N3:523	3	現代	げんだい	nowadays,modern times,present-day	1263810	words/現代.md	3	1263810	1,2		Source spelling retained.		
N3:524	3	建築	けんちく	construction,architecture	1257500	words/建築.md	3	1257500	1		Source spelling retained.		
N3:525	3	見当	けんとう	be found,aim,estimate,guess,approx	1259930	words/見当.md	3	1259930	1,4		Source spelling retained.		The source includes the verb phrase 'be found', but the supplied 見当 entry has noun estimate/guess/aim, direction and registration-mark senses plus an approximate suffix.
N3:526	3	検討	けんとう	consideration,examination,investigation,study,scrutiny	1258000	words/検討.md	3	1258000	1		Source spelling retained.		
N3:527	3	現場	げんば	actual spot,scene,scene of the crime	1263760	words/現場.md	3	1263760	1,2		Source spelling retained.		
N3:528	3	憲法	けんぽう	constitution	1257590	words/憲法.md	3	1257590	1		Source spelling retained.		
N3:529	3	権利	けんり	right,privilege	1258200	words/権利.md	3	1258200	1		Existing stable article spelling retained; assigned N3 reading and sense checked separately.		
N3:530	3	後	ご	afterwards,since then,in the future	2147630	words/後.md	5	2147630	1		Existing stable article spelling retained; assigned N3 reading and sense checked separately.		
N3:531	3	語	ご	language,word	1270910	words/語.md	3	1270910	1,2		Source spelling retained.		
N3:532	3	恋	こい	love,tender passion	1558670	words/恋.md	3	1558670	1		Source spelling retained.		
N3:533	3	濃い	こい	thick (as of color, liquid),dense,strong	1469890	words/濃い.md	3	1469890	1,2,3		Source spelling retained.		
N3:534	3	恋人	こいびと	lover,sweetheart	1558920	words/恋人.md	3	1558920	1		Source spelling retained.		
N3:535	3	幸運	こううん	good luck,fortune	1592930	words/幸運.md	3	1592930	1		Source spelling retained.		
N3:536	3	講演	こうえん	lecture,address	1282240	words/講演.md	3	1282240	1		Source spelling retained.		
N3:537	3	効果	こうか	effect,effectiveness,efficacy,result	1275130	words/効果.md	3	1275130	1,2		Source spelling retained.		
N3:538	3	硬貨	こうか	coin	1280530	words/硬貨.md	3	1280530	1		Source spelling retained.		
N3:539	3	高価	こうか	high price	1283300	words/高価.md	3	1283300	1		Source spelling retained.		
N3:540	3	豪華	ごうか	wonderful,gorgeous,splendor,pomp,extravagance	1285520	words/豪華.md	3	1285520	1		Source spelling retained.		
N3:541	3	合格	ごうかく	success,passing (e.g. exam),eligibility	1284600	words/合格.md	3	1284600	1,2		Source spelling retained.		
N3:542	3	交換	こうかん	exchange,interchange,reciprocity	1271750	words/交換.md	3	1271750	1		Source spelling retained.		
N3:543	3	航空	こうくう	aviation,flying	1281270	words/航空.md	3	1281270	1		Source spelling retained.		
N3:544	3	光景	こうけい	scene,spectacle	1272950	words/光景.md	3	1272950	1		Source spelling retained.		
N3:545	3	合計	ごうけい	sum total,total amount	1284740	words/合計.md	3	1284740	1		Source spelling retained.		
N3:546	3	攻撃	こうげき	attack,strike,offensive,criticism,censure	1279170	words/攻撃.md	3	1279170	1,2		Source spelling retained.		
N3:547	3	貢献	こうけん	contribution,services	1282410	words/貢献.md	3	1282410	1		Source spelling retained.		
N3:548	3	広告	こうこく	advertisement	1278510	words/広告.md	3	1278510	1		Source spelling retained.		
N3:549	3	交際	こうさい	company,friendship,association,society,acquaintance	1271990	words/交際.md	3	1271990	1,2		Source spelling retained.		
N3:550	3	後者	こうしゃ	the latter	1269720	words/後者.md	3	1269720	1		Source spelling retained.		
N3:551	3	工場	こうば	factory,plant,mill,workshop	1578700	words/工場.md	4	1578700	1		Existing stable article spelling retained; assigned N3 reading and sense checked separately.		
N3:552	3	構成	こうせい	organization,composition	1279730	words/構成.md	3	1279730	1		Existing stable article spelling retained; assigned N3 reading and sense checked separately.		
N3:553	3	高速	こうそく	high speed,high gear	1283700	words/高速.md	3	1283700	1,2		Source spelling retained.		
N3:554	3	行動	こうどう	action,conduct,behaviour,mobilization	1282100	words/行動.md	3	1282100	1		Source spelling retained.		
N3:555	3	強盗	ごうとう	robbery,burglary	1236500	words/強盗.md	3	1236500	1,2		Source spelling retained.		
N3:556	3	幸福	こうふく	happiness,blessedness	1278400	words/幸福.md	3	1278400	1		Existing stable article spelling retained; assigned N3 reading and sense checked separately.		
N3:557	3	公平	こうへい	fairness,impartial,justice	1274640	words/公平.md	3	1274640	1,2		Source spelling retained.		
N3:558	3	候補	こうほ	candidacy	1272730	words/候補.md	3	1272730	1,2		Source spelling retained.		
N3:559	3	考慮	こうりょ	consideration,taking into account	1281170	words/考慮.md	3	1281170	1		Source spelling retained.		
N3:560	3	越える	こえる	to exceed,to cross over,to cross	1593070	words/越える.md	3	1593070	1,2		Existing stable article spelling retained; assigned N3 reading and sense checked separately.		
N3:561	3		コーチ	coach	1048910	words/コーチ.md	3	1048910	1,2		Source spelling retained.		
N3:562	3		コード	code,cord,chord	1049010	words/コード.md	3	1049010	1,2,3	2855837:1;2855838:1	Source spelling retained.		コード 'code, cord, chord' spans three identities. Entry 1049010 covers code/program/rules/symbol-set, not a cable or musical chord.
N3:563	3	氷	こおり	ice,hail	1488840	words/氷.md	3	1488840	1		Source spelling retained.		氷/こおり supports ice and shaved ice, not the source's hail gloss. Hail was verified under 雹/ひょう, a different word and entry.
N3:564	3	凍る	こおる	to freeze,to be frozen over,to congeal	1593100	words/凍る.md	3	1593100	1		Source spelling retained.		
N3:565	3		ゴール	goal	1054230	words/ゴール.md	3	1054230	1,2,3,4		Source spelling retained.		
N3:566	3	誤解	ごかい	misunderstanding	1271310	words/誤解.md	3	1271310	1		Existing stable article spelling retained; assigned N3 reading and sense checked separately.		
N3:567	3	語学	ごがく	language study	1271010	words/語学.md	3	1271010	1,2		Source spelling retained.		
N3:568	3	呼吸	こきゅう	breath,respiration	1266470	words/呼吸.md	3	1266470	1,3,4		Source spelling retained.		
N3:569	3	故郷	こきょう	home town,birthplace,old village,historic village	2853884	words/故郷.md	3	2853884	1		Source spelling retained.		The source's 'historic village' is not equivalent to one's hometown/native place. The inspected entry says hometown, birthplace, native place, one's old home.
N3:570	3	極	ごく	quite,very	1240180	words/極.md	3	1240180	1		Source spelling retained.		
N3:571	3	国語	こくご	national language	1286370	words/国語.md	3	1286370	1,2		Source spelling retained.		
N3:572	3	黒板	こくばん	blackboard	1288080	words/黒板.md	3	1288080	1		Source spelling retained.		
N3:573	3	克服	こくふく	subjugation,conquest	1285790	words/克服.md	3	1285790	1		Source spelling retained.		Unqualified 'subjugation, conquest' suggests political or military conquest. The entry specifies conquering a difficulty, illness, crisis, etc.
N3:574	3	国民	こくみん	national,people,citizen	1287070	words/国民.md	3	1287070	1		Source spelling retained.		
N3:575	3	穀物	こくもつ	grain,cereal,corn	1287280	words/穀物.md	3	1287280	1		Source spelling retained.		
N3:576	3	腰	こし	hip	1288340	words/腰.md	3	1288340	1,2		Source spelling retained.		
N3:577	3	個人	こじん	individual,private person,personal,private	1264770	words/個人.md	3	1264770	1,2		Source spelling retained.		
N3:578	3	越す	こす	to go over (e.g. with audience)	1175300	words/越す.md	3	1175300	1,3,4,5		Source spelling retained.		The sole source gloss 'to go over (e.g. with audience)' evokes English audience reception. The entry's go-over sense is crossing, alongside overcoming, passing time, exceeding and moving house.
N3:579	3	国家	こっか	state,country,nation	1286170	words/国家.md	3	1286170	1		Source spelling retained.		
N3:580	3	国会	こっかい	National Diet,parliament,congress	1286240	words/国会.md	3	1286240	1,2,3		Source spelling retained.		
N3:581	3	国境	こっきょう	national or state border	1286320	words/国境.md	3	1286320	1		Source spelling retained.		'National or state border' needs state understood as country, not automatically a subnational state boundary.
N3:582	3	骨折	こっせつ	bone fracture	1288640	words/骨折.md	3	1288640	1		Source spelling retained.		
N3:583	3	小包	こづつみ	parcel,package	1593290	words/小包.md	3	1593290	1		Source spelling retained.		
N3:584	3	事	こと	thing,matter,fact,circumstances	1313580	words/こと.md	4	1313580	1,5,6		Reuse the existing same-entry/same-reading article with its stable spelling.		
N3:585	3	異なる	ことなる	to differ,to vary,to disagree	1157510	words/異なる.md	3	1157510	1		Source spelling retained.		
N3:586	3	諺	ことわざ	proverb,maxim	1264600	words/諺.md	3	1264600	1		Source spelling retained.		
N3:587	3	断る	ことわる	to refuse,to decline,to dismiss	1419570	words/断る.md	3	1419570	1,2		Source spelling retained.		
N3:588	3	粉	こな	flour,meal,powder	1504770	words/粉.md	3	1504770	1		Source spelling retained.		
N3:589	3	好み	このみ	liking,taste,choice	1277500	words/好み.md	3	1277500	1,2		Source spelling retained.		
N3:590	3	好む	このむ	to like,to prefer	1277520	words/好む.md	3	1277520	1		Source spelling retained.		
N3:591	3	小麦	こむぎ	wheat	1348630	words/小麦.md	3	1348630	1		Source spelling retained.		
N3:592	3		ごめんなさい	I beg your pardon,excuse me	1270680	words/ごめんなさい.md	3	1270680	1		Source spelling retained.		
N3:593	3	小屋	こや	hut,cabin,shed,(animal) pen	1347830	words/小屋.md	3	1347830	1		Source spelling retained.		
N3:594	3		これら	these	1004830	words/これら.md	3	1004830	1		Source spelling retained.		
N3:595	3	頃	ころ	time,about,toward,approximately (time)	1579080	words/頃.md	3	1579080	1,2		Source spelling retained.		The time/approximately gloss is valid, but a target teaching suffix use must not mechanically read every 頃 as the CSV's ころ.
N3:596	3	殺す	ころす	to kill	1299030	words/殺す.md	3	1299030	1		Existing stable article spelling retained; assigned N3 reading and sense checked separately.		
N3:597	3	転ぶ	ころぶ	to fall down,to fall over	1582130	words/転ぶ.md	3	1582130	1		Source spelling retained.		
N3:598	3	今回	こんかい	now,this time,lately	1289070	words/今回.md	3	1289070	1		Source spelling retained.		今回 identifies this occasion; 'lately' in the source wrongly suggests an unspecified recent period.
N3:599	3	今後	こんご	from now on,hereafter	1289140	words/今後.md	3	1289140	1		Source spelling retained.		
N3:600	3	混雑	こんざつ	confusion,congestion	1290390	words/混雑.md	3	1290390	1,2		Source spelling retained.		
N3:601	3		こんなに	so,like this,in this way	1004890	words/こんなに.md	3	1004890	1		Source spelling retained.		
N3:602	3	困難	こんなん	difficulty,distress	1289620	words/困難.md	3	1289620	1,2		Source spelling retained.		
N3:603	3	今日	こんにち	today,this day	1579110	words/今日.md	5	1579110	1,2		Existing stable article spelling retained; assigned N3 reading and sense checked separately.		今日/こんにち is not invalid merely because きょう is another reading. The entry supports today for the source pair and restricts the nowadays sense specifically to こんにち.
N3:604	3		こんにちは	hello,good day (daytime greeting, id)	1289400	words/こんにちは.md	3	1289400	1		Source spelling retained.		
N3:605	3	婚約	こんやく	engagement,betrothal	1289710	words/婚約.md	3	1289710	1		Source spelling retained.		
N3:606	3	混乱	こんらん	disorder,chaos,confusion,mayhem	1290560	words/混乱.md	3	1290560	1		Source spelling retained.		
N3:607	3	差	さ	difference,variation	1291070	words/差.md	3	1291070	1		Existing stable article spelling retained; assigned N3 reading and sense checked separately.		
N3:608	3		サービス	(1) service,support system,(2) goods or services without charge	1055000	words/サービス.md	3	1055000	1,2,3,4		Source spelling retained.		
N3:609	3	際	さい	on the occasion of,circumstances	1296300	words/際.md	3	1296300	1		Source spelling retained.		
N3:610	3	最高	さいこう	highest,supreme,the most	1293850	words/最高.md	3	1293850	1,2		Source spelling retained.		
N3:611	3	財産	ざいさん	property,fortune,assets	1296820	words/財産.md	3	1296820	1		Source spelling retained.		
N3:612	3	最終	さいしゅう	last,final,closing	1293940	words/最終.md	3	1293940	1,2		Source spelling retained.		
N3:613	3	最中	さいちゅう	in the middle of	1579210	words/最中.md	3	1579210	1		Source spelling retained.		
N3:614	3	最低	さいてい	least,lowest,worst	1294220	words/最低.md	3	1294220	1,2,3,4		Source spelling retained.		
N3:615	3	才能	さいのう	talent,ability	1294630	words/才能.md	3	1294630	1		Existing stable article spelling retained; assigned N3 reading and sense checked separately.		
N3:616	3	裁判	さいばん	trial,judgement	1296120	words/裁判.md	3	1296120	1		Source spelling retained.		
N3:617	3	材料	ざいりょう	ingredients,material	1296670	words/材料.md	3	1296670	1,3		Source spelling retained.		
N3:618	3	幸い	さいわい	happiness,blessedness	1278380	words/幸い.md	3	1278380	1,2,3		Source spelling retained.		
N3:619	3		サイン	(1) autograph,(2) sign,(3) sine	1056230	words/サイン.md	3	1056230	1,2	2844545:1	Source spelling retained.		The source combines autograph/sign with mathematical sine. The latter is not a sense of supplied entry 1056230.
N3:620	3	境	さかい	border,boundary,mental state	1235950	words/境.md	3	1235950	1,2		Source spelling retained.		The source gives mental state alongside border for 境/さかい, but the entry explicitly says the mental-state sense is usually きょう.
N3:621	3	逆らう	さからう	to go against,to oppose,to disobey,to defy	1226990	words/逆らう.md	3	1226990	1		Source spelling retained.		
N3:622	3	盛り	さかり	helping,serving	1379640	words/盛り.md	3	1379640	1,2		Source spelling retained.		盛り/さかり means a peak, prime or being in heat. The source's serving/helping belongs to 盛り/もり, entry 1379650.
N3:623	3	作業	さぎょう	work,operation,manufacturing,fatigue duty	1297540	words/作業.md	3	1297540	1		Source spelling retained.		
N3:624	3	昨	さく	last (year),yesterday	1298200	words/昨.md	3	1298200	1		Source spelling retained.		
N3:625	3	作品	さくひん	work,opus,performance,production	1297910	words/作品.md	3	1297910	1		Source spelling retained.		
N3:626	3	作物	さくもつ	produce (e.g. agricultural),crops	1297950	words/作物.md	3	1297950	1		Source spelling retained.		
N3:627	3	桜	さくら	cherry blossom,cherry tree	1593710	words/桜.md	3	1593710	1,3		Source spelling retained.		
N3:628	3	酒	さけ	alcohol,sake	1329010	words/酒.md	3	1329010	1		Existing stable article spelling retained; assigned N3 reading and sense checked separately.		
N3:629	3	叫ぶ	さけぶ	to shout,to cry	1235910	words/叫ぶ.md	3	1235910	1,2		Source spelling retained.		
N3:630	3	避ける	さける	(1) to avoid (physical contact ),(2) to ward off,to avert	1583260	words/避ける.md	3	1583260	2		Source spelling retained.		The source attaches physical-contact avoidance to さける, but that precise sense is restricted to よける in the supplied entry.
N3:631	3	支える	ささえる	to be blocked,to choke,to be obstructed	1310090	words/支える.md	3	1310090	1		Source spelling retained.		支える/ささえる is transitive support/prop/sustain, not intransitive being blocked/choking. The latter clues point to つかえる, entry 1607170.
N3:632	3	指す	さす	to point,to put up umbrella,to play	1309670	words/指す.md	3	1309670	1,3,4		Source spelling retained.		指す/さす supports pointing and playing shogi, but the source's umbrella use is listed under 差す, entry 1291330.
N3:633	3	座席	ざせき	seat	1291880	words/座席.md	3	1291880	1		Source spelling retained.		
N3:634	3	誘う	さそう	(1) to invite,to ask,(2) to tempt,to lure,to induce	1541900	words/誘う.md	3	1541900	1,2,3		Source spelling retained.		
N3:635	3	札	さつ	(1) token,label,(2) ticket,(3) charm	1298960	words/札.md	3	1298960	1		Source spelling retained.		札/さつ means a banknote/bill. The source's token/label/ticket/charm senses belong to 札/ふだ.
N3:636	3	作家	さっか	author,writer,novelist,artist	1297510	words/作家.md	3	1297510	1		Source spelling retained.		
N3:637	3	作曲	さっきょく	composition,setting (of music)	1297650	words/作曲.md	3	1297650	1		Source spelling retained.		
N3:638	3		ざっと	roughly,in round numbers	1005390	words/ざっと.md	3	1005390	1,2		Source spelling retained.		
N3:639	3		さっぱり	feeling refreshed,feeling relieved,neat,trimmed	1005210	words/さっぱり.md	3	1005210	1,2,5,7		Source spelling retained.		
N3:640	3		さて	well,now,then	1585460	words/さて.md	3	1585460	1		Source spelling retained.		
N3:641	3	砂漠	さばく	desert	1593800	words/砂漠.md	3	1593800	1		Source spelling retained.		
N3:642	3	差別	さべつ	discrimination,distinction,differentiation	1291410	words/差別.md	3	1291410	1,2		Source spelling retained.		
N3:643	3	作法	さほう	manners,etiquette,propriety	1297980	words/作法.md	3	1297980	1		Source spelling retained.		
N3:644	3	様々	さまざま	varied,various	1593830	words/様々.md	3	1593830	1		Source spelling retained.		
N3:645	3	覚ます	さます	to awaken	1206060	words/覚ます.md	3	1206060	1		Source spelling retained.		
N3:646	3	覚める	さめる	to wake,to wake up	1206070	words/覚める.md	3	1206070	1,2		Source spelling retained.		
N3:647	3	左右	さゆう	(1) left and right,(2) influence,control,domination	1290810	words/左右.md	3	1290810	1,2		Existing stable article spelling retained; assigned N3 reading and sense checked separately.		
N3:648	3	皿	さら	plate,dish	1299680	words/皿.md	3	1299680	1,2		Source spelling retained.		
N3:649	3	更に	さらに	furthermore,again,after all,more and more,moreover	1279310	words/更に.md	3	1279310	1		Source spelling retained.		
N3:650	3	去る	さる	to leave,to go away	1231650	words/去る.md	3	1231650	1,2,6		Source spelling retained.		
N3:651	3	猿	さる	monkey	1177390	words/猿.md	3	1177390	1,2,3		Source spelling retained.		
N3:652	3	騒ぎ	さわぎ	uproar,disturbance	1403020	words/騒ぎ.md	3	1403020	1		Source spelling retained.		
N3:653	3	参加	さんか	participation	1302090	words/参加.md	3	1302090	1		Existing stable article spelling retained; assigned N3 reading and sense checked separately.		
N3:654	3	参考	さんこう	reference,consultation	1302280	words/参考.md	3	1302280	1		Source spelling retained.		
N3:655	3	賛成	さんせい	approval,agreement,support,favour	1304200	words/賛成.md	3	1304200	1		Existing stable article spelling retained; assigned N3 reading and sense checked separately.		
N3:656	3	酸素	さんそ	oxygen	1304350	words/酸素.md	3	1304350	1		Source spelling retained.		
N3:657	3	氏	し	family name,lineage,birth	2101130	words/氏.md	3	2101130	1,2		Source spelling retained.		'Family name, lineage, birth' belongs to 氏/うじ, not the row's supplied 氏/し entry. Both entries do have a clan sense, which does not make their other meanings interchangeable.
N3:658	3	詩	し	poem,verse of poetry	1929950	words/詩.md	3	1929950	1		Source spelling retained.		
N3:659	3	幸せ	しあわせ	happiness,good fortune,luck,blessing	1594060	words/幸せ.md	3	1594060	1		Source spelling retained.		
N3:660	3		ジーンズ	jeans	1064120	words/ジーンズ.md	3	1064120	1,2		Source spelling retained.		
N3:661	3	ジェット機	ジェットき	jet aeroplane	1064250	words/ジェット機.md	3	1064250	1		Source spelling retained.		
N3:662	3	直に	じかに	immediately,readily,directly	1430690	words/直に.md	3	1430690	1		Source spelling retained.		直に/じかに means directly/in person/firsthand. The source's immediately/readily belong to 直に/じきに, a separate entry.
N3:663	3		しかも	moreover,furthermore,nevertheless,and yet	1506050	words/しかも.md	3	1506050	1,2		Source spelling retained.		
N3:664	3	叱る	しかる	to scold	1319580	words/叱る.md	3	1319580	1		Source spelling retained.		
N3:665	3	式	しき	equation,formula,ceremony	1319060	words/式.md	3	1319060	1,2,3,4		Source spelling retained.		
N3:666	3	直	じき	earnestly,immediately,exactly	1581790	words/直.md	3	1581790	1		Source spelling retained.		The source's 'earnestly, immediately, exactly' does not accurately identify the inspected 直/じき senses: soon, nearby, direct, and a spot/cash transaction.
N3:667	3	時期	じき	time,season,period	1316040	words/時期.md	3	1316040	1		Source spelling retained.		
N3:668	3	支給	しきゅう	payment,allowance	1310130	words/支給.md	3	1310130	1		Source spelling retained.		
N3:669	3		しきりに	frequently,repeatedly,incessantly,eagerly	1005480	words/しきりに.md	3	1005480	1,2		Source spelling retained.		
N3:670	3	刺激	しげき	stimulus,impetus,incentive	1594190	words/刺激.md	3	1594190	1,2		Source spelling retained.		
N3:671	3	資源	しげん	resources	1312720	words/資源.md	3	1312720	1		Source spelling retained.		
N3:672	3	事件	じけん	event,affair,incident	1313830	words/事件.md	3	1313830	1		Existing stable article spelling retained; assigned N3 reading and sense checked separately.		
N3:673	3	時刻	じこく	instant,time,moment	1316220	words/時刻.md	3	1316220	1		Source spelling retained.		
N3:674	3	自殺	じさつ	suicide	1317770	words/自殺.md	3	1317770	1		Source spelling retained.		
N3:675	3	事実	じじつ	fact,truth,reality	1313960	words/事実.md	3	1313960	1,2		Source spelling retained.		
N3:676	3	支出	ししゅつ	expenditure,expenses	1310180	words/支出.md	3	1310180	1		Source spelling retained.		
N3:677	3	事情	じじょう	circumstances,consideration,conditions,situation,reasons	1314010	words/事情.md	3	1314010	1		Source spelling retained.		
N3:678	3	詩人	しじん	poet	1312220	words/詩人.md	3	1312220	1		Source spelling retained.		
N3:679	3	自身	じしん	by oneself,personally	1318000	words/自身.md	3	1318000	1		Source spelling retained.		The source's adverbial 'by oneself, personally' obscures the noun/suffix '(one's) self'. Bare 自身 does not by its dictionary definition mean unaided action.
N3:680	3	沈む	しずむ	to sink,to feel depressed	1431670	words/沈む.md	3	1431670	1,2,3		Source spelling retained.		
N3:681	3	自然	しぜん	nature,spontaneous	1318090	words/自然.md	3	1318090	1,2,3		Source spelling retained.		
N3:682	3	思想	しそう	thought,idea	1309560	words/思想.md	3	1309560	1		Source spelling retained.		
N3:683	3	舌	した	tongue	1387010	words/舌.md	3	1387010	1		Source spelling retained.		
N3:684	3	次第	しだい	(1) order,precedence,(2) circumstances,(3) immediate(ly)	1316680	words/次第.md	3	1316680	1,2,4,5		Source spelling retained.		The source's 'immediate(ly)' lacks the attachment rule: this is an as-soon-as/immediately-after suffix construction, not simply a free adverb.
N3:685	3	事態	じたい	situation,present state of affairs	1595240	words/事態.md	3	1595240	1		Source spelling retained.		
N3:686	3	従う	したがう	to abide (by the rules),to obey,to follow,to accompany	1335210	words/従う.md	3	1335210	1,2		Source spelling retained.		
N3:687	3	従って	したがって	therefore,consequently,in accordance with	1335230	words/従って.md	3	1335230	1		Source spelling retained.		The supplied entry is the conjunction therefore/consequently. The source's 'in accordance with' also evokes the inflected verb 従う, rather than another listed sense of this conjunction.
N3:688	3	親しい	したしい	intimate,close (e.g. friend)	1365050	words/親しい.md	3	1365050	1		Source spelling retained.		
N3:689	3	質	しつ	quality,nature (of person)	1320640	words/質.md	3	1320640	1,2		Source spelling retained.		
N3:690	3	失業	しつぎょう	unemployment	1319860	words/失業.md	3	1319860	1,2		Source spelling retained.		
N3:691	3	実験	じっけん	experiment	1320970	words/実験.md	3	1320970	1		Source spelling retained.		
N3:692	3	実現	じつげん	implementation,materialization,realization	1321020	words/実現.md	3	1321020	1		Source spelling retained.		
N3:693	3	実行	じっこう	practice,performance,execution (e.g. program),realization	1321040	words/実行.md	3	1321040	1,2		Source spelling retained.		
N3:694	3	実際	じっさい	practical,actual condition,status quo	1321110	words/実際.md	3	1321110	1,2,3		Existing stable article spelling retained; assigned N3 reading and sense checked separately.		'Practical, actual condition, status quo' hides the noun reality/practice and adverb actually. It risks suggesting a general adjective meaning useful/practical or a special status-quo meaning.
N3:695	3	実施	じっし	enforcement,enact,put into practice,carry out,operation	1321140	words/実施.md	3	1321140	1		Source spelling retained.		
N3:696	3		じっと	fixedly,firmly,patiently,quietly	1005870	words/じっと.md	3	1005870	1,2,3		Source spelling retained.		
N3:697	3	実に	じつに	indeed,truly,surely	2820720	words/実に.md	3	2820720	1		Source spelling retained.		
N3:698	3	実は	じつは	as a matter of fact,by the way	1320830	words/実は.md	3	1320830	1		Source spelling retained.		
N3:699	3	失望	しつぼう	disappointment,despair	1320170	words/失望.md	3	1320170	1		Source spelling retained.		
N3:700	3	支店	してん	branch store (office)	1310230	words/支店.md	3	1310230	1		Source spelling retained.		
N3:701	3	指導	しどう	leadership,guidance,coaching	1309950	words/指導.md	3	1309950	1		Source spelling retained.		
N3:702	3	自動	じどう	automatic,self-motion	1318340	words/自動.md	3	1318340	1,2		Source spelling retained.		
N3:703	3	品	しな	thing,article,goods,dignity,article (goods),counter for meal courses	1583470	words/品.md	3	1583470	1		Source spelling retained.		The source mixes 品/しな goods/items with 品/ひん dignity and the food-item/course counter. These are different entries.
N3:704	3	支配	しはい	rule,control,direction	1310270	words/支配.md	3	1310270	1,3		Source spelling retained.		
N3:705	3	芝居	しばい	play,drama	1321630	words/芝居.md	3	1321630	1		Source spelling retained.		
N3:706	3		しばしば	often,again and again,frequently	2179090	words/しばしば.md	3	1005580	1		Source spelling retained.	Use corrected lexical identity 1005580, sense 1, while preserving sourceEntry=2179090 in provenance. Keep the target in kana. The complete replacement entry was inspected, not inferred merely from matching kana.	The supplied kana entry is repeated blinking, not the source's general often/frequently meaning. The matching general adverb is entry 1005580.
N3:707	3	芝生	しばふ	lawn	1321650	words/芝生.md	3	1321650	1		Source spelling retained.		
N3:708	3	支払	しはらい	payment	1594480	words/支払.md	3	1594480	1		Source spelling retained.		
N3:709	3	支払う	しはらう	to pay	1310300	words/支払う.md	3	1310300	1		Existing stable article spelling retained; assigned N3 reading and sense checked separately.		
N3:710	3	死亡	しぼう	death,mortality	1310950	words/死亡.md	3	1310950	1		Existing stable article spelling retained; assigned N3 reading and sense checked separately.		
N3:711	3	資本	しほん	funds,capital	1312780	words/資本.md	3	1312780	1		Source spelling retained.		
N3:712	3	仕舞い	しまい	sisters	1594530	words/仕舞い.md	3	1594530	1		Source spelling retained.		The word 仕舞い and supplied entry both identify ending/finish, but the English gloss says sisters. Sisters is 姉妹/しまい, entry 1579490, independently supplied by adjacent N3:713. Historical source intent remains uncertain. For teaching, retain the dictionary-verified Japanese spelling/reading identity, with supported meanings rather than the conflicting English gloss. This is an explicit editorial choice, not recovery of the list compiler's intent. Contrasting readings or identities do not acquire an independent N3 assignment.
N3:713	3	姉妹	しまい	sisters	1579490	words/姉妹.md	3	1579490	1		Source spelling retained.		
N3:714	3	仕舞う	しまう	to finish,to close,to do something completely	1305380	words/しまう.md	3	1305380	1,2,3,4,5		Use the inspected しまう teaching spelling; retain original 仕舞う in provenance.		Source spelling 仕舞う is explicitly marked rare kanji form, as are all other written forms in this entry; all senses are usually kana.
N3:715	3	仕舞った	しまった	Damn it!	1005600	words/しまった.md	3	1005600	1		Use the inspected しまった teaching spelling; retain original 仕舞った in provenance.		仕舞った is marked rare kanji; the source's sole 'Damn it!' also hides the milder oops/oh dear/oh no uses in the entry.
N3:716	3	自慢	じまん	pride,boast	1318680	words/自慢.md	3	1318680	1		Source spelling retained.		
N3:717	3	事務	じむ	business,office work	1314270	words/事務.md	3	1314270	1		Existing stable article spelling retained; assigned N3 reading and sense checked separately.		
N3:718	3	示す	しめす	to denote,to show,to point out,to indicate	1317110	words/示す.md	3	1317110	1,3		Existing stable article spelling retained; assigned N3 reading and sense checked separately.		
N3:719	3	占める	しめる	(1) to comprise,to account for,to make up (of),(2) to hold,to occupy	1389460	words/占める.md	3	1389460	1,2		Source spelling retained.		
N3:720	3	下	しも	under,below,beneath	2080210	words/下.md	5	2080210	1		Existing stable article spelling retained; assigned N3 reading and sense checked separately.		The source gives generic under/below/beneath for 下/しも, but this entry specifies lower reaches, lower part/body, and other specialized lower-side uses. The unrestricted spatial gloss belongs to した.
N3:721	3	霜	しも	frost	1402930	words/霜.md	3	1402930	1		Source spelling retained.		
N3:722	3	借金	しゃっきん	debt,loan,liabilities	1323940	words/借金.md	3	1323940	1		Source spelling retained.		
N3:723	3		しゃべる	to talk,to chat,to chatter	1427510	words/しゃべる.md	3	1427510	1		Source spelling retained.		
N3:724	3	邪魔	じゃま	hindrance,intrusion	1323500	words/じゃま.md	4	1323500	1,2,3		Reuse the existing same-entry/same-reading article with its stable spelling.		
N3:725	3	週	しゅう	week	1333450	words/週.md	3	1333450	1		Source spelling retained.		
N3:726	3	州	しゅう	sandbank	1331840	words/州.md	3	1331840	1,2		Source spelling retained.		州/しゅう means a state/province/region or continent; 'sandbank' belongs to 州/す, entry 1331850.
N3:727	3	銃	じゅう	gun	1337000	words/銃.md	3	1337000	1		Source spelling retained.		
N3:728	3	周囲	しゅうい	surroundings,circumference,environs	1331030	words/周囲.md	3	1331030	1,2		Source spelling retained.		
N3:729	3	収穫	しゅうかく	harvest,crop,ingathering	1330510	words/収穫.md	3	1330510	1,2		Source spelling retained.		
N3:730	3	週間	しゅうかん	week,weekly	1333500	words/週間.md	3	1333500	1		Source spelling retained.		The source's 'weekly' can misleadingly imply recurrence. The inspected 週間 entry is the noun week.
N3:731	3	宗教	しゅうきょう	religion	1331400	words/宗教.md	3	1331400	1		Source spelling retained.		
N3:732	3	重視	じゅうし	importance,stress,serious consideration	1336260	words/重視.md	3	1336260	1		Source spelling retained.		
N3:733	3	就職	しゅうしょく	finding employment,inauguration	1331670	words/就職.md	3	1331670	1		Source spelling retained.		The supplied entry identifies finding employment/getting a job, not a general inauguration ceremony or opening.
N3:734	3		ジュース	juice,soft drink,deuce	1065950	words/ジュース.md	3	1065950	1,2	2843595:1	Source spelling retained.		The source mixes beverage ジュース with sports deuce, which belongs to a separate entry.
N3:735	3	修正	しゅうせい	amendment,correction,revision,modification	1332130	words/修正.md	3	1332130	1		Source spelling retained.		
N3:736	3	渋滞	じゅうたい	congestion (e.g. traffic),delay,stagnation	1335570	words/渋滞.md	3	1335570	1,2		Source spelling retained.		
N3:737	3	重大	じゅうだい	serious,important,grave,weighty	1336500	words/重大.md	3	1336500	1		Source spelling retained.		
N3:738	3	住宅	じゅうたく	resident,housing	1334150	words/住宅.md	3	1334150	1		Source spelling retained.		The source says 'resident', a person, where 住宅 means residence/housing/residential building.
N3:739	3	集団	しゅうだん	group,mass	1333730	words/集団.md	3	1333730	1		Source spelling retained.		
N3:740	3	集中	しゅうちゅう	concentration,focusing the mind	1333750	words/集中.md	3	1333750	1,2		Source spelling retained.		
N3:741	3	収入	しゅうにゅう	income,receipts,revenue	1330790	words/収入.md	3	1330790	1		Existing stable article spelling retained; assigned N3 reading and sense checked separately.		
N3:742	3	住民	じゅうみん	citizens,inhabitants,residents,population	1334210	words/住民.md	3	1334210	1		Source spelling retained.		
N3:743	3	重要	じゅうよう	important,momentous,essential,principal,major	1336820	words/重要.md	3	1336820	1		Source spelling retained.		
N3:744	3	修理	しゅうり	repairing,mending	1332400	words/修理.md	3	1332400	1		Source spelling retained.		
N3:745	3	主義	しゅぎ	doctrine,rule,principle	1325260	words/主義.md	3	1325260	1		Source spelling retained.		
N3:746	3	宿泊	しゅくはく	lodging	1337300	words/宿泊.md	3	1337300	1		Source spelling retained.		
N3:747	3	手術	しゅじゅつ	surgical operation	1327790	words/手術.md	3	1327790	1		Existing stable article spelling retained; assigned N3 reading and sense checked separately.		
N3:748	3	首相	しゅしょう	Prime Minister	1329300	words/首相.md	3	1329300	1		Source spelling retained.		
N3:749	3	手段	しゅだん	means,way,measure	1328110	words/手段.md	3	1328110	1		Source spelling retained.		
N3:750	3	主張	しゅちょう	claim,request,insistence,assertion	1325910	words/主張.md	3	1325910	1		Source spelling retained.		Bare 'request' in the source is too broad for the inspected claim/assertion/insistence/advocacy sense.
N3:751	3	出身	しゅっしん	graduate from,come from	1339260	words/出身.md	3	1339260	1		Source spelling retained.		The source's 'graduate from, come from' consists of English verb phrases, but 出身 is a noun identifying origin, including a city, country, parentage or school.
N3:752	3	出版	しゅっぱん	publication	1340030	words/出版.md	3	1340030	1		Source spelling retained.		
N3:753	3	首都	しゅと	capital city	1329340	words/首都.md	3	1329340	1		Source spelling retained.		
N3:754	3	主婦	しゅふ	housewife,mistress	1326160	words/主婦.md	3	1326160	1		Source spelling retained.		Unqualified English 'mistress' invites an unrelated romantic/sexual reading. The dictionary explicitly qualifies it as mistress of the house.
N3:755	3	主要	しゅよう	chief,main,principal,major	1326320	words/主要.md	3	1326320	1		Source spelling retained.		
N3:756	3	需要	じゅよう	demand,request	1330450	words/需要.md	3	1330450	1,2		Source spelling retained.		The source's 'request' can suggest a speech act; 需要 is demand/need, with an explicit economic demand sense.
N3:757	3	種類	しゅるい	variety,kind,type	1328890	words/種類.md	3	1328890	1,2		Existing stable article spelling retained; assigned N3 reading and sense checked separately.		
N3:758	3	順	じゅん	order,turn	1342220	words/順.md	3	1342220	1		Source spelling retained.		
N3:759	3	瞬間	しゅんかん	moment,second,instant	1341210	words/瞬間.md	3	1341210	1		Source spelling retained.		
N3:760	3	順調	じゅんちょう	favourable,doing well,O.K.,all right	1342380	words/順調.md	3	1342380	1		Source spelling retained.		
N3:761	3	順番	じゅんばん	turn (in line),order of things	1342390	words/順番.md	3	1342390	1		Source spelling retained.		
N3:762	3	使用	しよう	use,application,employment,utilization	1306200	words/使用.md	3	1306200	1		Source spelling retained.		
N3:763	3	小	しょう		2083540	words/小.md	3	2083540	1		Source spelling retained.		The source English gloss is empty. The supplied ID does establish 小/しょう, but it does not specify which of its several senses the list intended. The source gloss is blank. Selected dictionary-backed teaching senses are editorial anchors, not a recovered source-specific sense inventory.
N3:764	3	章	しょう	(1) chapter,section,(2) medal	1351270	words/章.md	3	1351270	1,2		Source spelling retained.		
N3:765	3	賞	しょう	prize,award	1351910	words/賞.md	3	1351910	1		Source spelling retained.		
N3:766	3	上	じょう	(1) first volume,(2) superior quality,(3) governmental	1352170	words/上.md	5	1352170	1,3,4		Existing stable article spelling retained; assigned N3 reading and sense checked separately.		First volume and superior quality fit 上/じょう. The source's governmental meaning is not among its senses; government/imperial court appears under 上/かみ.
N3:767	3	障害	しょうがい	obstacle,impediment (fault),damage	1352060	words/障害.md	3	1352060	1,2		Source spelling retained.		
N3:768	3	奨学金	しょうがくきん	scholarship	1347530	words/奨学金.md	3	1347530	1,2		Source spelling retained.		The source's scholarship gloss must not imply that every 奨学金 is a nonrepayable grant. This same entry also has student loan as a distinct sense.
N3:769	3	乗客	じょうきゃく	passenger	1580490	words/乗客.md	3	1580490	1		Source spelling retained.		
N3:770	3	上京	じょうきょう	proceeding to the capital (Tokyo)	1352980	words/上京.md	3	1352980	1		Source spelling retained.		
N3:771	3	状況	じょうきょう	state of affairs,situation,circumstances	1356700	words/状況.md	3	1356700	1		Source spelling retained.		
N3:772	3	条件	じょうけん	conditions,terms	1356510	words/条件.md	3	1356510	1		Source spelling retained.		
N3:773	3	正午	しょうご	noon,mid-day	1377080	words/正午.md	3	1377080	1		Source spelling retained.		
N3:774	3	正直	しょうじき	honesty,integrity,frankness	1377590	words/正直.md	3	1377590	1,2		Source spelling retained.		
N3:775	3	常識	じょうしき	common sense	1356000	words/常識.md	3	1356000	1		Source spelling retained.		
N3:776	3	少女	しょうじょ	daughter,young lady,virgin,maiden,little girl	1580290	words/少女.md	3	1580290	1		Source spelling retained.		少女/しょうじょ means girl/young lady; the source's daughter and virgin imply kinship or sexual status not established by the entry.
N3:777	3	少々	しょうしょう	just a minute,small quantity	1594930	words/少々.md	3	1594930	1,2		Source spelling retained.		
N3:778	3	症状	しょうじょう	symptoms,condition	1351030	words/症状.md	3	1351030	1		Source spelling retained.		
N3:779	3	生じる	しょうじる	to produce,to yield,to result from,to arise,to be generated	1378650	words/生じる.md	3	1378650	1,2		Source spelling retained.		
N3:780	3	状態	じょうたい	condition,situation,circumstances,state	1356730	words/状態.md	3	1356730	1		Existing stable article spelling retained; assigned N3 reading and sense checked separately.		
N3:781	3	上達	じょうたつ	improvement,advance,progress	1353850	words/上達.md	3	1353850	1		Source spelling retained.		
N3:782	3	冗談	じょうだん	jest,joke	1355540	words/冗談.md	3	1355540	1		Source spelling retained.		
N3:783	3	上等	じょうとう	superiority,first class,very good	1354030	words/上等.md	3	1354030	1,2		Source spelling retained.		
N3:784	3	衝突	しょうとつ	collision,conflict	1351560	words/衝突.md	3	1351560	1,2		Source spelling retained.		
N3:785	3	商人	しょうにん	trader,shopkeeper,merchant	1580270	words/商人.md	3	1580270	1		Source spelling retained.		
N3:786	3	承認	しょうにん	recognition,acknowledgement,approval,consent,agreement	1349520	words/承認.md	3	1349520	1		Source spelling retained.		
N3:787	3	少年	しょうねん	boys,juveniles	1349170	words/少年.md	3	1349170	1,2		Source spelling retained.		
N3:788	3	商売	しょうばい	trade,business,commerce,transaction,occupation	1347200	words/商売.md	3	1347200	1,2		Source spelling retained.		
N3:789	3	消費	しょうひ	consumption,expenditure	1350290	words/消費.md	3	1350290	1		Source spelling retained.		
N3:790	3	商品	しょうひん	commodity,article of commerce,goods,stock,merchandise	1347310	words/商品.md	3	1347310	1		Source spelling retained.		
N3:791	3	消防	しょうぼう	fire fighting,fire department	1350340	words/消防.md	3	1350340	1,2		Source spelling retained.		
N3:792	3	情報	じょうほう	information,(military) intelligence	1356370	words/情報.md	3	1356370	1,2		Source spelling retained.		
N3:793	3	証明	しょうめい	proof,verification	1351680	words/証明.md	3	1351680	1		Source spelling retained.		
N3:794	3	女王	じょおう	queen	1345020	words/女王.md	3	1345020	1,2,5		Source spelling retained.		
N3:795	3	職	しょく	employment	1357480	words/職.md	3	1357480	1,3		Source spelling retained.		
N3:796	3	職業	しょくぎょう	occupation,business	1357510	words/職業.md	3	1357510	1		Existing stable article spelling retained; assigned N3 reading and sense checked separately.		
N3:797	3	食卓	しょくたく	dining table	1358530	words/食卓.md	3	1358530	1		Source spelling retained.		
N3:798	3	食品	しょくひん	commodity,foodstuff	1358600	words/食品.md	3	1358600	1		Source spelling retained.		Bare commodity is broader than 食品: the entry is specifically food/food products/foodstuffs.
N3:799	3	植物	しょくぶつ	plant,vegetation	1357300	words/植物.md	3	1357300	1		Source spelling retained.		
N3:800	3	食物	しょくもつ	food,foodstuff	1358620	words/食物.md	3	1358620	1		Source spelling retained.		
N3:801	3	食欲	しょくよく	appetite (for food)	1358660	words/食欲.md	3	1358660	1		Source spelling retained.		
N3:802	3	食料	しょくりょう	food	1358670	words/食料.md	3	1358670	1		Source spelling retained.		
N3:803	3	食糧	しょくりょう	provisions,rations	1358690	words/食糧.md	3	1358690	1		Source spelling retained.		
N3:804	3	書斎	しょさい	study	1344030	words/書斎.md	3	1344030	1		Source spelling retained.		
N3:805	3	女子	じょし	woman,girl	1345140	words/女子.md	3	1345140	1		Source spelling retained.		
N3:806	3	助手	じょしゅ	helper,helpmeet,assistant,tutor	1344650	words/助手.md	3	1344650	1,2		Source spelling retained.		The source's helpmeet/tutor goes beyond assistant/helper. The academic sense is an assistant to a professor or research assistant, not an unrestricted private tutor or spouse.
N3:807	3	徐々に	じょじょに	slowly,little by little,gradually,steadily,quietly	1595480	words/徐々に.md	3	1595480	1		Source spelling retained.		The source adds quietly, but 徐々に expresses gradual progression, not low sound or secrecy.
N3:808	3	署名	しょめい	signature	1343640	words/署名.md	3	1343640	1		Source spelling retained.		
N3:809	3	書物	しょもつ	books	1344150	words/書物.md	3	1344150	1		Source spelling retained.		
N3:810	3	女優	じょゆう	actress	1345430	words/女優.md	3	1345430	1		Source spelling retained.		
N3:811	3	処理	しょり	processing,dealing with,treatment,disposition,disposal	1342510	words/処理.md	3	1342510	1		Existing stable article spelling retained; assigned N3 reading and sense checked separately.		
N3:812	3	書類	しょるい	documents,official papers	1344200	words/書類.md	3	1344200	1		Source spelling retained.		
N3:813	3	知らせ	しらせ	notice	1420400	words/知らせ.md	3	1420400	1		Source spelling retained.		
N3:814	3	尻	しり	buttocks,bottom	1358760	words/尻.md	3	1358760	1		Source spelling retained.		
N3:815	3	印	しるし	(1) mark,(2) symbol,(3) evidence	1168060	words/印.md	3	1168060	1,2,4,5		Source spelling retained.		印/しるし is valid, but the entry associates evidence/proof especially with 証/証し and mark/badge especially with 印/標. A shared ID does not erase these spelling preferences.
N3:816	3	城	しろ	castle	1355710	words/城.md	3	1355710	1		Source spelling retained.		
N3:817	3	進学	しんがく	going on to university	1366010	words/進学.md	3	1366010	1		Source spelling retained.		The source limits 進学 to university, but the entry explicitly includes advancing to high school and other next stages of education.
N3:818	3	神経	しんけい	nerve,sensitivity	1364520	words/神経.md	3	1364520	1,2		Source spelling retained.		
N3:819	3	真剣	しんけん	seriousness,earnestness	1363650	words/真剣.md	3	1363650	1,2		Source spelling retained.		
N3:820	3	信仰	しんこう	(religious) faith,belief,creed	1359150	words/信仰.md	3	1359150	1		Source spelling retained.		
N3:821	3	信号	しんごう	traffic lights,signal,semaphore	1359240	words/信号.md	3	1359240	1,2		Source spelling retained.		
N3:822	3	人工	じんこう	artificial,manmade,human work,human skill,artificiality	1367380	words/人工.md	3	1367380	1		Source spelling retained.		
N3:823	3	深刻	しんこく	serious	1362730	words/深刻.md	3	1362730	1		Source spelling retained.		
N3:824	3	診察	しんさつ	medical examination	1365460	words/診察.md	3	1365460	1		Source spelling retained.		
N3:825	3	人種	じんしゅ	race (of people)	1368020	words/人種.md	3	1368020	1		Source spelling retained.		
N3:826	3	信じる	しんじる	to believe,to place trust in	1359040	words/信じる.md	3	1359040	1		Existing stable article spelling retained; assigned N3 reading and sense checked separately.		
N3:827	3	人生	じんせい	(human) life (i.e. conception to death)	1368370	words/人生.md	3	1368370	1		Source spelling retained.		The source's parenthetical 'conception to death' asserts a biological boundary absent from the inspected lexical definition '(one's) life'.
N3:828	3	親戚	しんせき	relative	1365230	words/親戚.md	3	1365230	1		Source spelling retained.		
N3:829	3	新鮮	しんせん	fresh	1362100	words/新鮮.md	3	1362100	1		Source spelling retained.		
N3:830	3	心臓	しんぞう	heart	1360770	words/心臓.md	3	1360770	1,3		Source spelling retained.		
N3:831	3	身体	しんたい	the body	2830705	words/身体.md	3	2830705	1		Source spelling retained.		
N3:832	3	身長	しんちょう	height (of body),stature	1365770	words/身長.md	3	1365770	1		Source spelling retained.		
N3:833	3	慎重	しんちょう	discretion,prudence	1361110	words/慎重.md	3	1361110	1		Source spelling retained.		
N3:834	3	審判	しんぱん	refereeing,trial,judgement,umpire,referee	1360410	words/審判.md	3	1360410	1,2,4		Source spelling retained.		
N3:835	3	人物	じんぶつ	character,personality,person,man,personage,talented man	1369070	words/人物.md	3	1369070	1,2,3		Source spelling retained.		The source's man/talented man wording must not imply that 人物 excludes women. The current entry explicitly gives person/man/woman and able or talented person.
N3:836	3	進歩	しんぽ	progress,development	1366190	words/進歩.md	3	1366190	1		Source spelling retained.		
N3:837	3	親友	しんゆう	close friend,buddy	1365410	words/親友.md	3	1365410	1		Source spelling retained.		
N3:838	3	信用	しんよう	confidence,dependence,credit,faith	1359620	words/信用.md	3	1359620	1,2		Source spelling retained.		
N3:839	3	信頼	しんらい	reliance,trust,confidence	1359730	words/信頼.md	3	1359730	1		Source spelling retained.		
N3:840	3	心理	しんり	mentality	1361000	words/心理.md	3	1361000	1		Source spelling retained.		
N3:841	3	人類	じんるい	mankind,humanity	1369530	words/人類.md	3	1369530	1		Source spelling retained.		
N3:842	3	巣	す	nest,rookery,breeding place,beehive,cobweb	1400390	words/巣.md	3	1400390	1,2,3,4		Source spelling retained.		
N3:843	3	図	ず	figure (e.g. Fig 1),drawing,picture,illustration	1370320	words/図.md	3	1370320	1		Source spelling retained.		
N3:844	3	水準	すいじゅん	(1) water level,(2) level,standard	1371610	words/水準.md	3	1371610	1,2		Source spelling retained.		
N3:845	3	推薦	すいせん	recommendation	1371170	words/推薦.md	3	1371170	1		Source spelling retained.		
N3:846	3		スイッチ	switch	1067210	words/スイッチ.md	3	1067210	1,3		Source spelling retained.		
N3:847	3	随分	ずいぶん	extremely	1372800	words/ずいぶん.md	4	1372800	1		Reuse the existing same-entry/same-reading article with its stable spelling.		
N3:848	3	睡眠	すいみん	sleep	1372370	words/睡眠.md	3	1372370	1		Source spelling retained.		
N3:849	3	数	すう	number,figure	1580825	words/数.md	3	1580825	1,4		Existing stable article spelling retained; assigned N3 reading and sense checked separately.		
N3:850	3	数字	すうじ	numeral,figure	1373060	words/数字.md	3	1373060	1,2		Source spelling retained.		
N3:851	3		スープ	(Western) soup	1067040	words/スープ.md	3	1067040	1		Source spelling retained.		
N3:852	3	末	すえ	the end of,powder	1525250	words/末.md	3	1525250	1,2,6		Source spelling retained.		End fits 末/すえ, but powder belongs to the separate suffix identity 末/まつ, entry 1525260.
N3:853	3	姿	すがた	figure,shape,appearance	1307710	words/姿.md	3	1307710	1,2,5		Source spelling retained.		
N3:854	3		スキー	skiing	1067770	words/スキー.md	3	1067770	1,2		Source spelling retained.		
N3:855	3	救う	すくう	to rescue from,to help out of	1229060	words/救う.md	3	1229060	1		Source spelling retained.		
N3:856	3	優れる	すぐれる	to surpass,to outstrip,to excel	1539080	words/優れる.md	3	1539080	1		Source spelling retained.		
N3:857	3		スケート	skate(s),skating	1068770	words/スケート.md	3	1068770	1		Source spelling retained.		
N3:858	3		すごい	terrible,dreadful,terrific,amazing,great	1374550	words/凄い.md	4	1374550	1,2,3,4		Reuse the existing same-entry/same-reading article with its stable spelling.		
N3:859	3	少しも	すこしも	anything of,not one bit	1348900	words/少しも.md	3	1348900	1		Source spelling retained.		The source's malformed 'anything of' does not communicate that 少しも is used with a negative sentence for not at all/not in the least.
N3:860	3	過ごす	すごす	to pass,to spend,to go through,to tide over	1196000	words/過ごす.md	3	1196000	1		Source spelling retained.		
N3:861	3	筋	すじ	muscle,string,line	1241750	words/筋.md	3	1241750	1,3,4,5,6		Source spelling retained.		
N3:862	3	進める	すすめる	to advance,to promote,to hasten	1365990	words/進める.md	3	1365990	1,2		Source spelling retained.		
N3:863	3	勧める	すすめる	to recommend,to advise,to encourage,to offer (wine)	1595680	words/勧める.md	3	1595680	1,2,3		Source spelling retained.		The supplied 勧める spelling supports the source's encourage and offer senses. However, the same entry's 薦める spelling is not licensed for those senses by its hard spelling restrictions.
N3:864	3		スター	star	1069210	words/スター.md	3	1069210	1,2,3		Source spelling retained.		
N3:865	3		スタイル	style	1069520	words/スタイル.md	3	1069520	1,2		Source spelling retained.		
N3:866	3		スタンド	stand	1069930	words/スタンド.md	3	1069930	1,2,3,4,5		Source spelling retained.		
N3:867	3	頭痛	ずつう	headache	1450890	words/頭痛.md	3	1450890	1		Source spelling retained.		
N3:868	3		ずっと	consecutively,throughout,a lot	1006380	words/ずっと.md	3	1006380	1,2,3		Source spelling retained.		
N3:869	3		すてき	lovely,dreamy,beautiful,great	1397350	words/すてき.md	3	1397350	1		Source spelling retained.		
N3:870	3	既に	すでに	already,too late	1220310	words/既に.md	3	1220310	1		Source spelling retained.		The source's 'too late' is not an independent meaning established for 既に/すでに.
N3:871	3		すなわち	that is,namely,i.e.	1404100	words/すなわち.md	3	1404100	1		Source spelling retained.		
N3:872	3	素晴らしい	すばらしい	wonderful,splendid,magnificent	1397300	words/すばらしい.md	4	1397300	1		Reuse the existing same-entry/same-reading article with its stable spelling.		
N3:873	3		スピーチ	speech	1072260	words/スピーチ.md	3	1072260	1		Source spelling retained.		
N3:874	3	全て	すべて	all,the whole,entirely,in general,wholly	1595730	words/全て.md	3	1595730	1,2		Source spelling retained.		
N3:875	3	済ませる	すませる	to be finished	1295040	words/済ませる.md	3	1295040	1,2,3		Source spelling retained.		'To be finished' obscures that 済ませる is transitive.
N3:876	3	角	すみ	horn	1246440	words/角.md	5	1246440	1		Existing stable article spelling retained; assigned N3 reading and sense checked separately.		角/すみ is recognized, but 'horn' belongs to 角/つの, entry 1206120, not the supplied identity.
N3:877	3		すみません	sorry,excuse me	1295060	words/すみません.md	3	1295060	1,2		Source spelling retained.		
N3:878	3	鋭い	するどい	pointed,sharp	1174890	words/鋭い.md	3	1174890	1,2,3		Source spelling retained.		
N3:879	3	背	せい	height,stature	1472650	words/背.md	5	1472650	1		Existing stable article spelling retained; assigned N3 reading and sense checked separately.		
N3:880	3	正	せい	(logical) true,regular	1376590	words/正.md	3	1376590	1,4		Source spelling retained.		
N3:881	3	生	せい	(1) draft (beer),(2) raw,unprocessed	2088240	words/生.md	3	2088240	1		Source spelling retained.		The source gloss 'draft beer; raw; unprocessed' belongs to 生/なま, not 生/せい.
N3:882	3	性	せい	sex,gender	1375260	words/性.md	3	1375260	2,3,4,5		Source spelling retained.		
N3:883	3	所為	せい	cause,reason,fault	1610040	words/せい.md	3	1610040	1		Use the inspected せい teaching spelling; retain original 所為 in provenance.		所為 is explicitly a rarely used kanji form for this entry.
N3:884	3	税	ぜい		2081570	words/税.md	3	2081570	1		Source spelling retained.		The source gloss is empty, but the exact identity is supported. The source gloss is blank. Selected dictionary-backed teaching senses are editorial anchors, not a recovered source-specific sense inventory.
N3:885	3	性格	せいかく	character,personality	1375290	words/性格.md	3	1375290	1,2		Existing stable article spelling retained; assigned N3 reading and sense checked separately.		
N3:886	3	正確	せいかく	accurate,punctuality,exactness,authenticity,veracity	1376760	words/正確.md	3	1376760	1		Source spelling retained.		'Punctuality, authenticity, veracity' overextend the entry's accurate/correct/precise/exact sense.
N3:887	3	世紀	せいき	century,era	1373990	words/世紀.md	3	1373990	1,2,3		Source spelling retained.		
N3:888	3	請求	せいきゅう	claim,demand,application,request	1381320	words/請求.md	3	1381320	1		Source spelling retained.		
N3:889	3	税金	ぜいきん	tax,duty	1382100	words/税金.md	3	1382100	1		Source spelling retained.		
N3:890	3	清潔	せいけつ	clean	1378200	words/清潔.md	3	1378200	1		Source spelling retained.		
N3:891	3	制限	せいげん	restriction,restraint,limitation	1374700	words/制限.md	3	1374700	1		Source spelling retained.		
N3:892	3	成功	せいこう	success,hit	1375690	words/成功.md	3	1375690	1,2		Source spelling retained.		
N3:893	3	正式	せいしき	due form,official,formality	1377290	words/正式.md	3	1377290	1		Source spelling retained.		
N3:894	3	精神	せいしん	mind,soul,heart,spirit,intention	1379950	words/精神.md	3	1379950	1,2,3		Existing stable article spelling retained; assigned N3 reading and sense checked separately.		
N3:895	3	成人	せいじん	adult	1375740	words/成人.md	3	1375740	1,2		Source spelling retained.		
N3:896	3	精々	せいぜい	at the most,at best,to the utmost,as much (far) as possible	1596050	words/精々.md	3	1596050	1,2		Source spelling retained.		
N3:897	3	成績	せいせき	results,record	1375760	words/成績.md	3	1375760	1		Source spelling retained.		
N3:898	3	製造	せいぞう	manufacture,production	1380690	words/製造.md	3	1380690	1		Source spelling retained.		
N3:899	3	贅沢	ぜいたく	luxury,extravagance	1573150	words/贅沢.md	3	1573150	1,2,4		Source spelling retained.		
N3:900	3	成長	せいちょう	growth,grow to adulthood	1375790	words/成長.md	3	1375790	1,2		Source spelling retained.		
N3:901	3	制度	せいど	system,institution,organization	1374880	words/制度.md	3	1374880	1		Existing stable article spelling retained; assigned N3 reading and sense checked separately.		
N3:902	3	青年	せいねん	youth,young man	1381750	words/青年.md	3	1381750	1		Existing stable article spelling retained; assigned N3 reading and sense checked separately.		
N3:903	3	製品	せいひん	manufactured goods,finished goods	1380760	words/製品.md	3	1380760	1		Source spelling retained.		
N3:904	3	政府	せいふ	government,administration	1376070	words/政府.md	3	1376070	1		Source spelling retained.		
N3:905	3	生物	せいぶつ	raw food	1379430	words/生物.md	3	1379430	1,2		Source spelling retained.		'Raw food' belongs to 生物/なまもの, entry 1379440, not the supplied 生物/せいぶつ.
N3:906	3	生命	せいめい	life,existence	1379530	words/生命.md	3	1379530	1		Source spelling retained.		
N3:907	3	整理	せいり	sorting,arrangement,adjustment,regulation	1376250	words/整理.md	3	1376250	1		Source spelling retained.		
N3:908	3	咳	せき	cough	1204300	words/咳.md	3	1204300	1		Source spelling retained.		
N3:909	3	石炭	せきたん	coal	1382700	words/石炭.md	3	1382700	1		Source spelling retained.		
N3:910	3	責任	せきにん	duty,responsibility	1383180	words/責任.md	3	1383180	1		Existing stable article spelling retained; assigned N3 reading and sense checked separately.		
N3:911	3	石油	せきゆ	oil,petroleum,kerosene	1382830	words/石油.md	3	1382830	1,2		Source spelling retained.		The listed kerosene meaning has a register qualification.
N3:912	3	世間	せけん	world,society	1373970	words/世間.md	3	1373970	1		Source spelling retained.		
N3:913	3	説	せつ	theory	1386370	words/説.md	3	1386370	1,2,3		Source spelling retained.		
N3:914	3	積極的	せっきょくてき	positive,active,proactive	1383030	words/積極的.md	3	1383030	1		Source spelling retained.		
N3:915	3	設計	せっけい	plan,design	1386020	words/設計.md	3	1386020	1		Source spelling retained.		
N3:916	3	絶対	ぜったい	absolute,unconditional,absoluteness	1386840	words/絶対.md	3	1386840	1,2		Existing stable article spelling retained; assigned N3 reading and sense checked separately.		
N3:917	3		セット	set	1074600	words/セット.md	3	1074600	1,2,3,4,5		Source spelling retained.		
N3:918	3	設備	せつび	equipment,device,facilities,installation	1386070	words/設備.md	3	1386070	1		Source spelling retained.		
N3:919	3	絶滅	ぜつめつ	destruction,extinction	1386990	words/絶滅.md	3	1386990	1		Source spelling retained.		
N3:920	3	節約	せつやく	economising,saving	1386350	words/節約.md	3	1386350	1		Source spelling retained.		
N3:921	3	是非	ぜひ	certainly,without fail	1374530	words/ぜひ.md	4	1374530	1		Reuse the existing same-entry/same-reading article with its stable spelling.		
N3:922	3	責める	せめる	to condemn,to blame,to criticize	1383160	words/責める.md	3	1383160	1		Source spelling retained.		
N3:923	3	善	ぜん	good,goodness,right,virtue	1394250	words/善.md	3	1394250	1		Source spelling retained.		
N3:924	3	全	ぜん	all,whole,entire,complete,overall,pan	1394770	words/全.md	3	1394770	1,2		Source spelling retained.		
N3:925	3	全員	ぜんいん	all members (unanimity),all hands,the whole crew	1394840	words/全員.md	3	1394840	1		Source spelling retained.		The parenthetical '(unanimity)' adds agreement that 全員 itself does not express.
N3:926	3	専攻	せんこう	major subject,special study	1389780	words/専攻.md	3	1389780	1		Source spelling retained.		
N3:927	3	全国	ぜんこく	country-wide,nation-wide,whole country,national	1581180	words/全国.md	3	1581180	1		Source spelling retained.		
N3:928	3	先日	せんじつ	the other day,a few days ago	1388300	words/先日.md	3	1388300	1		Source spelling retained.		
N3:929	3	前者	ぜんしゃ	the former	1393090	words/前者.md	3	1393090	1		Source spelling retained.		
N3:930	3	選手	せんしゅ	(1) player (in game),(2) team	1392250	words/選手.md	3	1392250	1		Source spelling retained.		The separate source gloss 'team' confuses a participant with the collective.
N3:931	3	前進	ぜんしん	advance,drive,progress	1393350	words/前進.md	3	1393350	1		Source spelling retained.		
N3:932	3		センター	a center	1075040	words/センター.md	3	1075040	1,2		Source spelling retained.		
N3:933	3	全体	ぜんたい	whole,entirety,whatever (is the matter)	1395660	words/全体.md	3	1395660	1,3		Source spelling retained.		
N3:934	3	選択	せんたく	selection,choice	1392290	words/選択.md	3	1392290	1		Source spelling retained.		
N3:935	3	然う	そう	so	2137720	words/そう.md	4	2137720	1,2,3		Use the inspected そう teaching spelling; retain original 然う in provenance.		然う is explicitly a rarely used spelling.
N3:936	3	象	ぞう	elephant	1351830	words/象.md	3	1351830	1		Source spelling retained.		
N3:937	3	騒音	そうおん	noise	1403060	words/騒音.md	3	1403060	1		Source spelling retained.		
N3:938	3	増加	ぞうか	increase,addition	1403160	words/増加.md	3	1403160	1		Source spelling retained.		
N3:939	3	操作	そうさ	operation,management,processing	1400050	words/操作.md	3	1400050	1,2		Source spelling retained.		
N3:940	3	想像	そうぞう	imagination,guess	1399610	words/想像.md	3	1399610	1		Source spelling retained.		
N3:941	3	相続	そうぞく	succession,inheritance	1401090	words/相続.md	3	1401090	1,2		Source spelling retained.		
N3:942	3	装置	そうち	equipment,installation,apparatus	1402360	words/装置.md	3	1402360	1		Source spelling retained.		
N3:943	3	相当	そうとう	suitable,fair,tolerable,proper	1401240	words/相当.md	3	1401240	1,2,4,5		Source spelling retained.		
N3:944	3	速度	そくど	speed,velocity,rate	1405050	words/速度.md	3	1405050	1		Source spelling retained.		
N3:945	3	底	そこ	bottom,sole	1436050	words/底.md	3	1436050	1		Source spelling retained.		
N3:946	3		そこで	so (conj),accordingly,now,then,thereupon	1406090	words/そこで.md	3	1406090	1		Source spelling retained.		
N3:947	3	組織	そしき	(1) organization,(2) structure,construction,(3) tissue,(4) system	1397630	words/組織.md	3	1397630	1,2,3,4		Source spelling retained.		
N3:948	3	注ぐ	そそぐ	to pour (into),to irrigate,to pay,to fill,to feed (e.g. a fire)	1581730	words/注ぐ.md	3	1581730	1,2,4		Source spelling retained.		The bare English 'to pay' is misleading for 注ぐ/そそぐ.
N3:949	3	育つ	そだつ	to raise (child),to be brought up,to grow (up)	1160540	words/育つ.md	3	1160540	1		Existing stable article spelling retained; assigned N3 reading and sense checked separately.		The first source gloss 'to raise (child)' incorrectly gives 育つ a transitive interpretation.
N3:950	3		そっくり	all,altogether,entirely,be just like,the splitting image of	1006790	words/そっくり.md	3	1006790	1,2		Source spelling retained.		
N3:951	3		そっと	face of the earth	1006810	words/そっと.md	3	1006810	1,2,3		Source spelling retained.		'Face of the earth' is unsupported by the supplied そっと entry.
N3:952	3	袖	そで	sleeve	1406000	words/袖.md	3	1406000	1		Source spelling retained.		
N3:953	3	備える	そなえる	to furnish,to provide for,to equip,to install	1244960	words/備える.md	3	1244960	1,2		Existing stable article spelling retained; assigned N3 reading and sense checked separately.		
N3:954	3		そのうち	eventually,sooner or later,of the previously mentioned	1006930	words/そのうち.md	3	1006930	1,2		Source spelling retained.		
N3:955	3		そのまま	without change,as it is (i.e. now)	1406030	words/そのまま.md	3	1406030	1,3		Source spelling retained.		
N3:956	3		ソファー	sofa,couch	1075480	words/ソファー.md	3	1075480	1		Source spelling retained.		
N3:957	3	粗末	そまつ	crude,rough,plain,humble	1397100	words/粗末.md	3	1397100	1,2		Source spelling retained.		
N3:958	3		それぞれ	each,every,either,respectively,severally	1596690	words/それぞれ.md	3	1596690	1		Source spelling retained.		
N3:959	3		それでも	but (still),and yet,nevertheless,even so,notwithstanding	1406060	words/それでも.md	3	1406060	1		Source spelling retained.		
N3:960	3		それと		2396190	words/それと.md	3	2396190	1		Source spelling retained.		The source supplies no English gloss. The source gloss is blank. Selected dictionary-backed teaching senses are editorial anchors, not a recovered source-specific sense inventory.
N3:961	3		それとも	or,or else	1007010	words/それとも.md	3	1007010	1		Source spelling retained.		
N3:962	3	損	そん	loss,disadvantage	1406660	words/損.md	3	1406660	1,2		Source spelling retained.		
N3:963	3	損害	そんがい	damage,injury,loss	1406710	words/損害.md	3	1406710	1		Source spelling retained.		
N3:964	3	尊敬	そんけい	respect,esteem,reverence,honour	1406400	words/尊敬.md	3	1406400	1		Source spelling retained.		
N3:965	3	存在	そんざい	existence,being	1406150	words/存在.md	3	1406150	1		Existing stable article spelling retained; assigned N3 reading and sense checked separately.		
N3:966	3	尊重	そんちょう	respect,esteem,regard	1406460	words/尊重.md	3	1406460	1		Source spelling retained.		
N3:967	3	田	た	rice field	1442730	words/田.md	3	1442730	1		Source spelling retained.		
N3:968	3	他	た	other (esp. places and things)	1949190	words/他.md	3	1949190	1		Source spelling retained.		The source's '(esp. places and things)' is not the inspected entry's usage qualification for 他/た.
N3:969	3	対	たい	pair,couple,set	1409800	words/対.md	3	1409800	1,2,3		Source spelling retained.		'Pair/couple/set' belongs to 対/つい, entry 1409810, not supplied 対/たい.
N3:970	3	大	だい		2082450	words/大.md	3	2082450	1,5		Source spelling retained.		The blank source gloss does not select among the entry's several uses. The source gloss is blank. Selected dictionary-backed teaching senses are editorial anchors, not a recovered source-specific sense inventory.
N3:971	3	台	だい	stand,rack,table,support	1412560	words/台.md	3	1412560	1,4,5		Source spelling retained.		
N3:972	3	題	だい	title,subject,theme,topic	1415470	words/題.md	3	1415470	1,2,3		Source spelling retained.		
N3:973	3	体育	たいいく	physical education,gymnastics,athletics	1409200	words/体育.md	3	1409200	1		Source spelling retained.		'Gymnastics, athletics' can misidentify 体育 as those specific sports rather than physical education.
N3:974	3	体温	たいおん	temperature (body)	1409250	words/体温.md	3	1409250	1		Source spelling retained.		
N3:975	3	大会	たいかい	convention,tournament,mass meeting,rally	1413180	words/大会.md	3	1413180	1,2		Source spelling retained.		
N3:976	3	大気	たいき	atmosphere	1413330	words/大気.md	3	1413330	1		Source spelling retained.		
N3:977	3	代金	だいきん	price,payment,cost,charge	1411790	words/代金.md	3	1411790	1		Source spelling retained.		
N3:978	3	退屈	たいくつ	tedium,boredom	1596750	words/退屈.md	3	1596750	1,2		Source spelling retained.		
N3:979	3	滞在	たいざい	stay,sojourn	1410930	words/滞在.md	3	1410930	1		Source spelling retained.		
N3:980	3	大使	たいし	ambassador	1413880	words/大使.md	3	1413880	1		Source spelling retained.		
N3:981	3	大した	たいした	considerable,great,important,significant,a big deal	1412960	words/大した.md	3	1412960	1		Source spelling retained.		
N3:982	3	対象	たいしょう	target,object (of worship, study, etc),subject (of taxation, etc)	1410120	words/対象.md	3	1410120	1		Source spelling retained.		
N3:983	3	大臣	だいじん	cabinet minister	1414160	words/大臣.md	3	1414160	1		Source spelling retained.		
N3:984	3	対する	たいする	to face,to confront,to oppose	1610160	words/対する.md	3	1610160	1,2,5		Source spelling retained.		
N3:985	3	大戦	たいせん	great war,great battle	1414360	words/大戦.md	3	1414360	1,2		Source spelling retained.		
N3:986	3	態度	たいど	attitude,manner	1410780	words/態度.md	3	1410780	1,2		Source spelling retained.		
N3:987	3	大統領	だいとうりょう	president,chief executive	1414650	words/大統領.md	3	1414650	1,2		Source spelling retained.		Bare 'president, chief executive' may suggest a company executive.
N3:988	3	大半	たいはん	majority,mostly,generally	1414790	words/大半.md	3	1414790	1,2		Source spelling retained.		
N3:989	3	代表	だいひょう	representative,representation,delegation,type,example,model	1412170	words/代表.md	3	1412170	1,2		Source spelling retained.		
N3:990	3	大部分	だいぶぶん	most part,greater part,majority	1414850	words/大部分.md	3	1414850	1		Source spelling retained.		
N3:991	3		タイプライター	typewriter	1075960	words/タイプライター.md	3	1075960	1		Source spelling retained.		
N3:992	3	逮捕	たいほ	arrest,apprehension,capture	1411470	words/逮捕.md	3	1411470	1		Source spelling retained.		
N3:993	3		ダイヤ	(1) dyer,(2) diagram,(3) (railway) schedule,(4) diamond	1076860	words/ダイヤ.md	3	1076860	1	2855660:1;2855660:2	Source spelling retained.		The source combines diamond and railway schedule/diagram, which are separate entries; 'dyer' is unsupported by either.
N3:994	3	太陽	たいよう	sun,solar	1408370	words/太陽.md	3	1408370	1		Existing stable article spelling retained; assigned N3 reading and sense checked separately.		
N3:995	3	平ら	たいら	flatness,level,smooth,calm,plain	1506930	words/平ら.md	3	1506930	1,2		Source spelling retained.		
N3:996	3	代理	だいり	representation,agency,proxy,deputy,agent	1412400	words/代理.md	3	1412400	1,2		Source spelling retained.		
N3:997	3	大陸	たいりく	continent	1415150	words/大陸.md	3	1415150	1,2,3		Source spelling retained.		
N3:998	3	倒す	たおす	to throw down,to beat,to bring down,to blow down	1445770	words/倒す.md	3	1445770	1,2		Source spelling retained.		
N3:999	3		タオル	(hand) towel	1076170	words/タオル.md	3	1076170	1		Source spelling retained.		
N3:1000	3		だが		2055530	words/だが.md	3	2055530	1		Source spelling retained.		The source gloss is empty. The source gloss is blank. Selected dictionary-backed teaching senses are editorial anchors, not a recovered source-specific sense inventory.
N3:1001	3	互い	たがい	mutual,reciprocal	1268770	words/互い.md	3	1268770	1		Existing stable article spelling retained; assigned N3 reading and sense checked separately.		
N3:1002	3	宝	たから	treasure	1516160	words/宝.md	3	1516160	1		Source spelling retained.		
N3:1003	3	宅	たく	house,home,husband	1415750	words/宅.md	3	1415750	1,2,3		Source spelling retained.		
N3:1004	3		だけど	however	1007370	words/だけど.md	3	1007370	1		Source spelling retained.		
N3:1005	3	確かめる	たしかめる	to ascertain	1205780	words/確かめる.md	3	1205780	1		Source spelling retained.		
N3:1006	3	多少	たしょう	more or less,somewhat,a little,some	1407810	words/多少.md	3	1407810	1,2		Existing stable article spelling retained; assigned N3 reading and sense checked separately.		
N3:1007	3	助ける	たすける	to help,to save,to rescue	1344410	words/助ける.md	3	1344410	1,2		Existing stable article spelling retained; assigned N3 reading and sense checked separately.		
N3:1008	3	只	ただ	free of charge,mere,only	1538900	words/ただ.md	3	1538900	1,2,4,5		Use the inspected ただ teaching spelling; retain original 只 in provenance.		Both source spellings 只 and 唯 are marked rarely used kanji forms in the shared entry.
N3:1009	3	唯	ただ	free of charge,mere,sole,only,usual,common	1538900	words/ただ.md	3	1538900	1,2,4,5		Use the inspected ただ teaching spelling; retain original 唯 in provenance.		Both source spellings 只 and 唯 are marked rarely used kanji forms in the shared entry.
N3:1010	3	戦い	たたかい	battle,fight,struggle,conflict	1596950	words/戦い.md	3	1596950	1,2,3		Source spelling retained.		
N3:1011	3	戦う	たたかう	to fight,to battle,to combat	1596960	words/戦う.md	3	1596960	1,2,3		Source spelling retained.		
N3:1012	3	叩く	たたく	to strike,to clap,to dust,to beat	1416170	words/叩く.md	3	1416170	1,2		Source spelling retained.		
N3:1013	3	直ちに	ただちに	at once,immediately,directly,in person	1430670	words/直ちに.md	3	1430670	1,2		Source spelling retained.		'In person' is not a supported sense of 直ちに in the inspected entry.
N3:1014	3	立ち上がる	たちあがる	to stand up	1551370	words/立ち上がる.md	3	1551370	1,5		Source spelling retained.		
N3:1015	3	立場	たちば	standpoint,position,situation	1551710	words/立場.md	3	1551710	1,2		Source spelling retained.		
N3:1016	3	経つ	たつ	to pass,to lapse	1251100	words/経つ.md	3	1251100	1		Source spelling retained.		
N3:1017	3	達する	たっする	to reach,to get to	1416230	words/達する.md	3	1416230	1		Source spelling retained.		
N3:1018	3		たった	free of charge,mere,sole,only,usual,common	1007230	words/たった.md	3	1007230	1		Source spelling retained.		Free of charge/usual/common are not senses in the supplied たった entry.
N3:1019	3		だって	but,because,even,also,too	2643970	words/だって.md	3	2643970	1,2,3,4		Source spelling retained.		
N3:1020	3		たっぷり	full,in plenty,ample	1007240	words/たっぷり.md	3	1007240	1,3		Source spelling retained.		
N3:1021	3	例え	たとえ	simile,metaphor,allegory	1597120	words/例え.md	3	1597120	1,2		Source spelling retained.		
N3:1022	3	谷	たに	valley	1581590	words/谷.md	3	1581590	1		Source spelling retained.		
N3:1023	3	他人	たにん	another person,unrelated person,outsider,stranger	1581400	words/他人.md	3	1581400	1,2,3		Existing stable article spelling retained; assigned N3 reading and sense checked separately.		
N3:1024	3	種	たね	(1) seed,(2) material,(3) cause,source	1328820	words/種.md	3	1328820	1,5,6		Source spelling retained.		
N3:1025	3	束	たば	handbreadth,bundle	1404450	words/束.md	3	1404450	1		Source spelling retained.		The 'handbreadth' gloss belongs to a different reading, 束/つか, and is marked archaic there.
N3:1026	3	度	たび	counter for occurrences	1445150	words/度.md	3	1445150	1		Source spelling retained.		
N3:1027	3	旅	たび	travel,trip,journey	1553120	words/旅.md	3	1553120	1		Source spelling retained.		
N3:1028	3		たびたび	often,repeatedly,frequently	1597160	words/たびたび.md	3	1597160	1		Source spelling retained.		
N3:1029	3	玉	たま	ball,sphere,coin	1240530	words/玉.md	3	1240530	1,10,16		Source spelling retained.		玉, 球 and 弾 legitimately share this entry, but spelling preferences and the coin pronunciation matter.
N3:1030	3	球	たま	globe,sphere,ball	1240530	words/球.md	3	1240530	1,3		Source spelling retained.		玉, 球 and 弾 legitimately share this entry, but spelling preferences and the coin pronunciation matter.
N3:1031	3	弾	たま	bullet,shot,shell	1240530	words/弾.md	3	1240530	5		Source spelling retained.		玉, 球 and 弾 legitimately share this entry, but spelling preferences and the coin pronunciation matter.
N3:1032	3	偶	たま	even number,couple,man and wife,friend	2068840	words/たま.md	3	2068840	1		Use the inspected たま teaching spelling; retain original 偶 in provenance.		偶/たま means occasional/infrequent, not the source's even-number/couple/man-and-wife/friend list.
N3:1033	3	偶々	たまたま	casually,unexpectedly,accidentally,by chance	1597180	words/たまたま.md	3	1597180	1		Use the inspected たまたま teaching spelling; retain original 偶々 in provenance.		偶々 is a rarely used kanji form.
N3:1034	3		たまらない	intolerable,unbearable,unendurable	1211340	words/たまらない.md	3	1211340	1,2,3		Source spelling retained.		
N3:1035	3	黙る	だまる	to be silent	1534930	words/黙る.md	3	1534930	1		Source spelling retained.		
N3:1036	3	駄目	だめ	useless,no good,hopeless	1409110	words/だめ.md	4	1409110	1,3,5		Reuse the existing same-entry/same-reading article with its stable spelling.		
N3:1037	3	試し	ためし	trial,test	1312250	words/試し.md	3	1312250	1		Source spelling retained.		
N3:1038	3	試す	ためす	to attempt,to test	1312260	words/試す.md	3	1312260	1		Source spelling retained.		
N3:1039	3	便り	たより	news,tidings,information,correspondence,letter	1512410	words/便り.md	3	1512410	1		Source spelling retained.		
N3:1040	3	頼る	たよる	to rely on,to have recourse to,to depend on	1597200	words/頼る.md	3	1597200	1		Source spelling retained.		
N3:1041	3	段	だん	step,stair,flight of steps,grade,rank,level	1633690	words/段.md	3	1633690	1,2,3,4		Source spelling retained.		
N3:1042	3	単位	たんい	unit,denomination,credit (in school)	1417040	words/単位.md	3	1417040	1,3,4		Source spelling retained.		
N3:1043	3	単語	たんご	word,vocabulary,(usually) single-character word	1417330	words/単語.md	3	1417330	1		Existing stable article spelling retained; assigned N3 reading and sense checked separately.		'(Usually) single-character word' falsely equates lexical units with character count.
N3:1044	3	男子	だんし	youth,young man	1420070	words/男子.md	3	1420070	1,2		Source spelling retained.		The source's 'youth, young man' imposes an age restriction absent from the male/man sense.
N3:1045	3	単純	たんじゅん	simplicity	1417550	words/単純.md	3	1417550	1		Source spelling retained.		
N3:1046	3	誕生	たんじょう	birth	1419080	words/誕生.md	3	1419080	1,2		Source spelling retained.		
N3:1047	3		ダンス	dance	1077250	words/ダンス.md	3	1077250	1		Source spelling retained.		
N3:1048	3	団体	だんたい	organization,association	1419270	words/団体.md	3	1419270	1,2		Source spelling retained.		
N3:1049	3	担当	たんとう	(in) charge	1418160	words/担当.md	3	1418160	1		Source spelling retained.		
N3:1050	3	単なる	たんなる	mere,simple,sheer	1417020	words/単なる.md	3	1417020	1		Source spelling retained.		
N3:1051	3	単に	たんに	simply,merely,only,solely	1417030	words/単に.md	3	1417030	1		Source spelling retained.		
N3:1052	3	地	ち	earth	1420730	words/地.md	3	1420730	1,2		Source spelling retained.		
N3:1053	3	地位	ちい	(social) position,status	1420780	words/地位.md	3	1420780	1,2		Existing stable article spelling retained; assigned N3 reading and sense checked separately.		
N3:1054	3	地域	ちいき	area,region	1420800	words/地域.md	3	1420800	1		Source spelling retained.		
N3:1055	3		チーズ	cheese	1077330	words/チーズ.md	3	1077330	1,3		Source spelling retained.		
N3:1056	3		チーム	team	1077360	words/チーム.md	3	1077360	1		Source spelling retained.		
N3:1057	3	知恵	ちえ	wisdom,wit,sagacity,sense,intelligence,advice	1420530	words/知恵.md	3	1420530	1		Source spelling retained.		
N3:1058	3	地下	ちか	basement,underground	1420840	words/地下.md	3	1420840	1,3		Source spelling retained.		
N3:1059	3	違い	ちがい	difference,discrepancy	1158870	words/違い.md	3	1158870	1		Source spelling retained.		
N3:1060	3	違いない	ちがいない	(phrase) sure,no mistaking it,for certain	1610740	words/違いない.md	3	1610740	1		Source spelling retained.		
N3:1061	3	近頃	ちかごろ	lately,recently,nowadays	1242300	words/近頃.md	3	1242300	1		Source spelling retained.		
N3:1062	3	地球	ちきゅう	the earth	1420970	words/地球.md	3	1420970	1		Existing stable article spelling retained; assigned N3 reading and sense checked separately.		
N3:1063	3	地区	ちく	district,section,sector	1421020	words/地区.md	3	1421020	1		Source spelling retained.		
N3:1064	3	遅刻	ちこく	lateness,late coming	1422050	words/遅刻.md	3	1422050	1		Existing stable article spelling retained; assigned N3 reading and sense checked separately.		
N3:1065	3	知事	ちじ	prefectural governor	1420580	words/知事.md	3	1420580	1		Source spelling retained.		
N3:1066	3	知識	ちしき	knowledge,information	1420590	words/知識.md	3	1420590	1		Existing stable article spelling retained; assigned N3 reading and sense checked separately.		
N3:1067	3	父親	ちちおや	father	1497680	words/父親.md	3	1497680	1		Source spelling retained.		
N3:1068	3	知能	ちのう	intelligence,brains	1420680	words/知能.md	3	1420680	1		Source spelling retained.		
N3:1069	3	地平線	ちへいせん	horizon	1421440	words/地平線.md	3	1421440	1		Source spelling retained.		
N3:1070	3	地方	ちほう	area,locality,district,region,the coast	1421450	words/地方.md	3	1421450	1,2		Source spelling retained.		'The coast' is unsupported for 地方/ちほう in the inspected entry.
N3:1071	3	茶	ちゃ	tea	1422570	words/茶.md	3	1422570	1,2,4		Source spelling retained.		
N3:1072	3		チャンス	chance,opportunity	1078040	words/チャンス.md	3	1078040	1		Source spelling retained.		
N3:1073	3		ちゃんと	perfectly,properly,exactly	1007720	words/ちゃんと.md	3	1007720	1,2		Source spelling retained.		
N3:1074	3	中	ちゅう	inside,middle,among	1620400	words/中.md	5	1620400	1,2,3,4		Existing stable article spelling retained; assigned N3 reading and sense checked separately.		'Inside, middle, among' without grammatical context obscures the supplied ちゅう identity.
N3:1075	3	注	ちゅう	annotation,explanatory note	1426520	words/注.md	3	1426520	1		Source spelling retained.		
N3:1076	3	中央	ちゅうおう	centre,central,center,middle	1423430	words/中央.md	3	1423430	1,2		Source spelling retained.		
N3:1077	3	中学	ちゅうがく	middle school,junior high school	1423640	words/中学.md	3	1423640	1		Source spelling retained.		
N3:1078	3	中古	ちゅうこ	(1) used,second-hand,old	1424150	words/中古.md	3	1424150	1,2		Existing stable article spelling retained; assigned N3 reading and sense checked separately.		
N3:1079	3	中止	ちゅうし	suspension,stoppage,discontinuance,interruption	1424410	words/中止.md	3	1424410	1,2		Source spelling retained.		
N3:1080	3	駐車	ちゅうしゃ	parking (e.g. car)	1426910	words/駐車.md	3	1426910	1		Source spelling retained.		
N3:1081	3	昼食	ちゅうしょく	lunch,midday meal	1602330	words/昼食.md	3	1602330	1		Source spelling retained.		
N3:1082	3	中心	ちゅうしん	center,core,heart,pivot,emphasis,balance	1424550	words/中心.md	3	1424550	1,2		Source spelling retained.		
N3:1083	3	注目	ちゅうもく	notice,attention,observation	1426670	words/注目.md	3	1426670	1		Source spelling retained.		
N3:1084	3	注文	ちゅうもん	order,request	1426650	words/注文.md	3	1426650	1,2		Source spelling retained.		
N3:1085	3	長期	ちょうき	long time period	1429850	words/長期.md	3	1429850	1		Source spelling retained.		
N3:1086	3	調査	ちょうさ	investigation,examination,inquiry,survey	1429120	words/調査.md	3	1429120	1		Source spelling retained.		
N3:1087	3	調子	ちょうし	tune,tone,key	1429170	words/調子.md	3	1429170	1,2,3		Source spelling retained.		
N3:1088	3	頂上	ちょうじょう	top,summit,peak	1430220	words/頂上.md	3	1430220	1		Existing stable article spelling retained; assigned N3 reading and sense checked separately.		
N3:1089	3	頂戴	ちょうだい	(1) please do for me (preceded by -te),(2) reception,being given,get	1430230	words/頂戴.md	3	1430230	1,2,3		Source spelling retained.		The request 'please do for me' and humble receiving/eating uses have different register annotations.
N3:1090	3	貯金	ちょきん	(bank) savings	1427170	words/貯金.md	3	1427170	1		Source spelling retained.		
N3:1091	3	直接	ちょくせつ	direct,immediate,personal,firsthand	1431110	words/直接.md	3	1431110	1		Source spelling retained.		
N3:1092	3	著者	ちょしゃ	author,writer	1427110	words/著者.md	3	1427110	1		Source spelling retained.		
N3:1093	3	遂に	ついに	finally,at last	1372630	words/遂に.md	3	1372630	1,2		Source spelling retained.		
N3:1094	3	通過	つうか	passage through,passing	1433070	words/通過.md	3	1433070	1,2,3		Source spelling retained.		
N3:1095	3	通学	つうがく	commuting to school	1433090	words/通学.md	3	1433090	1		Source spelling retained.		
N3:1096	3	通行	つうこう	passage,passing	1433180	words/通行.md	3	1433180	1		Source spelling retained.		
N3:1097	3	通じる	つうじる	to run to,to lead to,to communicate,to understand	1432880	words/通じる.md	3	1432880	1,3,4,11		Source spelling retained.		Bare 'to understand' can reverse the conveyed/understood structure of 通じる.
N3:1098	3	通信	つうしん	correspondence,communication,news,signal	1433330	words/通信.md	3	1433330	1		Source spelling retained.		
N3:1099	3	捕まる	つかまる	to be caught,to be arrested	1514110	words/捕まる.md	3	1514110	1,2,3		Source spelling retained.		
N3:1100	3	掴む	つかむ	to seize,to catch,to grasp	1433650	words/掴む.md	3	1433650	1,2,3		Source spelling retained.		
N3:1101	3	疲れ	つかれ	tiredness,fatigue	1483730	words/疲れ.md	3	1483730	1		Source spelling retained.		
N3:1102	3	付き合い	つきあい	association,socializing,fellowship	1495640	words/付き合い.md	3	1495640	1		Source spelling retained.		
N3:1103	3	次々	つぎつぎ	in succession,one by one	1597850	words/次々.md	3	1597850	1		Source spelling retained.		
N3:1104	3	就く	つく	to settle in (place),to take (seat, position),to study (under teacher)	1331530	words/就く.md	3	1331530	1,4		Source spelling retained.		
N3:1105	3	注ぐ	つぐ	to pour (into),to irrigate,to pay	2145240	words/注ぐ.md	3	2145240	1		Source spelling retained.		The つぐ entry does not support the source's 'irrigate' and bare 'pay' glosses.
N3:1106	3	土	つち	earth,soil	1445270	words/土.md	3	1445270	1		Source spelling retained.		
N3:1107	3	続き	つづき	sequel,continuation	1894690	words/続き.md	3	1894690	1		Source spelling retained.		
N3:1108	3	包み	つつみ	bundle,package,parcel,bale	1515340	words/包み.md	3	1515340	1		Source spelling retained.		
N3:1109	3	勤め	つとめ	(1) service,duty,business,responsibility,task,(2) Buddhist religious services	1240810	words/勤め.md	3	1240810	1,2		Source spelling retained.		
N3:1110	3	務め	つとめ	(1) service,duty,(2) Buddhist religious services	1240810	words/務め.md	3	1240810	1,2		Source spelling retained.		
N3:1111	3	繋ぐ	つなぐ	to tie,to fasten,to connect,to transfer (phone call)	1251900	words/繋ぐ.md	3	1251900	1,2,4		Source spelling retained.		
N3:1112	3	常に	つねに	always,constantly	1355970	words/常に.md	3	1355970	1		Source spelling retained.		
N3:1113	3	翼	つばさ	wings	1547530	words/翼.md	3	1547530	1		Source spelling retained.		
N3:1114	3		つまり	in short,in brief,in other words	1610430	words/つまり.md	3	1610430	1,2		Source spelling retained.		
N3:1115	3	罪	つみ	crime,fault,indiscretion	1296680	words/罪.md	3	1296680	1,3		Existing stable article spelling retained; assigned N3 reading and sense checked separately.		
N3:1116	3	詰める	つめる	to pack,to shorten,to work out (details)	1226510	words/詰める.md	3	1226510	1,2,5		Source spelling retained.		
N3:1117	3	積もる	つもる	to pile up	1382990	words/積もる.md	3	1382990	1		Source spelling retained.		
N3:1118	3	梅雨	つゆ	rainy season,rain during the rainy season	1582960	words/梅雨.md	3	1582960	1,2		Source spelling retained.		
N3:1119	3	辛い	つらい	painful,heart-breaking	1365860	words/辛い.md	5	1365860	1,2		Existing stable article spelling retained; assigned N3 reading and sense checked separately.		
N3:1120	3	釣	つり		1434040	words/釣り.md	3	1434040	1		Use the inspected 釣り teaching spelling; retain original 釣 in provenance.		The blank gloss does not select fishing versus the entry's change or internet senses; source 釣 is a recognized spelling, not flagged rare. The source gloss is blank. Selected dictionary-backed teaching senses are editorial anchors, not a recovered source-specific sense inventory.
N3:1121	3	連れ	つれ	companion,company	1559260	words/連れ.md	3	1559260	1		Source spelling retained.		
N3:1122	3	出	で	outflow,coming (going) out,graduate (of)	1896380	words/出.md	3	1896380	1,4		Source spelling retained.		
N3:1123	3	出会い	であい	meeting,rendezvous,encounter	1338400	words/出会い.md	3	1338400	1,2		Source spelling retained.		
N3:1124	3	出会う	であう	to meet by chance,to come across,to happen to encounter	1598530	words/出会う.md	3	1598530	1,2		Source spelling retained.		
N3:1125	3	提案	ていあん	proposal,proposition,suggestion	1436320	words/提案.md	3	1436320	1		Source spelling retained.		
N3:1126	3	定期	ていき	fixed term	1435490	words/定期.md	3	1435490	1,2,3,4		Source spelling retained.		
N3:1127	3	抵抗	ていこう	electrical resistance,resistance,opposition	1436260	words/抵抗.md	3	1436260	1,2,3,4		Source spelling retained.		
N3:1128	3	提出	ていしゅつ	presentation,submission,filing	1436410	words/提出.md	3	1436410	1		Source spelling retained.		
N3:1129	3	程度	ていど	degree,amount,grade,standard,of the order of (following a number)	1436540	words/程度.md	3	1436540	1		Existing stable article spelling retained; assigned N3 reading and sense checked separately.		
N3:1130	3	停留所	ていりゅうじょ	bus or tram stop	1435080	words/停留所.md	3	1435080	1		Source spelling retained.		
N3:1131	3		デート	date,go on a date	1081430	words/デート.md	3	1081430	1		Source spelling retained.		
N3:1132	3	敵	てき	enemy,rival	1582000	words/敵.md	3	1582000	1,2		Source spelling retained.		
N3:1133	3	出来事	できごと	incident,affair,happening,event	1340570	words/出来事.md	3	1340570	1		Source spelling retained.		
N3:1134	3	適する	てきする	to fit,to suit	1437340	words/適する.md	3	1437340	1		Source spelling retained.		
N3:1135	3	適切	てきせつ	pertinent,appropriate,adequate,relevance	1437430	words/適切.md	3	1437430	1		Existing stable article spelling retained; assigned N3 reading and sense checked separately.		
N3:1136	3	適度	てきど	moderate	1437440	words/適度.md	3	1437440	1		Source spelling retained.		
N3:1137	3	適用	てきよう	applying	1437500	words/適用.md	3	1437500	1		Source spelling retained.		
N3:1138	3	出来るだけ	できるだけ	if at all possible	1340460	words/できるだけ.md	4	1340460	1		Reuse the existing same-entry/same-reading article with its stable spelling.		
N3:1139	3		できれば		2825960	words/できれば.md	3	2825960	1		Source spelling retained.		The source gloss is empty. The source gloss is blank. Selected dictionary-backed teaching senses are editorial anchors, not a recovered source-specific sense inventory.
N3:1140	3	手品	てじな	sleight of hand,conjuring trick,magic,juggling	1328310	words/手品.md	3	1328310	1		Source spelling retained.		Modern 'juggling' is not supported by the inspected 手品 entry.
N3:1141	3		ですから	therefore	1008430	words/ですから.md	3	1008430	1		Source spelling retained.		
N3:1142	3	鉄	てつ	iron	1437780	words/鉄.md	3	1437780	1,2,3		Source spelling retained.		
N3:1143	3	哲学	てつがく	philosophy	1437610	words/哲学.md	3	1437610	1		Source spelling retained.		
N3:1144	3	手伝い	てつだい	help,helper,assistant	1328170	words/手伝い.md	3	1328170	1,2		Source spelling retained.		
N3:1145	3	徹底	てってい	thoroughness,completeness	1437670	words/徹底.md	3	1437670	1,2		Source spelling retained.		
N3:1146	3	鉄道	てつどう	railroad	1437960	words/鉄道.md	3	1437960	1		Source spelling retained.		
N3:1147	3	徹夜	てつや	all night,all night vigil,sleepless night	1437700	words/徹夜.md	3	1437700	1		Source spelling retained.		
N3:1148	3	手間	てま	time,labour	1327410	words/手間.md	3	1327410	1		Source spelling retained.		
N3:1149	3		デモ	(abbr) demo,demonstration	1084000	words/デモ.md	3	1084000	1,2		Source spelling retained.		
N3:1150	3	典型	てんけい	type,pattern,archetypal	1438080	words/典型.md	3	1438080	1		Source spelling retained.		
N3:1151	3	天候	てんこう	weather	1438970	words/天候.md	3	1438970	1		Existing stable article spelling retained; assigned N3 reading and sense checked separately.		
N3:1152	3	電子	でんし	electron	1443320	words/電子.md	3	1443320	1,2		Source spelling retained.		
N3:1153	3		テント	tent	1081040	words/テント.md	3	1081040	1		Source spelling retained.		
N3:1154	3	伝統	でんとう	tradition,convention	1442260	words/伝統.md	3	1442260	1		Source spelling retained.		
N3:1155	3	天然	てんねん	nature,spontaneity	1439580	words/天然.md	3	1439580	1,2		Source spelling retained.		
N3:1156	3	度	ど	counter for occurrences	1445160	words/度.md	3	1445160	1,2		Source spelling retained.		
N3:1157	3	問い	とい	question,query	1535930	words/問い.md	3	1535930	1		Source spelling retained.		
N3:1158	3	党	とう	party (political)	1445980	words/党.md	3	1445980	1,2		Source spelling retained.		
N3:1159	3	塔	とう	tower,pagoda	1446740	words/塔.md	3	1446740	1,2		Source spelling retained.		
N3:1160	3		ド	child,servant,foolishness	2252690	words/ド.md	3	2252690	1,2		Source spelling retained.		ド is recognized in the supplied intensifying-prefix entry, but 'child, servant, foolishness' does not identify its senses. A separate musical ド entry also exists. Historical source intent remains uncertain. For teaching, retain the dictionary-verified Japanese spelling/reading identity, with supported meanings rather than the conflicting English gloss. This is an explicit editorial choice, not recovery of the list compiler's intent. Contrasting readings or identities do not acquire an independent N3 assignment.
N3:1161	3	答案	とうあん	examination paper,examination script	1449550	words/答案.md	3	1449550	1,2		Source spelling retained.		
N3:1162	3	同一	どういつ	identity,sameness,similarity	1451900	words/同一.md	3	1451900	1		Source spelling retained.		'Similarity' weakens the entry's identical/one-and-the-same meaning.
N3:1163	3		どうか	copper coin	1632200	words/銅貨.md	3	1454350	1		Disambiguate source kana どうか as 銅貨 for the explicit copper-coin clue.	Historical source intent remains uncertain. The kana spelling does not disambiguate the homophones. Select inspected JMdict 1454350, 銅貨/どうか, because its copper-coin sense agrees with the source's specific English clue. Preserve supplied expression ID 1632200 separately; do not claim that the source establishes the please/somehow expression's level.	Kana どうか and the supplied ID identify the please/somehow/whether expression, while 'copper coin' exactly identifies the separate 銅貨/どうか entry 1454350. Historical source intent remains uncertain. The kana spelling does not disambiguate the homophones. Select inspected JMdict 1454350, 銅貨/どうか, because its copper-coin sense agrees with the source's specific English clue. Preserve supplied expression ID 1632200 separately; do not claim that the source establishes the please/somehow expression's level.
N3:1164	3	当時	とうじ	at that time,in those days	1449090	words/当時.md	3	1449090	1		Source spelling retained.		
N3:1165	3	動詞	どうし	verb	1451380	words/動詞.md	3	1451380	1		Source spelling retained.		
N3:1166	3	同時	どうじ	simultaneous(ly),concurrent,same time,synchronous	1452500	words/同時.md	3	1452500	1,2		Source spelling retained.		
N3:1167	3		どうしても	by all means,at any cost,no matter what	1466950	words/どうしても.md	3	1466950	1,2,3		Source spelling retained.		
N3:1168	3	到着	とうちゃく	arrival	1449870	words/到着.md	3	1449870	1		Existing stable article spelling retained; assigned N3 reading and sense checked separately.		
N3:1169	3	道徳	どうとく	morals	1454240	words/道徳.md	3	1454240	1		Source spelling retained.		
N3:1170	3	投票	とうひょう	voting,poll	1447320	words/投票.md	3	1447320	1		Source spelling retained.		
N3:1171	3	同様	どうよう	identical,equal to,same (kind),like	1453550	words/同様.md	3	1453550	1		Source spelling retained.		
N3:1172	3	同僚	どうりょう	coworker,colleague,associate	1453580	words/同僚.md	3	1453580	1		Source spelling retained.		
N3:1173	3	道路	どうろ	road,highway	1454290	words/道路.md	3	1454290	1		Existing stable article spelling retained; assigned N3 reading and sense checked separately.		
N3:1174	3	通す	とおす	to let pass,to overlook,to continue	1432900	words/通す.md	3	1432900	1,3,6,17,19		Source spelling retained.		Bare 'to overlook' is not a safe general definition for 通す.
N3:1175	3	通り	とおり	in accordance with ~,following ~,~ Street,~ Avenue	1432920	words/通り.md	3	1432920	1,7		Source spelling retained.		
N3:1176	3	通り過ぎる	とおりすぎる	to pass,to pass through	1432980	words/通り過ぎる.md	3	1432980	1		Source spelling retained.		
N3:1177	3	都会	とかい	city	1444970	words/都会.md	3	1444970	1		Existing stable article spelling retained; assigned N3 reading and sense checked separately.		
N3:1178	3	時	とき	(1) time,hour,(2) occasion,moment	1315840	words/時.md	3	1315840	1,2		Source spelling retained.		
N3:1179	3	解く	とく	to unfasten	1198890	words/解く.md	3	1198890	1,3,4		Source spelling retained.		
N3:1180	3	毒	どく	poison,toxicant	1455500	words/毒.md	3	1455500	1,2		Source spelling retained.		
N3:1181	3	得意	とくい	pride,triumph,prosperity	1454510	words/得意.md	3	1454510	1,2		Existing stable article spelling retained; assigned N3 reading and sense checked separately.		'Prosperity' is unsupported by the inspected 得意 entry.
N3:1182	3	読書	どくしょ	reading	1456420	words/読書.md	3	1456420	1		Existing stable article spelling retained; assigned N3 reading and sense checked separately.		
N3:1183	3	独身	どくしん	bachelorhood,single,unmarried,celibate	1455850	words/独身.md	3	1455850	1		Source spelling retained.		English 'celibate' can falsely assert sexual abstinence; 'bachelorhood' can also imply a male-only restriction.
N3:1184	3	特徴	とくちょう	feature,characteristic	1455170	words/特徴.md	3	1455170	1		Source spelling retained.		
N3:1185	3	独特	どくとく	peculiarity,uniqueness,characteristic	1456010	words/独特.md	3	1456010	1		Source spelling retained.		
N3:1186	3	独立	どくりつ	independence (e.g. Ind. Day),self-support	1456040	words/独立.md	3	1456040	1,2,3		Source spelling retained.		
N3:1187	3	解ける	とける	to come untied,to come apart	1198910	words/解ける.md	3	1198910	1,2,3,4		Source spelling retained.		
N3:1188	3		どこか	somewhere,anywhere	1189000	words/どこか.md	3	1189000	1,2		Source spelling retained.		
N3:1189	3		ところが	however,while,even if	1008570	words/ところが.md	3	1008570	1		Source spelling retained.		The source's 'while, even if' does not specify the construction, and can make ところが look freely interchangeable with ところで.
N3:1190	3		ところで	by the way,even if,no matter what	1343110	words/ところで.md	3	1343110	1,2		Source spelling retained.		The source merges discourse 'by the way' with an attachment-dependent 'even if' use.
N3:1191	3	登山	とざん	mountain-climbing	1444780	words/登山.md	3	1444780	1		Source spelling retained.		
N3:1192	3	都市	とし	town,city,municipal,urban	1444990	words/都市.md	3	1444990	1		Source spelling retained.		
N3:1193	3	年月	としつき	months and years	1582870	words/年月.md	3	1582870	1		Source spelling retained.		
N3:1194	3	図書	としょ	books	1370410	words/図書.md	3	1370410	1		Source spelling retained.		
N3:1195	3	年寄	としより	old people,the aged	1598750	words/年寄り.md	3	1598750	1		Use the inspected 年寄り teaching spelling; retain original 年寄 in provenance.		The old-person sense carries a sensitivity label; source 年寄 is a recognized unflagged spelling.
N3:1196	3	閉じる	とじる	to close (e.g. book, eyes),to shut	1508550	words/閉じる.md	3	1508550	1		Source spelling retained.		
N3:1197	3	途端	とたん	just (now, at the moment, etc.)	1610870	words/途端.md	3	1610870	1		Source spelling retained.		
N3:1198	3	土地	とち	plot of land,lot,soil	1445470	words/土地.md	3	1445470	1,2		Existing stable article spelling retained; assigned N3 reading and sense checked separately.		
N3:1199	3	突然	とつぜん	abruptly,suddenly,unexpectedly,all at once	1457040	words/突然.md	3	1457040	1		Existing stable article spelling retained; assigned N3 reading and sense checked separately.		
N3:1200	3		トップ	top	1085030	words/トップ.md	3	1085030	1,2,3,4		Source spelling retained.		
N3:1201	3	届く	とどく	to reach	1457200	words/届く.md	3	1457200	1,2		Source spelling retained.		
N3:1202	3		とにかく	anyhow,at any rate,anyway,somehow or other,generally speaking,in any case	1443990	words/とにかく.md	3	1443990	1,2		Source spelling retained.		'Somehow or other, generally speaking' can obscure the supported anyway/in-any-case discourse meaning.
N3:1203	3	飛ばす	とばす	to skip over,to omit	1485230	words/飛ばす.md	3	1485230	1,2		Source spelling retained.		
N3:1204	3	飛び出す	とびだす	to jump out,to rush out,to fly out	1485350	words/飛び出す.md	3	1485350	1,3,4		Source spelling retained.		
N3:1205	3	留める	とめる	to fasten,to turn off,to detain	1310670	words/止める.md	4	1310670	1,6,7		Reuse the existing same-entry/same-reading article with its stable spelling.		The source's 'turn off' is a shared-entry sense whose spelling note favors 止める/停める, while fastening/detaining favors 留める.
N3:1206	3	友	とも	friend,companion,pal	1539980	words/友.md	3	1539980	1		Source spelling retained.		
N3:1207	3	共に	ともに	sharing with,participate in	1234260	words/共に.md	3	1234260	1,2,3		Source spelling retained.		'Sharing with, participate in' can misrepresent the adverb 共に as a verb.
N3:1208	3	土曜	どよう	Saturday	1445580	words/土曜.md	3	1445580	1		Source spelling retained.		
N3:1209	3	虎	とら	tiger	1267610	words/虎.md	3	1267610	1		Source spelling retained.		
N3:1210	3		ドライブ	drive,trip by car,driving	1088580	words/ドライブ.md	3	1088580	1,2		Source spelling retained.		
N3:1211	3		トラック	(1) truck,(2) (running) track	1085760	words/トラック.md	3	1085760	1	2850185:1	Source spelling retained.		The source combines truck and running track, but supplied 1085760 covers only truck/lorry.
N3:1212	3		ドラマ	drama	1088830	words/ドラマ.md	3	1088830	1,2		Source spelling retained.		
N3:1213	3		トランプ	playing cards (lit: trump)	1086410	words/トランプ.md	3	1086410	1		Source spelling retained.		
N3:1214	3	取り上げる	とりあげる	to take up,to pick up,to disqualify,to confiscate,to deprive	1326800	words/取り上げる.md	3	1326800	1,2,4,5		Source spelling retained.		
N3:1215	3	努力	どりょく	great effort,exertion,endeavour,effort	1445130	words/努力.md	3	1445130	1		Existing stable article spelling retained; assigned N3 reading and sense checked separately.		
N3:1216	3		ドレス	dress	1089280	words/ドレス.md	3	1089280	1		Source spelling retained.		
N3:1217	3	取れる	とれる	to come off,to be taken off,to be removed	1326990	words/取れる.md	3	1326990	1,2,6		Source spelling retained.		
N3:1218	3	泥	どろ	mud	1436900	words/泥.md	3	1436900	1		Source spelling retained.		
N3:1219	3	屯	トン	1000 ton	1457320	words/トン.md	3	1457320	1		Use the inspected トン teaching spelling; retain original 屯 in provenance.		The source '1000 ton' is a unit-magnitude error, and 屯 is explicitly a rare ateji spelling for this word.
N3:1220	3		とんでもない	unexpected,offensive,What a thing to say!,No way!	1008790	words/とんでもない.md	3	1008790	1,2,3		Source spelling retained.		
N3:1221	3		どんな	what,what kind of	1009330	words/どんな.md	3	1009330	1,2		Source spelling retained.		
N3:1222	3		どんなに	how,how much	1009340	words/どんなに.md	3	1009340	1,2		Source spelling retained.		
N3:1223	3		トンネル	tunnel	1087630	words/トンネル.md	3	1087630	1		Source spelling retained.		
N3:1224	3	名	な	name,reputation	1531330	words/名.md	3	1531330	1,3		Source spelling retained.		
N3:1225	3	内容	ないよう	subject,contents,matter,substance,detail,import	1459400	words/内容.md	3	1459400	1		Existing stable article spelling retained; assigned N3 reading and sense checked separately.		
N3:1226	3	直	なお	straight,mischief,ordinary,common	1430580	words/直.md	3	1430580	1,2,3		Source spelling retained.		The supplied 直/なお identity is recognized, but 'straight' is explicitly archaic and 'mischief' is not supported by its senses.
N3:1227	3	仲	なか	relation,relationship	1425710	words/仲.md	3	1425710	1		Source spelling retained.		
N3:1228	3	流す	ながす	to drain,to float,to shed (blood, tears),to cruise (e.g. taxi)	1552120	words/流す.md	3	1552120	1,2,4,6		Source spelling retained.		
N3:1229	3		なかなか	very,considerably,easily	1599420	words/なかなか.md	4	1599420	1,2		Existing stable article spelling retained; assigned N3 reading and sense checked separately.		The source's positive 'very/considerably/easily' list omits the explicit negative-verb qualification.
N3:1230	3	半ば	なかば	middle,half,semi,halfway,partly	1478780	words/半ば.md	3	1478780	1,3		Source spelling retained.		
N3:1231	3	仲間	なかま	company,fellow,colleague,associate	1425790	words/仲間.md	3	1425790	1,2,3		Source spelling retained.		
N3:1232	3	眺め	ながめ	scene,view,prospect,outlook	1610960	words/眺め.md	3	1610960	1		Source spelling retained.		
N3:1233	3	眺める	ながめる	to view,to gaze at	1428830	words/眺める.md	3	1428830	1,2		Source spelling retained.		
N3:1234	3	流れ	ながれ	stream,current	1552130	words/流れ.md	3	1552130	1,2,3		Source spelling retained.		
N3:1235	3	流れる	ながれる	to stream,to flow,to run (ink),to be washed away	1552140	words/流れる.md	3	1552140	1,2		Existing stable article spelling retained; assigned N3 reading and sense checked separately.		
N3:1236	3	無し	なし	without	1529560	words/無し.md	3	1529560	1,2		Source spelling retained.		
N3:1237	3		なぜなら	because	1009410	words/なぜなら.md	3	1009410	1		Source spelling retained.		
N3:1238	3	謎	なぞ	riddle,puzzle,enigma	1459690	words/謎.md	3	1459690	1,2		Source spelling retained.		
N3:1239	3	納得	なっとく	consent,assent,understanding	1470080	words/納得.md	3	1470080	1,2		Source spelling retained.		
N3:1240	3	等	など	et cetera,etc.,and the like	1582300	words/など.md	5	1582300	1,3,4		Reuse the existing same-entry/same-reading article with its stable spelling.		
N3:1241	3	何か	なにか	something	1188270	words/何か.md	3	1188270	1,2		Existing stable article spelling retained; assigned N3 reading and sense checked separately.		
N3:1242	3		なにも	nothing	1188490	words/なにも.md	3	1188490	1,3		Source spelling retained.		Bare 'nothing' omits the negative-predicate condition documented for 何も.
N3:1243	3	鍋	なべ	saucepan,pot	1459720	words/鍋.md	3	1459720	1,2		Source spelling retained.		
N3:1244	3	生	なま	(1) draft (beer),(2) raw,unprocessed	1378450	words/生.md	3	1378450	1,2,7		Source spelling retained.		
N3:1245	3	怠ける	なまける	to be idle,to neglect	1410660	words/怠ける.md	3	1410660	1,2		Source spelling retained.		
N3:1246	3	波	なみ	wave	1470970	words/波.md	3	1470970	1,2		Source spelling retained.		
N3:1247	3	涙	なみだ	tear	1555930	words/涙.md	3	1555930	1		Source spelling retained.		
N3:1248	3	悩む	なやむ	to be worried,to be troubled	1469870	words/悩む.md	3	1469870	1		Source spelling retained.		
N3:1249	3	為る	なる	to change,to be of use,to reach to	1375610	words/なる.md	5	1375610	1,9		Use the inspected なる teaching spelling; retain original 為る in provenance.		Source 為る/なる is marked rarely used kanji; 成る/なる is an unflagged spelling of the same identity.
N3:1250	3	成る	なる	to become	1375610	words/なる.md	5	1375610	1		Use the inspected なる teaching spelling; retain original 成る in provenance.		Source 為る/なる is marked rarely used kanji; 成る/なる is an unflagged spelling of the same identity.
N3:1251	3	縄	なわ	rope,hemp	1459830	words/縄.md	3	1459830	1		Source spelling retained.		Bare 'hemp' confuses a possible rope material with the word's referent.
N3:1252	3	何で	なんで	Why?,What for?	1611020	words/何で.md	3	1611020	1,2		Source spelling retained.		
N3:1253	3	何でも	なんでも	by all means,everything	1611030	words/何でも.md	3	1611030	1,2		Source spelling retained.		The unqualified 'by all means' gloss is not a listed sense of 何でも/なんでも.
N3:1254	3	何とか	なんとか	somehow,anyhow,one way or another	1188420	words/何とか.md	3	1188420	2		Source spelling retained.		
N3:1255	3	似合う	にあう	to suit,to match,to become,to be like	1314680	words/似合う.md	3	1314680	1		Source spelling retained.		
N3:1256	3	匂い	におい	odour,scent,smell,stench	1599760	words/におい.md	4	1599760	1		Reuse the existing same-entry/same-reading article with its stable spelling.		The source's 'stench' needs the spelling note attached to the shared smell sense.
N3:1257	3	苦手	にがて	poor (at),weak (in),dislike (of)	1244470	words/苦手.md	3	1244470	1,2		Source spelling retained.		
N3:1258	3	握る	にぎる	to grasp,to seize,to mould sushi	1152720	words/握る.md	3	1152720	1,3,4		Source spelling retained.		
N3:1259	3	日	にち	sun,sunshine,day	2083100	words/日.md	4	2083100	2,3		Existing stable article spelling retained; assigned N3 reading and sense checked separately.		The sun/sunshine gloss belongs to 日/ひ, not the supplied 日/にち entry.
N3:1260	3	日常	にちじょう	ordinary,regular,everyday,usual	1464180	words/日常.md	3	1464180	1		Source spelling retained.		
N3:1261	3	日曜	にちよう	Sunday	1464880	words/日曜.md	3	1464880	1		Source spelling retained.		
N3:1262	3	日光	にっこう	sunlight	1464030	words/日光.md	3	1464030	1,2		Source spelling retained.		
N3:1263	3	日中	にっちゅう	daytime,broad daylight	1464250	words/日中.md	3	1464250	1		Existing stable article spelling retained; assigned N3 reading and sense checked separately.		
N3:1264	3		にっこり	smile sweetly,smile,grin	1632320	words/にっこり.md	3	1632320	1		Source spelling retained.		
N3:1265	3	日本	にほん	Japan	1582710	words/日本.md	3	1582710	1		Existing stable article spelling retained; assigned N3 reading and sense checked separately.		
N3:1266	3	日本	にっぽん	Japan	1582710	words/日本.md	3	1582710	1		Existing stable article spelling retained; assigned N3 reading and sense checked separately.		
N3:1267	3	入場	にゅうじょう	entrance,admission,entering	1466360	words/入場.md	3	1466360	1		Source spelling retained.		
N3:1268	3	人気	にんき	sign of life	1367010	words/人気.md	3	1367010	1		Source spelling retained.		'Sign of life' identifies 人気/ひとけ, entry 1367020, not 人気/にんき.
N3:1269	3	人間	にんげん	human being,man,person	1366770	words/人間.md	3	1366770	1		Existing stable article spelling retained; assigned N3 reading and sense checked separately.		
N3:1270	3	抜く	ぬく	to extract,to omit,to surpass,to draw out,to unplug	1478190	words/抜く.md	3	1478190	1,2,8		Existing stable article spelling retained; assigned N3 reading and sense checked separately.		
N3:1271	3	抜ける	ぬける	to come out,to fall out,to be omitted	1478200	words/抜ける.md	3	1478200	1,4,8		Source spelling retained.		
N3:1272	3	布	ぬの	cloth	1496840	words/布.md	3	1496840	1		Source spelling retained.		
N3:1273	3	濡れる	ぬれる	to get wet	1467620	words/ぬれる.md	4	1467620	1		Reuse the existing same-entry/same-reading article with its stable spelling.		
N3:1274	3	値	ね	value,price,cost	2836242	words/値.md	3	2836242	1		Source spelling retained.		
N3:1275	3	根	ね	root	1290020	words/根.md	3	1290020	1,2,3,4		Source spelling retained.		
N3:1276	3	願い	ねがい	desire,wish,request	1217900	words/願い.md	3	1217900	1,2,3,4		Source spelling retained.		
N3:1277	3	願う	ねがう	to desire,to wish,to request	1217950	words/願う.md	3	1217950	1,2		Existing stable article spelling retained; assigned N3 reading and sense checked separately.		
N3:1278	3	鼠	ねずみ	(1) mouse,rat,(2) dark gray,slate color	1397840	words/鼠.md	3	1397840	1,2		Source spelling retained.		
N3:1279	3	値段	ねだん	price,cost	1600160	words/値段.md	4	1600160	1		Existing stable article spelling retained; assigned N3 reading and sense checked separately.		
N3:1280	3	熱心	ねっしん	zeal,enthusiasm	1467910	words/ねっしん.md	4	1467910	1		Reuse the existing same-entry/same-reading article with its stable spelling.		
N3:1281	3	熱帯	ねったい	tropics	1467930	words/熱帯.md	3	1467930	1		Source spelling retained.		
N3:1282	3	熱中	ねっちゅう	nuts!,enthusiasm,zeal,mania	1467950	words/熱中.md	3	1467950	1		Source spelling retained.		'Nuts!' looks like an exclamation, while 熱中 is a noun/する word for absorption or enthusiasm.
N3:1283	3	年間	ねんかん	year	1468380	words/年間.md	3	1468380	1		Source spelling retained.		
N3:1284	3	年月	ねんげつ	months and years	1582870	words/年月.md	3	1582870	1		Source spelling retained.		
N3:1285	3	年中	ねんじゅう	whole year,always,everyday	1469000	words/年中.md	3	1469000	1,2		Source spelling retained.		
N3:1286	3	年代	ねんだい	age,era,period,date	1468950	words/年代.md	3	1468950	1		Source spelling retained.		
N3:1287	3	年齢	ねんれい	age,years	1600240	words/年齢.md	3	1600240	1		Source spelling retained.		
N3:1288	3	野	の	field	1537250	words/野.md	3	1537250	1,3		Source spelling retained.		
N3:1289	3	能	のう	being skilled in,nicely,properly	1470120	words/能.md	3	1470120	1,2		Source spelling retained.		The source's 'nicely, properly' gives adverb meanings to the noun 能/のう.
N3:1290	3	農家	のうか	farmer,farm family	1470620	words/農家.md	3	1470620	1,2		Source spelling retained.		
N3:1291	3	農業	のうぎょう	agriculture	1470660	words/農業.md	3	1470660	1		Source spelling retained.		
N3:1292	3	農民	のうみん	farmers,peasants	1470770	words/農民.md	3	1470770	1		Source spelling retained.		
N3:1293	3	能力	のうりょく	ability,faculty	1470370	words/能力.md	3	1470370	1		Source spelling retained.		
N3:1294	3		ノー		2080530	words/ノー.md	3	2080530	1,2		Source spelling retained.		The source has no English gloss. The source gloss is blank. Selected dictionary-backed teaching senses are editorial anchors, not a recovered source-specific sense inventory.
N3:1295	3	軒	のき	eaves	1260330	words/軒.md	3	1260330	1		Source spelling retained.		
N3:1296	3	残す	のこす	to leave (behind, over),to bequeath,to save,to reserve	1600260	words/残す.md	3	1600260	1,2,3,4		Source spelling retained.		
N3:1297	3	残り	のこり	remnant,residue,remaining,left-over	1304480	words/残り.md	3	1304480	1		Source spelling retained.		
N3:1298	3	乗せる	のせる	to place on (something),to take on board,to give a ride	1600270	words/乗せる.md	3	1600270	1,2,3		Source spelling retained.		The supplied source meanings fit, but the shared entry's publishing sense is not applicable to source spelling 乗せる.
N3:1299	3	除く	のぞく	to remove,to exclude,to except	1345640	words/除く.md	3	1345640	1,2		Existing stable article spelling retained; assigned N3 reading and sense checked separately.		
N3:1300	3	望み	のぞみ	wish,desire,(a) hope	1519620	words/望み.md	3	1519620	1,2		Source spelling retained.		
N3:1301	3	望む	のぞむ	to desire,to wish for,to see,to command (a view of)	1519630	words/望む.md	3	1519630	1,3		Existing stable article spelling retained; assigned N3 reading and sense checked separately.		
N3:1302	3	後	のち	afterwards,since then,in the future	1269330	words/後.md	5	1269330	1,2		Existing stable article spelling retained; assigned N3 reading and sense checked separately.		
N3:1303	3		ノック	(1) knock,(2) fungo (baseball)	1093920	words/ノック.md	3	1093920	1,2		Source spelling retained.		
N3:1304	3	伸ばす	のばす	to lengthen,to stretch,to reach out,to grow (beard)	1600290	words/伸ばす.md	3	1600290	1,2,3,4,7		Source spelling retained.		
N3:1305	3	伸びる	のびる	to stretch,to extend,to make progress,to grow (beard, body height)	1358870	words/伸びる.md	3	1358870	1,6		Source spelling retained.		
N3:1306	3	述べる	のべる	to state,to express,to mention	1340820	words/述べる.md	3	1340820	1		Source spelling retained.		
N3:1307	3	昇る	のぼる	to arise,to ascend,to go up	1352570	words/登る.md	5	1352570	2,4		Reuse the stable 登る article; source coverage explicitly teaches 昇る natural rising and promotion (JMdict 1352570 senses 2 and 4), not the primary climbing spelling.		昇る/のぼる cannot inherit every 'ascend/go up/climb' sense of the combined entry without respecting spelling restrictions.
N3:1308	3		のんびり	carefree,at leisure	1010050	words/のんびり.md	3	1010050	1,2		Source spelling retained.		
N3:1309	3	場	ば	place,field (physics)	1355790	words/場.md	3	1355790	1,3,8		Source spelling retained.		
N3:1310	3		はあ		2069620	words/はあ.md	3	2069620	1,3,4		Source spelling retained.		The source supplies no English meaning for はあ. The source gloss is blank. Selected dictionary-backed teaching senses are editorial anchors, not a recovered source-specific sense inventory.
N3:1311	3		パーセント	percent	1100610	words/パーセント.md	3	1100610	1		Source spelling retained.		
N3:1312	3	灰	はい	ash	1201860	words/灰.md	3	1201860	1		Source spelling retained.		
N3:1313	3	梅雨	ばいう	rainy season,rain during the rainy season	1582960	words/梅雨.md	3	1582960	1,2		Source spelling retained.		
N3:1314	3		バイオリン	violin	1097740	words/バイオリン.md	3	1097740	1		Source spelling retained.		
N3:1315	3		ハイキング	hiking	1095040	words/ハイキング.md	3	1095040	1		Source spelling retained.		
N3:1316	3	配達	はいたつ	delivery,distribution	1473140	words/配達.md	3	1473140	1		Source spelling retained.		
N3:1317	3		パイプ	(1) pipe,tube,(2) channels, official or otherwise	1101120	words/パイプ.md	3	1101120	1,2,4		Source spelling retained.		
N3:1318	3	俳優	はいゆう	actor,actress,player,performer	1471970	words/俳優.md	3	1471970	1		Source spelling retained.		
N3:1319	3		パイロット	pilot	1101260	words/パイロット.md	3	1101260	1		Source spelling retained.		
N3:1320	3	墓	はか	grave,tomb	1514840	words/墓.md	3	1514840	1		Source spelling retained.		
N3:1321	3	馬鹿	ばか	fool,idiot,trivial matter,folly	1601260	words/馬鹿.md	3	1601260	1,2,3		Source spelling retained.		
N3:1322	3	博士	はかせ	doctorate,PhD	1474620	words/博士.md	3	1474620	1,2		Source spelling retained.		博士/はかせ is not an error, but the bare 'doctorate, PhD' gloss hides the colloquial qualification on its doctor/PhD sense.
N3:1323	3	計る	はかる	to measure,to weigh,to survey	1600650	words/計る.md	3	1600650	1		Source spelling retained.		
N3:1324	3	吐く	はく	(1) to breathe,(2) to tell (lies),(3) to vomit,to disgorge	2646460	words/吐く.md	3	2646460	1,2,3		Source spelling retained.		The source's 'to breathe' omits the outward direction of 吐く/はく.
N3:1325	3	拍手	はくしゅ	clapping hands,applause	1474820	words/拍手.md	3	1474820	1,2		Source spelling retained.		
N3:1326	3	莫大	ばくだい	enormous,vast	1476060	words/莫大.md	3	1476060	1		Source spelling retained.		
N3:1327	3	爆発	ばくはつ	explosion,detonation,eruption	1475910	words/爆発.md	3	1475910	1,2		Source spelling retained.		
N3:1328	3	博物館	はくぶつかん	museum	1474720	words/博物館.md	3	1474720	1		Source spelling retained.		
N3:1329	3	激しい	はげしい	violent,vehement,intense	1600720	words/激しい.md	3	1600720	1,2		Source spelling retained.		
N3:1330	3	鋏	はさみ	scissors	1573820	words/鋏.md	3	1573820	1		Source spelling retained.		
N3:1331	3	破産	はさん	(personal) bankruptcy	1471330	words/破産.md	3	1471330	1		Source spelling retained.		
N3:1332	3	端	はし	end (e.g. of street),edge,tip,margin,point	1581610	words/端.md	3	1581610	1		Source spelling retained.		
N3:1333	3	始まり	はじまり	origin,beginning	1611200	words/始まり.md	3	1611200	1		Source spelling retained.		
N3:1334	3		パス	path,pass (in games)	1101440	words/パス.md	3	1101440	1,2,3,4	2861508:1	Source spelling retained.		パス combines English 'path' and 'pass (in games)', but the supplied entry is the pass identity.
N3:1335	3	外す	はずす	to unfasten,to remove	1203270	words/外す.md	3	1203270	1,3,5		Source spelling retained.		
N3:1336	3		パスポート	passport	1101510	words/パスポート.md	3	1101510	1		Source spelling retained.		
N3:1337	3	旗	はた	flag	1220240	words/旗.md	3	1220240	1		Source spelling retained.		
N3:1338	3	肌	はだ	skin	1476450	words/肌.md	3	1476450	1,3		Source spelling retained.		
N3:1339	3	裸	はだか	naked,nude	1547600	words/裸.md	3	1547600	1,2		Source spelling retained.		
N3:1340	3	畑	はたけ	field	1476520	words/畑.md	3	1476520	1,2		Source spelling retained.		
N3:1341	3	二十	はたち	20 years old,20th year	1600790	words/二十歳.md	5	1600790	1		Use the inspected 二十歳 teaching spelling; retain original 二十 in provenance.		二十/はたち is recognized, but the source's age meaning should be distinguished from the archaic numeral sense and can be presented under the clearer age spelling 二十歳.
N3:1342	3	働き	はたらき	work,labor	1451040	words/働き.md	3	1451040	1,2,4		Source spelling retained.		
N3:1343	3		バッグ	bag,bug	1099100	words/バッグ.md	3	1099100	1		Source spelling retained.		バッグ means bag in the supplied entry; 'bug' is not another バッグ sense.
N3:1344	3	発見	はっけん	discovery,detection,finding	1477310	words/発見.md	3	1477310	1		Source spelling retained.		
N3:1345	3	発行	はっこう	issue (publications)	1477390	words/発行.md	3	1477390	1,2		Source spelling retained.		
N3:1346	3	発車	はっしゃ	departure of a vehicle	1477500	words/発車.md	3	1477500	1		Source spelling retained.		
N3:1347	3	罰する	ばっする	to punish,to penalize	1478080	words/罰する.md	3	1478080	1		Source spelling retained.		
N3:1348	3	発達	はったつ	development,growth	1477680	words/発達.md	3	1477680	1,2		Source spelling retained.		
N3:1349	3		ばったり	with a clash (thud),with a bang,plump,flop	1632430	words/ばったり.md	3	1632430	1,2,3		Source spelling retained.		The isolated English 'plump' can misleadingly suggest body shape in the ばったり gloss.
N3:1350	3	発展	はってん	development,growth	1477720	words/発展.md	3	1477720	1,2		Source spelling retained.		
N3:1351	3	発表	はっぴょう	announcement,publication	1477840	words/発表.md	3	1477840	1		Existing stable article spelling retained; assigned N3 reading and sense checked separately.		
N3:1352	3	発明	はつめい	invention	1477910	words/発明.md	3	1477910	1		Source spelling retained.		
N3:1353	3	話し合う	はなしあう	to discuss,to talk together	1562310	words/話し合う.md	3	1562310	1		Source spelling retained.		
N3:1354	3	離す	はなす	to part,divide,separate	1550830	words/離す.md	3	1550830	1		Source spelling retained.		
N3:1355	3	放す	はなす	to separate,to set free	1516460	words/放す.md	3	1516460	1		Source spelling retained.		
N3:1356	3	離れる	はなれる	to be separated from,to leave,to go away,to be a long way off	1550840	words/離れる.md	3	1550840	1,2		Source spelling retained.		
N3:1357	3	羽	はね	counter for birds,counter for rabbits	1171680	words/羽.md	3	1171680	1,2		Source spelling retained.		羽/はね and ID 1171680 identify feathers/wings, not the bird/rabbit counter in the source gloss. Historical source intent remains uncertain. For teaching, retain the dictionary-verified Japanese spelling/reading identity, with supported meanings rather than the conflicting English gloss. This is an explicit editorial choice, not recovery of the list compiler's intent. Contrasting readings or identities do not acquire an independent N3 assignment.
N3:1358	3	幅	はば	width,breadth	1500880	words/幅.md	3	1500880	1,3		Source spelling retained.		
N3:1359	3	母親	ははおや	mother	1515120	words/母親.md	3	1515120	1		Source spelling retained.		
N3:1360	3	省く	はぶく	to omit,to eliminate,to curtail,to economize	1351040	words/省く.md	3	1351040	1,2		Source spelling retained.		
N3:1361	3	場面	ばめん	scene,setting (e.g. of novel)	1355910	words/場面.md	3	1355910	1,2		Source spelling retained.		
N3:1362	3	腹	はら	abdomen,belly,stomach	1501110	words/腹.md	3	1501110	1		Existing stable article spelling retained; assigned N3 reading and sense checked separately.		
N3:1363	3	原	はら	field,plain,prairie,tundra,moor,wilderness	1261140	words/原.md	3	1261140	1		Source spelling retained.		
N3:1364	3	針	はり	needle,hand (e.g. clock)	1366210	words/針.md	3	1366210	1,4		Source spelling retained.		
N3:1365	3	張る	はる	to stick,to paste	1427900	words/貼る.md	5	1427900	1		Use the inspected 貼る teaching spelling; retain original 張る in provenance.		For the source gloss 'to stick, to paste', the entry explicitly favors 貼る over the supplied 張る.
N3:1366	3	番	ばん		2022640	words/番.md	3	2022640	1,2		Source spelling retained.		番/ばん has a blank source gloss; a specific intended sense cannot be read from that field. The source gloss is blank. Selected dictionary-backed teaching senses are editorial anchors, not a recovered source-specific sense inventory.
N3:1367	3		バン	bun,van (caravan),VAN (value-added network)	1100090	words/バン.md	3	1100090	1	2849429:1;2156750:1	Source spelling retained.		The source's bun, vehicle van and value-added network are not three senses of the supplied バン entry.
N3:1368	3	範囲	はんい	extent,scope,sphere,range	1481890	words/範囲.md	3	1481890	1		Source spelling retained.		
N3:1369	3	反抗	はんこう	opposition,resistance	1480380	words/反抗.md	3	1480380	1		Source spelling retained.		
N3:1370	3	犯罪	はんざい	crime	1481590	words/犯罪.md	3	1481590	1		Source spelling retained.		
N3:1371	3		ハンサム	handsome	1096560	words/ハンサム.md	3	1096560	1		Source spelling retained.		
N3:1372	3	判断	はんだん	judgement,decision	1478620	words/判断.md	3	1478620	1		Existing stable article spelling retained; assigned N3 reading and sense checked separately.		
N3:1373	3	犯人	はんにん	offender,criminal	1481630	words/犯人.md	3	1481630	1		Existing stable article spelling retained; assigned N3 reading and sense checked separately.		
N3:1374	3	販売	はんばい	sale,selling,marketing	1481800	words/販売.md	3	1481800	1		Source spelling retained.		
N3:1375	3	灯	ひ	light	1582290	words/灯.md	3	1582290	1		Source spelling retained.		
N3:1376	3		ビール	beer	2796520	words/ビール.md	3	2796520	1		Source spelling retained.		
N3:1377	3	被害	ひがい	damage	1484350	words/被害.md	3	1484350	1		Source spelling retained.		
N3:1378	3	比較	ひかく	comparison	1483560	words/比較.md	3	1483560	1		Source spelling retained.		
N3:1379	3	轢く	ひく	to run somebody over (with vehicle),to knock someone down	1612920	words/轢く.md	3	1612920	1		Source spelling retained.		
N3:1380	3		ピクニック	picnic	1106530	words/ピクニック.md	3	1106530	1		Source spelling retained.		
N3:1381	3	悲劇	ひげき	tragedy	1483280	words/悲劇.md	3	1483280	1,2		Source spelling retained.		
N3:1382	3	飛行	ひこう	aviation	1485450	words/飛行.md	3	1485450	1		Source spelling retained.		
N3:1383	3	膝	ひざ	knee,lap	1487320	words/膝.md	3	1487320	1,2		Source spelling retained.		
N3:1384	3	非常	ひじょう	emergency,extraordinary,unusual	1484920	words/非常.md	3	1484920	1,2		Source spelling retained.		
N3:1385	3	美人	びじん	beautiful person (woman)	1486530	words/美人.md	3	1486530	1		Source spelling retained.		
N3:1386	3	額	ひたい	forehead,brow	1207510	words/額.md	3	1207510	1		Source spelling retained.		
N3:1387	3	日付	ひづけ	date,dating	1464340	words/日付.md	3	1464340	1		Source spelling retained.		
N3:1388	3	必死	ひっし	inevitable death,desperation,frantic,inevitable result	1601890	words/必死.md	3	1601890	1,2		Source spelling retained.		The general 'inevitable result' component of 必死/ひっし overlaps a different homograph, 必至.
N3:1389	3		ぴったり	exactly,neatly,sharp	1010900	words/ぴったり.md	3	1010900	1,2,4		Source spelling retained.		
N3:1390	3	引っ張る	ひっぱる	(1) to pull,to draw,to stretch,to drag,(2) to pull the ball (baseball)	1601900	words/引っ張る.md	3	1601900	1,3,4,11		Source spelling retained.		
N3:1391	3	否定	ひてい	negation,denial,repudiation	1482990	words/否定.md	3	1482990	1		Existing stable article spelling retained; assigned N3 reading and sense checked separately.		
N3:1392	3		ビデオ	video	1105360	words/ビデオ.md	3	1105360	1,2,3,4		Source spelling retained.		
N3:1393	3	一言	ひとこと	single word	1575990	words/一言.md	3	1575990	1		Source spelling retained.		Translating 一言/ひとこと only as 'single word' can wrongly impose a one-lexical-word limit.
N3:1394	3	人込み	ひとごみ	crowd of people	1367680	words/人込み.md	3	1367680	1		Source spelling retained.		
N3:1395	3	等しい	ひとしい	equal	1449330	words/等しい.md	3	1449330	1,2		Source spelling retained.		
N3:1396	3	独り	ひとり	alone,unmarried	1576150	words/一人.md	5	1576150	1,2,3,4		Reuse the existing same-entry/same-reading article with its stable spelling.		
N3:1397	3	一人一人	ひとりひとり	one by one,each,one at a time	1612530	words/一人一人.md	3	1612530	1		Source spelling retained.		
N3:1398	3	批判	ひはん	criticism,judgement,comment	1483420	words/批判.md	3	1483420	1		Source spelling retained.		
N3:1399	3	批評	ひひょう	criticism,review,commentary	1483440	words/批評.md	3	1483440	1		Source spelling retained.		
N3:1400	3	秘密	ひみつ	secret,secrecy	1484150	words/秘密.md	3	1484150	1,3		Source spelling retained.		
N3:1401	3	微妙	びみょう	delicate,subtle	1486170	words/微妙.md	3	1486170	1,2,3,4,5		Source spelling retained.		
N3:1402	3	紐	ひも	(1) string,cord,(2) pimp	1487970	words/紐.md	3	1487970	1,3		Source spelling retained.		For 紐/ひも, 'pimp' alone misleadingly narrows the colloquial person sense to sex-work management.
N3:1403	3	費用	ひよう	cost,expense	1484620	words/費用.md	3	1484620	1		Existing stable article spelling retained; assigned N3 reading and sense checked separately.		
N3:1404	3	表	ひょう	table (e.g. Tab 1),chart,list	1489350	words/表.md	4	1489350	1		Existing stable article spelling retained; assigned N3 reading and sense checked separately.		
N3:1405	3	秒	びょう	second (60th min)	1490430	words/秒.md	3	1490430	1		Source spelling retained.		
N3:1406	3	評価	ひょうか	valuation,estimation,assessment,evaluation	1490010	words/評価.md	3	1490010	1,2		Source spelling retained.		
N3:1407	3	表現	ひょうげん	expression,presentation,representation (math)	1489510	words/表現.md	3	1489510	1,2		Source spelling retained.		
N3:1408	3	表情	ひょうじょう	facial expression	1489700	words/表情.md	3	1489700	1		Source spelling retained.		
N3:1409	3	平等	びょうどう	equality (a),impartiality,evenness	1507670	words/平等.md	3	1507670	1		Existing stable article spelling retained; assigned N3 reading and sense checked separately.		
N3:1410	3	評判	ひょうばん	fame,reputation,popularity,arrant	1490070	words/評判.md	3	1490070	1,2		Source spelling retained.		The source's English 'arrant' is not a supported 評判/ひょうばん gloss in the inspected entry.
N3:1411	3	表面	ひょうめん	surface,outside,face,appearance	1489880	words/表面.md	3	1489880	1,2,3		Source spelling retained.		
N3:1412	3	広がる	ひろがる	to spread (out),to extend,to stretch,to reach to,to get around	1602360	words/広がる.md	3	1602360	1		Source spelling retained.		
N3:1413	3	品	ひん	thing,article,goods,dignity,article (goods),counter for meal courses	2648780	words/品.md	3	2648780	1,2,3		Source spelling retained.		品/ひん is not an unrestricted standalone goods/thing noun simply because those words appear in the source's mixed gloss.
N3:1414	3	瓶	びん	bottle	1491120	words/瓶.md	3	1491120	1		Source spelling retained.		
N3:1415	3	便	びん	way,means	1512360	words/便.md	3	1512360	1,2		Source spelling retained.		便/びん is supplied with 'way, means', while its actual entry describes transport services/trips, mail and an opportunity. Historical source intent remains uncertain. For teaching, retain the dictionary-verified Japanese spelling/reading identity, with supported meanings rather than the conflicting English gloss. This is an explicit editorial choice, not recovery of the list compiler's intent. Contrasting readings or identities do not acquire an independent N3 assignment.
N3:1416	3		ピン	pin	1107060	words/ピン.md	3	1107060	1,2,3		Source spelling retained.		
N3:1417	3	不	ふ	un,non,negative prefix	1922780	words/不.md	3	1922780	1		Source spelling retained.		
N3:1418	3	不	ぶ	un,non,negative prefix	2423740	words/不.md	3	2423740	1,2		Source spelling retained.		
N3:1419	3	無	ぶ	nothing,naught,nil,zero	2423740	words/無.md	3	2423740	1,2		Source spelling retained.		無/ぶ is a prefix identity, not the 'nothing, naught, nil, zero' noun indicated by the source gloss. Historical source intent remains uncertain. For teaching, retain the dictionary-verified Japanese spelling/reading identity, with supported meanings rather than the conflicting English gloss. This is an explicit editorial choice, not recovery of the list compiler's intent. Contrasting readings or identities do not acquire an independent N3 assignment.
N3:1420	3	分	ぶ	dividing,part	1502850	words/分.md	3	1502850	1		Source spelling retained.		分/ぶ is not the generic 'dividing, part' identity suggested by the source. Historical source intent remains uncertain. For teaching, retain the dictionary-verified Japanese spelling/reading identity, with supported meanings rather than the conflicting English gloss. This is an explicit editorial choice, not recovery of the list compiler's intent. Contrasting readings or identities do not acquire an independent N3 assignment.
N3:1421	3	不安	ふあん	anxiety,uneasiness,insecurity,suspense	1491150	words/不安.md	3	1491150	1		Existing stable article spelling retained; assigned N3 reading and sense checked separately.		
N3:1422	3	風景	ふうけい	scenery	1499830	words/風景.md	3	1499830	1		Source spelling retained.		
N3:1423	3	夫婦	ふうふ	married couple,husband and wife	1583640	words/夫婦.md	3	1583640	1		Existing stable article spelling retained; assigned N3 reading and sense checked separately.		
N3:1424	3	笛	ふえ	flute,pipe	1437310	words/笛.md	3	1437310	1,2		Source spelling retained.		
N3:1425	3	不可	ふか	wrong,bad,improper,unjustifiable,inadvisable	1491370	words/不可.md	3	1491370	1,2,3		Source spelling retained.		
N3:1426	3	武器	ぶき	weapon,arms,ordinance	1498460	words/武器.md	3	1498460	1,2		Source spelling retained.		The 武器 source writes 'ordinance', a law/regulation, where the dictionary has 'ordnance', weaponry.
N3:1427	3	服装	ふくそう	garments	1500970	words/服装.md	3	1500970	1		Source spelling retained.		
N3:1428	3	含む	ふくむ	to hold in the mouth,to bear in mind	1216880	words/含む.md	3	1216880	1,2,3		Source spelling retained.		
N3:1429	3	袋	ふくろ	bag,sack	1411070	words/袋.md	3	1411070	1		Source spelling retained.		
N3:1430	3	不幸	ふこう	unhappiness,sorrow,misfortune,disaster,accident,death	1492350	words/不幸.md	3	1492350	1,2		Source spelling retained.		Unqualified 'death' for 不幸 loses the bereavement context.
N3:1431	3	節	ふし	tune,tone,knot,knob,point	1386160	words/節.md	3	1386160	1,2,3,4		Source spelling retained.		
N3:1432	3	無事	ぶじ	safety,peace,quietness	1530030	words/無事.md	3	1530030	1,2		Source spelling retained.		
N3:1433	3	不思議	ふしぎ	mystery,curiosity	1492570	words/不思議.md	3	1492570	1,2		Source spelling retained.		
N3:1434	3	不自由	ふじゆう	discomfort,disability,inconvenience,destitution	1492680	words/不自由.md	3	1492680	1,2,3		Source spelling retained.		
N3:1435	3	夫人	ふじん	wife,Mrs,madam	1496540	words/夫人.md	3	1496540	1		Source spelling retained.		夫人/ふじん is presented as plain wife/Mrs/madam without its respectful register.
N3:1436	3	婦人	ふじん	woman,female	1496670	words/婦人.md	3	1496670	1		Source spelling retained.		婦人/ふじん is not supported as an unqualified neutral woman/female synonym by the inspected snapshot.
N3:1437	3	不正	ふせい	injustice,unfairness	1493370	words/不正.md	3	1493370	1		Source spelling retained.		
N3:1438	3	防ぐ	ふせぐ	to defend (against),to protect,to prevent	1520190	words/防ぐ.md	3	1520190	1,2		Source spelling retained.		
N3:1439	3	不足	ふそく	insufficiency,shortage,deficiency,lack,dearth	1493700	words/不足.md	3	1493700	1		Source spelling retained.		
N3:1440	3	舞台	ぶたい	stage (theatre)	1499150	words/舞台.md	3	1499150	1		Existing stable article spelling retained; assigned N3 reading and sense checked separately.		
N3:1441	3	双子	ふたご	twins,a twin	1398750	words/双子.md	3	1398750	1		Source spelling retained.		
N3:1442	3	再び	ふたたび	again,once more,a second time	1292300	words/再び.md	3	1292300	1		Source spelling retained.		
N3:1443	3	普段	ふだん	usually,habitually,ordinarily,always	1497180	words/普段.md	3	1497180	1,2		Source spelling retained.		
N3:1444	3	縁	ふち	a means, e.g. of living	1177500	words/縁.md	3	1177500	1		Source spelling retained.		縁/ふち is rim/edge, not the source's 'a means, e.g. of living'. Historical source intent remains uncertain. For teaching, retain the dictionary-verified Japanese spelling/reading identity, with supported meanings rather than the conflicting English gloss. This is an explicit editorial choice, not recovery of the list compiler's intent. Contrasting readings or identities do not acquire an independent N3 assignment.
N3:1445	3	打つ	ぶつ	to hit,to strike	1408815	words/打つ.md	4	1408815	1		Existing stable article spelling retained; assigned N3 reading and sense checked separately.		
N3:1446	3	物価	ぶっか	prices of commodities,prices (in general)	1502430	words/物価.md	3	1502430	1		Source spelling retained.		
N3:1447	3	物質	ぶっしつ	material,substance	1502560	words/物質.md	3	1502560	1,2		Source spelling retained.		
N3:1448	3	物理	ぶつり	physics	1502790	words/物理.md	3	1502790	1,2		Source spelling retained.		
N3:1449	3	筆	ふで	writing brush	1487770	words/筆.md	3	1487770	1,3		Source spelling retained.		
N3:1450	3	不図	ふと	suddenly,casually,accidentally,incidentally,unexpectedly,unintentionally	1493240	words/ふと.md	3	1493240	1		Use the inspected ふと teaching spelling; retain original 不図 in provenance.		The supplied 不図 is explicitly a rare ateji spelling of ふと.
N3:1451	3	船	ふね	ship,boat,watercraft,shipping,vessel,steamship	1602800	words/船.md	4	1602800	1		Existing stable article spelling retained; assigned N3 reading and sense checked separately.		
N3:1452	3	部分	ぶぶん	portion,section,part	1499490	words/部分.md	3	1499490	1		Source spelling retained.		
N3:1453	3	不平	ふへい	complaint,discontent,dissatisfaction	1494790	words/不平.md	3	1494790	1		Source spelling retained.		
N3:1454	3	不満	ふまん	dissatisfaction,displeasure,discontent,complaints,unhappiness	1494970	words/不満.md	3	1494970	1		Source spelling retained.		
N3:1455	3		プラス	plus	1115630	words/プラス.md	3	1115630	1,2,3,4		Source spelling retained.		
N3:1456	3		プラン	plan	1115900	words/プラン.md	3	1115900	1,2		Source spelling retained.		
N3:1457	3	不利	ふり	disadvantage,handicap,unfavorable,drawback	1495220	words/不利.md	3	1495220	1		Source spelling retained.		
N3:1458	3	振る	ふる	(1) to wave,to shake,to swing,(2) to sprinkle,(3) to cast (actor),to allocate (work)	1361330	words/振る.md	3	1361330	1,2,3		Source spelling retained.		
N3:1459	3	震える	ふるえる	to shiver,to shake,to quake	1366310	words/震える.md	3	1366310	1		Source spelling retained.		
N3:1460	3		ブレーキ	a brake	1114640	words/ブレーキ.md	3	1114640	1,2		Source spelling retained.		
N3:1461	3	触れる	ふれる	to touch,to be touched,to touch on a subject,to feel,to violate (law, copyright, etc.),to perceive,t	1357990	words/触れる.md	3	1357990	1,2,3,4,5		Source spelling retained.		触れる has a visibly truncated source gloss ending ',t'; its gloss also does not explain the entry's transitivity distinctions.
N3:1462	3		プロ	professional	1117030	words/プロ.md	3	1117030	1		Source spelling retained.		
N3:1463	3	分	ぶん	dividing,part,segment	1502860	words/分.md	3	1502860	1,2		Source spelling retained.		分/ぶん is not itself a verb meaning to divide; the initial source gloss 'dividing' is misleading.
N3:1464	3	文	ぶん	sentence	1505090	words/文.md	3	1505090	1		Source spelling retained.		
N3:1465	3	雰囲気	ふんいき	atmosphere (e.g. musical),mood,ambience	1505070	words/雰囲気.md	3	1505070	1,2		Source spelling retained.		
N3:1466	3	分析	ぶんせき	analysis	1503870	words/分析.md	3	1503870	1		Source spelling retained.		
N3:1467	3	文明	ぶんめい	civilization,culture	1505650	words/文明.md	3	1505650	1,2		Source spelling retained.		
N3:1468	3	分野	ぶんや	field,sphere,realm,division,branch	1504330	words/分野.md	3	1504330	1		Source spelling retained.		
N3:1469	3	塀	へい	wall,fence	1506870	words/塀.md	3	1506870	1,2		Source spelling retained.		
N3:1470	3	平均	へいきん	equilibrium,balance,average,mean	1583870	words/平均.md	3	1583870	1,2		Source spelling retained.		
N3:1471	3	平和	へいわ	peace,harmony	1508070	words/平和.md	3	1508070	1		Existing stable article spelling retained; assigned N3 reading and sense checked separately.		
N3:1472	3	別に	べつに	(not) particularly,nothing	1509480	words/別に.md	3	1509480	1,2		Source spelling retained.		別に is not freely interchangeable with standalone English 'nothing'.
N3:1473	3	減らす	へらす	to abate,to decrease,to diminish,to shorten	1263110	words/減らす.md	3	1263110	1		Source spelling retained.		
N3:1474	3	減る	へる	to decrease (in size or number),to diminish,to abate	1263120	words/減る.md	3	1263120	1		Source spelling retained.		
N3:1475	3		ベルト	Belt for western clothes	1120070	words/ベルト.md	3	1120070	1,2		Source spelling retained.		
N3:1476	3	変化	へんか	goblin,ghost,apparition,bugbear	1510890	words/変化.md	3	1510890	1		Existing stable article spelling retained; assigned N3 reading and sense checked separately.		変化/へんか is change/variation, not the goblin/ghost/apparition identity in the source gloss. Historical source intent remains uncertain. For teaching, retain the dictionary-verified Japanese spelling/reading identity, with supported meanings rather than the conflicting English gloss. This is an explicit editorial choice, not recovery of the list compiler's intent. Contrasting readings or identities do not acquire an independent N3 assignment.
N3:1477	3		ペンキ	(n) paint (nl: pek)	1121390	words/ペンキ.md	3	1121390	1		Source spelling retained.		
N3:1478	3	変更	へんこう	change,modification,alteration	1511040	words/変更.md	3	1511040	1		Existing stable article spelling retained; assigned N3 reading and sense checked separately.		
N3:1479	3		ベンチ	bench	1120280	words/ベンチ.md	3	1120280	1		Source spelling retained.		
N3:1480	3	弁当	べんとう	box lunch	1513060	words/弁当.md	3	1513060	1		Source spelling retained.		
N3:1481	3	法	ほう	Act (law: the X Act)	1517150	words/法.md	3	1517150	1,2		Source spelling retained.		
N3:1482	3	棒	ぼう	pole,rod,stick	1519750	words/棒.md	3	1519750	1,2		Source spelling retained.		
N3:1483	3	冒険	ぼうけん	risk,venture,adventure	1519830	words/冒険.md	3	1519830	1,2		Source spelling retained.		
N3:1484	3	方向	ほうこう	direction,course,way	1516990	words/方向.md	3	1516990	1,2		Source spelling retained.		
N3:1485	3	報告	ほうこく	report,information	1515670	words/報告.md	3	1515670	1		Existing stable article spelling retained; assigned N3 reading and sense checked separately.		
N3:1486	3	宝石	ほうせき	gem,jewel	1516220	words/宝石.md	3	1516220	1		Source spelling retained.		
N3:1487	3	豊富	ほうふ	abundance,wealth,plenty,bounty	1518180	words/豊富.md	3	1518180	1		Source spelling retained.		
N3:1488	3	方法	ほうほう	method,manner,way,means,technique	1517090	words/方法.md	3	1517090	1		Existing stable article spelling retained; assigned N3 reading and sense checked separately.		
N3:1489	3	方々	ほうぼう	persons,this and that,here and there,everywhere	1584105	words/方々.md	3	1584105	1		Source spelling retained.		方々/ほうぼう's 'persons' gloss belongs to another reading, not its here-and-there/everywhere entry.
N3:1490	3	訪問	ほうもん	call,visit	1518120	words/訪問.md	3	1518120	1		Source spelling retained.		
N3:1491	3	吠える	ほえる	to bark,to bay,to howl,to bellow,to roar,to cry	1603420	words/吠える.md	3	1603420	1,2,3		Source spelling retained.		
N3:1492	3		ボーイ	boy	1123230	words/ボーイ.md	3	1123230	1,2		Source spelling retained.		
N3:1493	3		ボート	rowing boat	1123440	words/ボート.md	3	1123440	1,2		Source spelling retained.		
N3:1494	3		ホーム	(1) platform,(2) home	1121740	words/ホーム.md	3	1121740	1	2855797:1	Source spelling retained.		ホーム's platform and home meanings are in distinct entries in this snapshot.
N3:1495	3		ボール	ball,bowl	1123550	words/ボール.md	3	1123550	1,2	1123750:1	Source spelling retained.		The bowl meaning in the ボール source is not part of supplied ball entry 1123550.
N3:1496	3	他	ほか	other (esp. places and things)	1203260	words/ほか.md	5	1203260	2,4,5		Reuse the existing same-entry/same-reading article with its stable spelling.		
N3:1497	3	外	ほか	other place,the rest	1203260	words/外.md	5	1203260	1,2		Existing stable article spelling retained; assigned N3 reading and sense checked separately.		
N3:1498	3	誇り	ほこり	pride	1267740	words/誇り.md	3	1267740	1		Source spelling retained.		
N3:1499	3	埃	ほこり	dust	1565750	words/埃.md	3	1565750	1		Source spelling retained.		
N3:1500	3	保証	ほしょう	guarantee,security,assurance,pledge,warranty	1603500	words/保証.md	3	1603500	1,2		Source spelling retained.		
N3:1501	3	保存	ほぞん	preservation,conservation,storage,maintenance	1513940	words/保存.md	3	1513940	1,2		Source spelling retained.		
N3:1502	3	歩道	ほどう	footpath,walkway,sidewalk	1514420	words/歩道.md	3	1514420	1		Source spelling retained.		
N3:1503	3	仏	ほとけ	Buddha,merciful person,Buddhist image,the dead	1501760	words/仏.md	3	1501760	1,2,3,4		Source spelling retained.		
N3:1504	3	骨	ほね	bone	1288550	words/骨.md	3	1288550	1,2,5		Source spelling retained.		
N3:1505	3	炎	ほのお	flame	1177070	words/炎.md	3	1177070	1,2		Source spelling retained.		
N3:1506	3	頬	ほほ	cheek (of face)	1584160	words/頬.md	3	1584160	1		Source spelling retained.		
N3:1507	3	頬	ほお	cheek (of face)	1584160	words/頬.md	3	1584160	1		Source spelling retained.		
N3:1508	3	略	ほぼ	almost,roughly,approximately	1551940	words/ほぼ.md	3	1551940	1,2		Use the inspected ほぼ teaching spelling; retain original 略 in provenance.		略 is explicitly a rarely used spelling of the source's ほぼ adverb.
N3:1509	3	微笑む	ほほえむ	to smile	1486030	words/微笑む.md	3	1486030	1		Source spelling retained.		
N3:1510	3	褒める	ほめる	to praise,to admire,to speak well	1603550	words/ほめる.md	4	1603550	1		Reuse the existing same-entry/same-reading article with its stable spelling.		
N3:1511	3	濠	ほり	moat	1522060	words/濠.md	3	1522060	1,2		Source spelling retained.		
N3:1512	3	本当	ほんと	truth,reality	1523060	words/本当.md	5	1523060	1		Existing stable article spelling retained; assigned N3 reading and sense checked separately.		
N3:1513	3	本人	ほんにん	the person himself	1522750	words/本人.md	3	1522750	1		Source spelling retained.		
N3:1514	3	本物	ほんもの	genuine article	1523180	words/本物.md	3	1523180	1		Source spelling retained.		
N3:1515	3		ぼんやり	absent-minded,block-head,dim,faint,vague	1011920	words/ぼんやり.md	3	1011920	1,2,3		Source spelling retained.		
N3:1516	3	間	ま	space,room,time,pause	1215240	words/間.md	4	1215240	1,2,3		Existing stable article spelling retained; assigned N3 reading and sense checked separately.		
N3:1517	3		まあ	(female) you might say	1012050	words/まあ.md	3	1012050	1,3,4		Source spelling retained.		The source applies '(female)' to まあ meaning 'you might say', but the dictionary's female-language label belongs to a different sense.
N3:1518	3		マーケット	market	1126190	words/マーケット.md	3	1126190	1		Source spelling retained.		
N3:1519	3		マイク	mike	1126590	words/マイク.md	3	1126590	1		Source spelling retained.		
N3:1520	3	迷子	まいご	lost (stray) child	1532750	words/迷子.md	3	1532750	1		Source spelling retained.		
N3:1521	3	任せる	まかせる	to entrust to another,to leave to	1467150	words/任せる.md	3	1467150	1,2		Source spelling retained.		
N3:1522	3	幕	まく	curtain,bunting,act (in play)	1524750	words/幕.md	3	1524750	1,2,4		Source spelling retained.		
N3:1523	3	負け	まけ	defeat,loss,losing (a game)	1497960	words/負け.md	3	1497960	1		Source spelling retained.		
N3:1524	3	孫	まご	grandchild	1406230	words/孫.md	3	1406230	1		Source spelling retained.		
N3:1525	3		まさか	by no means	1363540	words/まさか.md	3	1363540	1,2,3		Source spelling retained.		
N3:1526	3		まさに	correctly,surely	1376640	words/まさに.md	3	1376640	1,3		Source spelling retained.		まさに's source 'correctly' can wrongly suggest doing an action in the right manner.
N3:1527	3	真面目	まじめ	diligent,serious,honest	1364360	words/まじめ.md	4	1364360	1,2		Reuse the existing same-entry/same-reading article with its stable spelling.		
N3:1528	3	増す	ます	to increase,to grow	1403120	words/増す.md	3	1403120	1		Source spelling retained.		
N3:1529	3	貧しい	まずしい	poor,needy	1490740	words/貧しい.md	3	1490740	1		Existing stable article spelling retained; assigned N3 reading and sense checked separately.		
N3:1530	3		マスター	proprietor,manager,barowner,master (e.g. arts, science)	1127970	words/マスター.md	3	1127970	1,2,4		Source spelling retained.		
N3:1531	3		ますます	increasingly,more and more	1603950	words/ますます.md	3	1603950	1,2		Source spelling retained.		
N3:1532	3	未だ	まだ	yet,still,more,besides	1527110	words/まだ.md	5	1527110	1,2,3		Reuse the existing same-entry/same-reading article with its stable spelling.		
N3:1533	3	街	まち	(1) town,(2) street,road	1603990	words/町.md	5	1603990	1,3		Reuse the stable 町 article; source coverage explicitly teaches 街/まち for town and streets, while distinguishing the 街-only downtown/main-street sense.		
N3:1534	3	間違い	まちがい	mistake	1215320	words/間違い.md	3	1215320	1		Source spelling retained.		
N3:1535	3	松	まつ	(1) pine tree,(2) highest (of a three-tier ranking system)	1349860	words/松.md	3	1349860	1,2		Source spelling retained.		
N3:1536	3	真っ赤	まっか	deep red,flushed (of face)	1363250	words/真っ赤.md	3	1363250	1,2		Source spelling retained.		
N3:1537	3	真っ直ぐ	まっすぐ	straight (ahead),direct,upright	1580600	words/まっすぐ.md	5	1580600	1,2		Reuse the existing same-entry/same-reading article with its stable spelling.		
N3:1538	3	全く	まったく	really,truly,entirely,completely	1394800	words/全く.md	3	1394800	1,2,3		Source spelling retained.		
N3:1539	3	祭	まつり	festival,feast	1604130	words/祭.md	3	1604130	1		Source spelling retained.		
N3:1540	3	学ぶ	まなぶ	to study (in depth),to learn,to take lessons in	1206530	words/学ぶ.md	3	1206530	1		Source spelling retained.		The source parenthetical '(in depth)' should not become a categorical requirement for 学ぶ.
N3:1541	3	真似	まね	mimicry,imitation,behavior,pretense	1363740	words/真似.md	3	1363740	1,2		Source spelling retained.		
N3:1542	3	招く	まねく	to invite	1349590	words/招く.md	3	1349590	1		Existing stable article spelling retained; assigned N3 reading and sense checked separately.		
N3:1543	3		ママ	Mama	1129240	words/ママ.md	3	1129240	1,2		Source spelling retained.		
N3:1544	3	豆	まめ	beans,peas	1450030	words/豆.md	3	1450030	1,5		Source spelling retained.		
N3:1545	3	守る	まもる	to protect,to obey,to guard,to abide (by the rules)	1327120	words/守る.md	3	1327120	1,2		Existing stable article spelling retained; assigned N3 reading and sense checked separately.		
N3:1546	3	丸	まる	circle,full (month),perfection,purity,suffix for ship names	1216250	words/丸.md	3	1216250	1,2,6		Source spelling retained.		
N3:1547	3	円	まる	circle,money	1216250	words/円.md	3	1216250	1,3		Source spelling retained.		円/まる's money meaning is recognized in the supplied entry but explicitly slang; it is not the currency reading えん.
N3:1548	3		まるで	quite,entirely,completely	1216280	words/まるで.md	3	1216280	1,2,3		Source spelling retained.		
N3:1549	3	回す	まわす	to turn,to revolve	1199350	words/回す.md	3	1199350	1,2,5		Source spelling retained.		
N3:1550	3	回り	まわり	circumference,surroundings,circulation	2800530	words/回り.md	3	2800530	1,2,3,4,5		Source spelling retained.		回り/まわり's source mixes rotation/circulation with circumference/surroundings, which the snapshot assigns to 周り.
N3:1551	3	万一	まんいち	by some chance,by some possibility,if by any chance,10E4:1 odds	1525780	words/万一.md	3	1525780	1,2		Existing stable article spelling retained; assigned N3 reading and sense checked separately.		万一's '10E4:1 odds' is numerically misleading if read as scientific notation: 10E4 is 100000, not 10000.
N3:1552	3	満足	まんぞく	satisfaction	1526860	words/満足.md	3	1526860	1		Existing stable article spelling retained; assigned N3 reading and sense checked separately.		
N3:1553	3	身	み	body,main part,oneself,sword	1365520	words/身.md	3	1365520	1,2,4		Source spelling retained.		身/み's source 'sword' loses the part-versus-whole distinction in the dictionary.
N3:1554	3	実	み	fruit,nut,seed,content,good result	1320810	words/実.md	3	1320810	1,2,4		Source spelling retained.		
N3:1555	3	見送り	みおくり	seeing one off,farewell,escort	1259820	words/見送り.md	3	1259820	1,2		Source spelling retained.		
N3:1556	3	味方	みかた	friend,ally,supporter	1527070	words/味方.md	3	1527070	1,2		Source spelling retained.		
N3:1557	3	見事	みごと	splendid,magnificent,beautiful,admirable	1259620	words/見事.md	3	1259620	1,2		Source spelling retained.		
N3:1558	3		ミス	miss (mistake, error, failure),Miss	1130650	words/ミス.md	3	1130650	1	2849826:1	Source spelling retained.		The source combines ミス mistake/error with the title Miss, but supplied 1130650 is the mistake identity only.
N3:1559	3	満ちる	みちる	to be full,to rise (tide),to mature,to expire	1604540	words/満ちる.md	3	1604540	1,2,3,4		Source spelling retained.		
N3:1560	3	密	みつ		2014380	words/密.md	3	2014380	1,2		Source spelling retained.		密/みつ has no supplied English gloss. The source gloss is blank. Selected dictionary-backed teaching senses are editorial anchors, not a recovered source-specific sense inventory.
N3:1561	3	認める	みとめる	to recognize,to appreciate,to approve,to admit,to notice	1467530	words/認める.md	3	1467530	1,3,4,6		Existing stable article spelling retained; assigned N3 reading and sense checked separately.		
N3:1562	3	皆	みんな	all,everyone,everybody	1202150	words/皆.md	4	1202150	1		Existing stable article spelling retained; assigned N3 reading and sense checked separately.		
N3:1563	3	見舞い	みまい	enquiry,expression of sympathy,expression of concern	1604690	words/見舞い.md	3	1604690	1,2		Source spelling retained.		見舞い's English 'enquiry' does not mean an arbitrary information request.
N3:1564	3	土産	みやげ	present,souvenir	1445360	words/土産.md	3	1445360	1,2		Source spelling retained.		
N3:1565	3	都	みやこ	capital	1444950	words/都.md	4	1444950	1,2		Existing stable article spelling retained; assigned N3 reading and sense checked separately.		
N3:1566	3	妙	みょう	strange,unusual	1528490	words/妙.md	3	1528490	1		Source spelling retained.		
N3:1567	3	明後日	みょうごにち	day after tomorrow	1584640	words/明後日.md	3	1584640	1		Source spelling retained.		
N3:1568	3	未来	みらい	future (life, tense)	1528060	words/未来.md	3	1528060	1,2,3		Existing stable article spelling retained; assigned N3 reading and sense checked separately.		
N3:1569	3	魅力	みりょく	charm,fascination,glamour	1528150	words/魅力.md	3	1528150	1		Source spelling retained.		
N3:1570	3		ミルク	milk	1131990	words/ミルク.md	3	1131990	1,2		Source spelling retained.		
N3:1571	3	無	む	nothing,naught,nil,zero	1956960	words/無.md	3	1956960	1,2		Source spelling retained.		
N3:1572	3	向かい	むかい	facing,opposite,across the street,other side	1604750	words/向かい.md	3	1604750	1		Source spelling retained.		
N3:1573	3	迎え	むかえ	meeting,person sent to pick up an arrival	1253180	words/迎え.md	3	1253180	1,2		Source spelling retained.		
N3:1574	3	向く	むく	to face	1277080	words/向く.md	3	1277080	1,2		Existing stable article spelling retained; assigned N3 reading and sense checked separately.		
N3:1575	3	向ける	むける	to turn towards,to point	1277100	words/向ける.md	3	1277100	1		Source spelling retained.		
N3:1576	3	無視	むし	disregard,ignore	1530020	words/無視.md	3	1530020	1		Source spelling retained.		
N3:1577	3	虫歯	むしば	cavity,tooth decay,decayed tooth,caries	1604850	words/虫歯.md	3	1604850	1		Source spelling retained.		
N3:1578	3	寧ろ	むしろ	rather,better,instead	1604870	words/寧ろ.md	3	1604870	1		Source spelling retained.		
N3:1579	3	結ぶ	むすぶ	to tie,to bind,to link	1254670	words/結ぶ.md	3	1254670	1,3,4		Source spelling retained.		
N3:1580	3	無駄	むだ	futility,uselessness	1530510	words/無駄.md	3	1530510	1		Source spelling retained.		
N3:1581	3	夢中	むちゅう	daze,(in a) trance,ecstasy,delirium,engrossment	1529500	words/夢中.md	3	1529500	1,2		Source spelling retained.		
N3:1582	3	胸	むね	breast,chest	1237820	words/胸.md	3	1237820	1,2,6		Source spelling retained.		
N3:1583	3	無料	むりょう	free,no charge	1531040	words/無料.md	3	1531040	1		Source spelling retained.		
N3:1584	3	芽	め	sprout	1197710	words/芽.md	3	1197710	1		Source spelling retained.		
N3:1585	3	明確	めいかく	clear up,clarify,define	1532410	words/明確.md	3	1532410	1		Source spelling retained.		明確/めいかく is glossed with verbs 'clear up, clarify, define', but the supplied entry is a na-adjective.
N3:1586	3	命じる	めいじる	to order,to command,to appoint	1531950	words/命じる.md	3	1531950	1,2		Source spelling retained.		
N3:1587	3	名人	めいじん	master,expert	1531680	words/名人.md	3	1531680	1,2		Source spelling retained.		
N3:1588	3	命令	めいれい	order,command,decree,directive,(software) instruction	1532160	words/命令.md	3	1532160	1,2		Source spelling retained.		
N3:1589	3	迷惑	めいわく	trouble,bother,annoyance	1532800	words/迷惑.md	3	1532800	1,2		Source spelling retained.		
N3:1590	3	飯	めし	(sl) meals,food	1482010	words/飯.md	3	1482010	1,2,3		Source spelling retained.		The source gives only '(sl)' for 飯/めし, while the inspected dictionary specifically marks its senses as male language.
N3:1591	3	滅多に	めったに	rarely (with neg. verb),seldom	1612000	words/滅多に.md	3	1612000	1		Source spelling retained.		
N3:1592	3		メモ	memorandum	1133830	words/メモ.md	3	1133830	1		Source spelling retained.		
N3:1593	3	面	めん	face,mug,surface,facial features,mask,face guard,side or facet,corner,page	1584695	words/面.md	3	1584695	1,2,4,5,6		Source spelling retained.		
N3:1594	3	綿	めん	cotton,padding	1533330	words/綿.md	3	1533330	1		Source spelling retained.		綿/めん's supplied 'padding' is not present in its cotton entry; padding is specifically recorded under わた.
N3:1595	3	免許	めんきょ	license,permit,licence,certificate	1533130	words/免許.md	3	1533130	1,2		Source spelling retained.		
N3:1596	3	面倒	めんどう	trouble,difficulty,care,attention	1533550	words/面倒.md	3	1533550	1,3		Source spelling retained.		
N3:1597	3		メンバー	member	1134370	words/メンバー.md	3	1134370	1		Source spelling retained.		
N3:1598	3	申し込む	もうしこむ	to apply for,to make an application	1362890	words/申し込む.md	3	1362890	1		Existing stable article spelling retained; assigned N3 reading and sense checked separately.		
N3:1599	3	申し訳	もうしわけ	apology,excuse	1363050	words/申し訳.md	3	1363050	1		Source spelling retained.		
N3:1600	3	毛布	もうふ	blanket	1533950	words/毛布.md	3	1533950	1		Source spelling retained.		
N3:1601	3	燃える	もえる	to burn	1469570	words/燃える.md	3	1469570	1		Source spelling retained.		
N3:1602	3	目的	もくてき	purpose,goal,aim,objective,intention	1535560	words/目的.md	3	1535560	1		Source spelling retained.		
N3:1603	3	目標	もくひょう	mark,objective,target	1535650	words/目標.md	3	1535650	1,2		Source spelling retained.		
N3:1604	3	木曜	もくよう	Thursday	1534880	words/木曜.md	3	1534880	1		Source spelling retained.		
N3:1605	3	文字	もじ	letter (of alphabet),character	1505390	words/文字.md	3	1505390	1,2		Source spelling retained.		
N3:1606	3	文字	もんじ	letter (of alphabet),character	1505390	words/文字.md	3	1505390	1,2		Source spelling retained.		
N3:1607	3		もしも	if	1612050	words/もしも.md	3	1612050	1,2		Source spelling retained.		
N3:1608	3	持ち上げる	もちあげる	to raise,to lift up,to flatter	1315610	words/持ち上げる.md	3	1315610	1,2		Source spelling retained.		
N3:1609	3	用いる	もちいる	to use,to make use of	1546210	words/用いる.md	3	1546210	1		Source spelling retained.		
N3:1610	3	勿論	もちろん	of course,certainly,naturally	1535780	words/もちろん.md	4	1535780	1		Reuse the existing same-entry/same-reading article with its stable spelling.		
N3:1611	3	尤も	もっとも	quite right,plausible,natural,but then,although	1535810	words/もっとも.md	3	1535810	1,2		Use the inspected もっとも teaching spelling; retain original 尤も in provenance.		The source's 尤も is explicitly marked rarely used kanji.
N3:1612	3	元	もと	(1) origin,original,(2) former	2219590	words/元.md	3	2219590	1,2,3	1260670:1	Source spelling retained.		元/もと's source combines origin and former, but the supplied entry is the former/past identity.
N3:1613	3	基	もと	basis	1260670	words/基.md	3	1260670	2		Source spelling retained.		
N3:1614	3	素	もと	prime	1260670	words/素.md	3	1260670	4		Source spelling retained.		素/もと's sole source gloss 'prime' points away from the supplied ingredient/base/origin entry. Historical source intent remains uncertain. For teaching, retain the dictionary-verified Japanese spelling/reading identity, with supported meanings rather than the conflicting English gloss. This is an explicit editorial choice, not recovery of the list compiler's intent. Contrasting readings or identities do not acquire an independent N3 assignment.
N3:1615	3	戻す	もどす	to restore,to put back,to return	1535850	words/戻す.md	3	1535850	1		Source spelling retained.		
N3:1616	3	基づく	もとづく	to be grounded on,to be based on,to be due to,to originate from	1605270	words/基づく.md	3	1605270	1,2		Source spelling retained.		
N3:1617	3	求める	もとめる	to seek,to request,to demand,to want,to wish for,to search for,to pursue (pleasure),to hunt (a job),	1229350	words/求める.md	3	1229350	1,2,3		Existing stable article spelling retained; assigned N3 reading and sense checked separately.		
N3:1618	3	者	もの	person	1322990	words/者.md	3	1322990	1		Source spelling retained.		者/もの's bare 'person' gloss omits an important modification constraint.
N3:1619	3	物音	ものおと	sounds	1502420	words/物音.md	3	1502420	1		Source spelling retained.		
N3:1620	3	物語	ものがたり	tale,story,legend	1502480	words/物語.md	3	1502480	1		Source spelling retained.		
N3:1621	3	物事	ものごと	things,everything	1502550	words/物事.md	3	1502550	1		Source spelling retained.		
N3:1622	3	模様	もよう	pattern,figure,design	1533720	words/模様.md	3	1533720	1,2,3		Source spelling retained.		
N3:1623	3	貰う	もらう	to receive	1535910	words/もらう.md	4	1535910	1,2		Reuse the existing same-entry/same-reading article with its stable spelling.		
N3:1624	3	文句	もんく	phrase,complaint	1505260	words/文句.md	3	1505260	1,2		Source spelling retained.		
N3:1625	3		やがて	before long,soon,at length	1012730	words/やがて.md	3	1012730	1,3		Source spelling retained.		
N3:1626	3	役	やく	use,service,role,position	1537970	words/役.md	3	1537970	1,2,3		Existing stable article spelling retained; assigned N3 reading and sense checked separately.		
N3:1627	3	約	やく	approximately,about,some	1538100	words/約.md	3	1538100	1		Source spelling retained.		
N3:1628	3	訳	やく	meaning,reason,circumstances,can be deduced,situation	2057030	words/訳.md	4	2057030	1		Existing stable article spelling retained; assigned N3 reading and sense checked separately.		訳/やく is translation/version, not the source's meaning/reason/circumstances identity. Historical source intent remains uncertain. For teaching, retain the dictionary-verified Japanese spelling/reading identity, with supported meanings rather than the conflicting English gloss. This is an explicit editorial choice, not recovery of the list compiler's intent. Contrasting readings or identities do not acquire an independent N3 assignment.
N3:1629	3	役割	やくわり	part,assigning (allotment of) parts,role,duties	1538000	words/役割.md	3	1538000	1		Source spelling retained.		
N3:1630	3	家賃	やちん	rent	1192270	words/家賃.md	3	1192270	1		Source spelling retained.		
N3:1631	3	厄介	やっかい	trouble,burden,care,bother	1537820	words/厄介.md	3	1537820	1,2		Source spelling retained.		
N3:1632	3	宿	やど	inn,lodging	1337190	words/宿.md	3	1337190	1		Source spelling retained.		
N3:1633	3	雇う	やとう	to employ,to hire	1605570	words/雇う.md	3	1605570	1		Source spelling retained.		
N3:1634	3	屋根	やね	roof	1182700	words/屋根.md	3	1182700	1		Source spelling retained.		
N3:1635	3	破る	やぶる	to tear,to violate,to defeat,to smash,to destroy	1471200	words/破る.md	3	1471200	1,3,5,6		Existing stable article spelling retained; assigned N3 reading and sense checked separately.		
N3:1636	3	辞める	やめる	to retire	1318950	words/辞める.md	3	1318950	1		Source spelling retained.		
N3:1637	3		やや	a little,partially,somewhat,a short time,a while	2771700	words/やや.md	3	1570120	1		Source spelling retained.	Correct the teaching identity to inspected entry 1570120, sense 1, while preserving original sourceEntry 2771700. Keep kana やや; do not replace it with the entry's rare kanji spellings.	The supplied やや ID is an interjection entry and does not match the source's somewhat/a little/a short time gloss.
N3:1638	3	唯一	ゆいいつ	only,sole,unique	1538920	words/唯一.md	3	1538920	1		Source spelling retained.		
N3:1639	3	勇気	ゆうき	courage,bravery,valour,nerve,boldness	1539740	words/勇気.md	3	1539740	1		Source spelling retained.		
N3:1640	3	有効	ゆうこう	validity,availability,effectiveness	1541290	words/有効.md	3	1541290	1		Source spelling retained.		
N3:1641	3	優秀	ゆうしゅう	superiority,excellence	1539230	words/優秀.md	3	1539230	1		Source spelling retained.		
N3:1642	3	優勝	ゆうしょう	overall victory,championship	1539280	words/優勝.md	3	1539280	1		Source spelling retained.		
N3:1643	3	友情	ゆうじょう	friendship,fellowship	1540130	words/友情.md	3	1540130	1		Source spelling retained.		
N3:1644	3	友人	ゆうじん	friend	1540150	words/友人.md	3	1540150	1		Source spelling retained.		
N3:1645	3	有能	ゆうのう	able,capable,efficient,skill	1541570	words/有能.md	3	1541570	1		Source spelling retained.		
N3:1646	3	郵便	ゆうびん	mail,postal service	1605680	words/郵便.md	3	1605680	1,2		Source spelling retained.		
N3:1647	3	夕べ	ゆうべ	evening	2863051	words/夕べ.md	3	2863051	1,2,3		Source spelling retained.		夕べ/ゆうべ's simple 'evening' gloss omits the poetic label and can be confused with last night.
N3:1648	3		ユーモア	humor	1136850	words/ユーモア.md	3	1136850	1		Source spelling retained.		
N3:1649	3	有利	ゆうり	advantageous,better,profitable,lucrative	1605720	words/有利.md	3	1605720	1,2		Source spelling retained.		
N3:1650	3	床	ゆか	floor	1349380	words/床.md	3	1349380	1		Source spelling retained.		
N3:1651	3	愉快	ゆかい	pleasant,happy	1538560	words/愉快.md	3	1538560	1		Source spelling retained.		
N3:1652	3	譲る	ゆずる	to turn over,to assign,to hand over	1357030	words/譲る.md	3	1357030	1,2,3,4		Source spelling retained.		
N3:1653	3	豊か	ゆたか	abundant,wealthy,plentiful,rich	1518130	words/豊か.md	3	1518130	1,2		Source spelling retained.		
N3:1654	3	許す	ゆるす	to permit,to allow,to approve	1232870	words/許す.md	3	1232870	1,2		Existing stable article spelling retained; assigned N3 reading and sense checked separately.		
N3:1655	3	夜	よ	evening,night	1536350	words/夜.md	5	1536350	1		Existing stable article spelling retained; assigned N3 reading and sense checked separately.		
N3:1656	3	夜明け	よあけ	dawn,daybreak	1537150	words/夜明け.md	3	1537150	1		Source spelling retained.		
N3:1657	3	様	よう	way,manner,kind	1605840	words/様.md	3	1605840	2,4		Source spelling retained.		様/よう's 'way, manner, kind' does not identify its construction-dependent noun/suffix uses.
N3:1658	3	酔う	よう	to get drunk,to become intoxicated	1372650	words/酔う.md	3	1372650	1,2		Source spelling retained.		
N3:1659	3	容易	ようい	easy,simple,plain	1545350	words/容易.md	3	1545350	1		Source spelling retained.		
N3:1660	3	陽気	ようき	season,weather,cheerfulness	1546990	words/陽気.md	3	1546990	1,2		Source spelling retained.		
N3:1661	3	要求	ようきゅう	request,demand,requisition	1546680	words/要求.md	3	1546680	1		Source spelling retained.		
N3:1662	3	用心	ようじん	care,precaution,guarding,caution	1546310	words/用心.md	3	1546310	1		Source spelling retained.		
N3:1663	3	様子	ようす	aspect,state,appearance	1545820	words/様子.md	3	1545820	1,2		Existing stable article spelling retained; assigned N3 reading and sense checked separately.		
N3:1664	3	要するに	ようするに	in a word,after all,the point is ..,in short ..	1546620	words/要するに.md	3	1546620	1		Source spelling retained.		
N3:1665	3	要素	ようそ	element	1546800	words/要素.md	3	1546800	1,2		Source spelling retained.		
N3:1666	3	要点	ようてん	gist,main point	1546820	words/要点.md	3	1546820	1		Source spelling retained.		
N3:1667	3	曜日	ようび	day of the week	1545770	words/曜日.md	3	1545770	1		Source spelling retained.		
N3:1668	3		ヨーロッパ	Europe	1137570	words/ヨーロッパ.md	3	1137570	1		Source spelling retained.		
N3:1669	3	予期	よき	expectation,assume will happen,forecast	1542920	words/予期.md	3	1542920	1		Source spelling retained.		
N3:1670	3	横切る	よこぎる	to cross (e.g. arms),to traverse	1180860	words/横切る.md	3	1180860	1		Source spelling retained.		The source's 'to cross (e.g. arms)' misrepresents 横切る as folding/crossing one's arms.
N3:1671	3	予算	よさん	estimate,budget	1543000	words/予算.md	3	1543000	1		Source spelling retained.		
N3:1672	3	止す	よす	to cease,to abolish,to resign,to give up	1310600	words/止す.md	3	1310600	1		Source spelling retained.		
N3:1673	3	予測	よそく	prediction,estimation	1543200	words/予測.md	3	1543200	1		Source spelling retained.		
N3:1674	3		ヨット	yacht	1137620	words/ヨット.md	3	1137620	1		Source spelling retained.		
N3:1675	3	夜中	よなか	midnight,dead of night	1536930	words/夜中.md	3	1536930	1		Source spelling retained.		夜中's source 'midnight' can incorrectly imply precisely 00:00.
N3:1676	3	世の中	よのなか	society,the world,the times	1373850	words/世の中.md	3	1373850	1		Source spelling retained.		
N3:1677	3	余分	よぶん	extra,excess,surplus	1544520	words/余分.md	3	1544520	1		Source spelling retained.		
N3:1678	3	予報	よほう	forecast,prediction	1543630	words/予報.md	3	1543630	1		Source spelling retained.		
N3:1679	3	予防	よぼう	prevention,precaution,protection against	1543660	words/予防.md	3	1543660	1		Source spelling retained.		
N3:1680	3	読み	よみ	reading	1456130	words/読み.md	3	1456130	1,2,3		Source spelling retained.		
N3:1681	3	嫁	よめ	bride,daughter-in-law	1191680	words/嫁.md	3	1191680	1,2,3		Source spelling retained.		
N3:1682	3	余裕	よゆう	surplus,composure,margin,room,time,allowance,scope,rope	1544590	words/余裕.md	3	1544590	1,2		Source spelling retained.		
N3:1683	3	因る	よる	according to	1168660	words/よる.md	3	1168660	1,2,3		Use the inspected よる teaching spelling; retain original 因る in provenance.		因る is a rare spelling, and bare 'according to' hides the construction needed to express that meaning.
N3:1684	3	喜び	よろこび	(a) joy,(a) delight,rapture,pleasure,gratification,rejoicing,congratulations,felicitations	1606140	words/喜び.md	3	1606140	1		Source spelling retained.		
N3:1685	3	宜しい	よろしい	(hon) good,OK,all right,fine,very well,will do,may,can	1224880	words/よろしい.md	4	1224880	1		Reuse the existing same-entry/same-reading article with its stable spelling.		
N3:1686	3	宜しく	よろしく	well,properly,suitably,best regards,please remember me	1224890	words/宜しく.md	3	1224890	1,2		Source spelling retained.		
N3:1687	3	来	らい	,for (10 days),next (year)	1547710	words/来.md	3	1547710	1,2		Source spelling retained.		
N3:1688	3		ライター	lighter,rider,writer	1137880	words/ライター.md	3	1137880	1	2844121:1	Source spelling retained.		ライター's source merges lighter, writer and rider, but the latter is not even the same pronunciation.
N3:1689	3	楽	らく	comfort,ease	1207230	words/楽.md	3	1207230	1,2		Source spelling retained.		
N3:1690	3		ラケット	paddle,racket	1138710	words/ラケット.md	3	1138710	1		Source spelling retained.		
N3:1691	3	利益	りえき	profits,gains,(political, economic) interest	1549470	words/利益.md	3	1549470	1,2		Source spelling retained.		
N3:1692	3	理解	りかい	understanding,comprehension	1549910	words/理解.md	3	1549910	1		Existing stable article spelling retained; assigned N3 reading and sense checked separately.		
N3:1693	3	陸	りく	six (used in legal documents)	1550980	words/陸.md	3	1550980	1		Source spelling retained.		陸/りく and supplied 1550980 mean land/shore, not the source's legal-document numeral six. Historical source intent remains uncertain. For teaching, retain the dictionary-verified Japanese spelling/reading identity, with supported meanings rather than the conflicting English gloss. This is an explicit editorial choice, not recovery of the list compiler's intent. Contrasting readings or identities do not acquire an independent N3 assignment.
N3:1694	3	利口	りこう	clever,shrewd,bright,sharp,wise,intelligent	1549550	words/利口.md	3	1549550	1,2		Source spelling retained.		
N3:1695	3	離婚	りこん	divorce	1550880	words/離婚.md	3	1550880	1		Source spelling retained.		
N3:1696	3	理想	りそう	ideal	1550020	words/理想.md	3	1550020	1		Source spelling retained.		
N3:1697	3	率	りつ	rate,ratio,proportion,percentage	1551200	words/率.md	3	1551200	1		Source spelling retained.		
N3:1698	3	留学	りゅうがく	studying abroad	1552740	words/留学.md	3	1552740	1		Existing stable article spelling retained; assigned N3 reading and sense checked separately.		
N3:1699	3	流行	りゅうこう	fashionable,fad,in vogue,prevailing	1585110	words/流行.md	3	1585110	1,2		Source spelling retained.		
N3:1700	3	量	りょう	quantity,amount,volume,portion (of food)	1554640	words/量.md	3	1554640	1		Source spelling retained.		
N3:1701	3	両替	りょうがえ	change,money exchange	1553820	words/両替.md	3	1553820	1		Source spelling retained.		
N3:1702	3	料金	りょうきん	fee,charge,fare	1554280	words/料金.md	3	1554280	1		Source spelling retained.		
N3:1703	3	例	れい	instance,example,case	1585230	words/例.md	3	1585230	1		Existing stable article spelling retained; assigned N3 reading and sense checked separately.		
N3:1704	3	礼	れい	expression of gratitude	1557450	words/礼.md	3	1557450	1,3		Source spelling retained.		
N3:1705	3	礼儀	れいぎ	manners,courtesy,etiquette	1557470	words/礼儀.md	3	1557470	1		Source spelling retained.		
N3:1706	3	冷静	れいせい	calm,composure,coolness,serenity	1557050	words/冷静.md	3	1557050	1		Source spelling retained.		
N3:1707	3	列	れつ	queue,line,row	1558330	words/列.md	3	1558330	1		Existing stable article spelling retained; assigned N3 reading and sense checked separately.		
N3:1708	3	列車	れっしゃ	train (ordinary)	1558370	words/列車.md	3	1558370	1		Source spelling retained.		列車's '(ordinary)' parenthetical can be misread as excluding express or other non-local trains.
N3:1709	3	連想	れんそう	association (of ideas),suggestion	1559600	words/連想.md	3	1559600	1		Source spelling retained.		
N3:1710	3	連続	れんぞく	serial,consecutive,continuity,continuing	1559610	words/連続.md	3	1559610	1		Source spelling retained.		
N3:1711	3	老人	ろうじん	the aged,old person	1561090	words/老人.md	3	1561090	1		Existing stable article spelling retained; assigned N3 reading and sense checked separately.		
N3:1712	3	労働	ろうどう	manual labor,toil,work	1606450	words/労働.md	3	1606450	1		Existing stable article spelling retained; assigned N3 reading and sense checked separately.		労働's initial 'manual labor' must not become a restriction excluding non-manual work.
N3:1713	3		ロケット	locket,rocket	1147220	words/ロケット.md	3	1147220	1	2862534:1	Source spelling retained.		ロケット's source combines locket and rocket, while supplied entry 1147220 contains only rocket.
N3:1714	3	論じる	ろんじる	to argue,to discuss,to debate	1561620	words/論じる.md	3	1561620	1,2		Source spelling retained.		
N3:1715	3	論争	ろんそう	controversy,dispute	1561760	words/論争.md	3	1561760	1		Source spelling retained.		
N3:1716	3	論文	ろんぶん	thesis,essay,treatise,paper	1561840	words/論文.md	3	1561840	1		Source spelling retained.		
N3:1717	3	輪	わ	ring,hoop,circle	1555710	words/輪.md	3	1555710	1,2,4		Source spelling retained.		
N3:1718	3		ワイン	wine	1148850	words/ワイン.md	3	1148850	1		Source spelling retained.		
N3:1719	3		わがまま	selfishness,egoism,wilfulness,disobedience,whim	1197020	words/わがまま.md	3	1197020	1		Source spelling retained.		The source flattens selfishness, wilfulness, disobedience and whim, while the snapshot separates the selfish sense from an archaic self-indulgent/wilful sense.
N3:1720	3	別れ	わかれ	parting,separation,farewell	1509490	words/別れ.md	3	1509490	1,2		Source spelling retained.		
N3:1721	3	脇	わき	side	1562530	words/脇.md	3	1562530	1,2,3		Source spelling retained.		
N3:1722	3	分ける	わける	to divide,to separate	1503000	words/分ける.md	3	1503000	1,2		Source spelling retained.		
N3:1723	3		わざと	on purpose	1410760	words/わざと.md	3	1410760	1		Source spelling retained.		
N3:1724	3	僅か	わずか	only,merely,a little,small quantity	1240750	words/僅か.md	3	1240750	1,2		Source spelling retained.		
N3:1725	3	綿	わた	cotton,padding	1533340	words/綿.md	3	1533340	1,2		Source spelling retained.		
N3:1726	3	話題	わだい	topic,subject	1562400	words/話題.md	3	1562400	1,2		Source spelling retained.		
N3:1727	3	笑い	わらい	laugh,laughter,smile	1351280	words/笑い.md	3	1351280	1,2		Source spelling retained.		
N3:1728	3	割る	わる	to divide,to cut,to break,to halve	1208000	words/割る.md	3	1208000	1,2,3		Existing stable article spelling retained; assigned N3 reading and sense checked separately.		
N3:1729	3	悪口	わるくち	abuse,insult,slander,evil speaking	1575730	words/悪口.md	3	1575730	1		Source spelling retained.		
N3:1730	3	我々	われわれ	we	1607050	words/我々.md	3	1607050	1		Source spelling retained.		
N3:1731	3	湾	わん	bay,gulf,inlet	1562800	words/湾.md	3	1562800	1		Source spelling retained.		
