source_id	source_level	source_kanji	source_reading	source_gloss	source_jmdict_entry	article	article_level	jmdict_entry	sense_indices	additional_senses	mapping_note	identity_note	source_note
N5:2	5	会う	あう	to meet	1198180	words/会う.md	5	1198180	1		Existing stable article spelling retained; verify every assigned reading and sense.		
N5:3	5	青	あお	blue	1381380	words/青.md	5	1381380	1		Source spelling retained.		
N5:4	5	青い	あおい	blue	1381390	words/青い.md	5	1381390	1		Existing stable article spelling retained; verify every assigned reading and sense.		
N5:5	5	赤	あか	red	2013900	words/赤.md	5	2013900	1		Source spelling retained.		
N5:6	5	赤い	あかい	red	1383240	words/赤い.md	5	1383240	1		Existing stable article spelling retained; verify every assigned reading and sense.		
N5:7	5	明い	あかるい	bright	1532350	words/明るい.md	5	1532350	1		Reuse existing same-entry/same-reading article; teach the listed spelling where useful.		
N5:8	5	秋	あき	autumn	1332650	words/秋.md	5	1332650	1		Existing stable article spelling retained; verify every assigned reading and sense.		
N5:9	5	開く	あく	to open, to become open	1586270	words/開く.md	5	1586270	1		Source spelling retained.		
N5:10	5	開ける	あける	to open	1202450	words/開ける.md	5	1202450	1		Existing stable article spelling retained; verify every assigned reading and sense.		
N5:11	5	上げる	あげる	to give	1352320	words/上げる.md	5	1352320	5		Source spelling retained.		
N5:12	5	朝	あさ	morning	1428280	words/朝.md	5	1428280	1		Existing stable article spelling retained; verify every assigned reading and sense.		
N5:13	5	朝御飯	あさごはん	breakfast	1586330	words/朝ごはん.md	5	1586330	1		Replace a flagged rare/irregular spelling with a supported ordinary spelling.		
N5:14	5		あさって	day after tomorrow	1584640	words/あさって.md	5	1584640	1		Source spelling retained.		
N5:15	5	足	あし	foot, leg	1404630	words/足.md	5	1404630	1,2		Existing stable article spelling retained; verify every assigned reading and sense.		
N5:16	5	明日	あした	tomorrow	1584660	words/明日.md	5	1584660	1		Source spelling retained.		
N5:17	5		あそこ	over there	1000320	words/あそこ.md	5	1000320	1		Source spelling retained.		
N5:18	5	遊ぶ	あそぶ	to play, to make a visit	1542160	words/遊ぶ.md	5	1542160	1,4		Existing stable article spelling retained; verify every assigned reading and sense.		
N5:19	5	暖かい	あたたかい	warm	1586420	words/暖かい.md	5	1586420	1		Source spelling retained.		
N5:20	5	頭	あたま	head	1582310	words/頭.md	5	1582310	1		Existing stable article spelling retained; verify every assigned reading and sense.		
N5:21	5	新しい	あたらしい	new	1361490	words/新しい.md	5	1361490	1		Existing stable article spelling retained; verify every assigned reading and sense.		
N5:22	5		あちら	there	1483185	words/あちら.md	5	1483185	1,4		Source spelling retained.		
N5:23	5	暑い	あつい	hot	1343460	words/暑い.md	5	1343460	1		Source spelling retained.		
N5:24	5	熱い	あつい	hot to the touch	1467720	words/熱い.md	5	1467720	1		Existing stable article spelling retained; verify every assigned reading and sense.		
N5:25	5	厚い	あつい	kind, deep, thick	1275320	words/厚い.md	5	1275320	1,2		Source spelling retained.		
N5:26	5		あっち	over there	1483185	words/あっち.md	5	1483185	1,2,3,4		Source spelling retained.		
N5:27	5	後	あと	afterwards	1269320	words/後.md	5	1269320	2,4		Source spelling retained.		
N5:28	5	貴方	あなた	you	1223615	words/あなた.md	5	1223615	1		Use the usual kana spelling, retaining source spelling in the coverage record.		
N5:29	5	兄	あに	(humble) older brother	1249900	words/兄.md	5	1249900	1		Existing stable article spelling retained; verify every assigned reading and sense.		
N5:30	5	姉	あね	(humble) older sister	1307630	words/姉.md	5	1307630	1		Existing stable article spelling retained; verify every assigned reading and sense.		
N5:31	5		あの	um...	1000430	words/あの.md	5	1000430	1		Source spelling retained.		
N5:32	5		アパート	apartment	1017760	words/アパート.md	5	1017760	1,2		Source spelling retained.		
N5:33	5		あびる	to bathe, to shower	1547450	words/あびる.md	5	1547450	1		Source spelling retained.		
N5:34	5	危ない	あぶない	dangerous	1218380	words/危ない.md	5	1218380	1,2,6		Source spelling retained.		
N5:35	5	甘い	あまい	sweet	1213400	words/甘い.md	5	1213400	1		Source spelling retained.		
N5:36	5		あまり	not very	1584930	words/あまり.md	5	1584930	2		Source spelling retained.		
N5:37	5	雨	あめ	rain	1171900	words/雨.md	5	1171900	1,2		Existing stable article spelling retained; verify every assigned reading and sense.		
N5:38	5	飴	あめ	candy	1153520	words/飴.md	5	1153520	1		Source spelling retained.		
N5:39	5	洗う	あらう	to wash	1390930	words/洗う.md	5	1390930	1		Existing stable article spelling retained; verify every assigned reading and sense.		
N5:40	5	有る	ある	to be,to have (used for inanimate objects)	1296400	words/ある.md	5	1296400	1,2,3		Use the usual kana spelling, retaining source spelling in the coverage record.		
N5:41	5	歩く	あるく	to walk	1514320	words/歩く.md	5	1514320	1		Existing stable article spelling retained; verify every assigned reading and sense.		
N5:42	5		あれ	that	2847612	words/あれ.md	5	1000580	1		Source spelling retained.	The demonstrative source gloss is incompatible with the interjection entry.	
N5:43	5		いい	good	2820690	words/いい.md	5	2820690	1,2,4		Source spelling retained.		
N5:44	5	良い	よい	good	1605820	words/良い.md	5	1605820	1		Existing stable article spelling retained; verify every assigned reading and sense.		
N5:45	5		いいえ	no	1583250	words/いいえ.md	5	1583250	1,2		Source spelling retained.		
N5:46	5	言う	いう	to say	1587040	words/言う.md	5	1587040	1,2		Existing stable article spelling retained; verify every assigned reading and sense.		
N5:47	5	家	いえ	house	1191730	words/家.md	5	1191730	1		Existing stable article spelling retained; verify every assigned reading and sense.		
N5:48	5		いかが	how	2845606	words/いかが.md	5	2845606	1		Source spelling retained.		
N5:49	5	行く	いく	to go	1578850	words/行く.md	5	1578850	1		Existing stable article spelling retained; verify every assigned reading and sense.		
N5:50	5		いくつ	how many?,how old?	1219960	words/幾つ.md	5	1219960	1,2		Reuse existing same-entry/same-reading article; teach the listed spelling where useful.		
N5:51	5		いくら	how much?	1219980	words/いくら.md	5	1219980	1		Source spelling retained.		
N5:52	5	池	いけ	pond	1421700	words/池.md	5	1421700	1		Source spelling retained.		
N5:53	5	医者	いしゃ	medical doctor	1159980	words/医者.md	5	1159980	1		Existing stable article spelling retained; verify every assigned reading and sense.		
N5:54	5		いす	chair	1157070	words/いす.md	5	1157070	1		Source spelling retained.		
N5:55	5	忙しい	いそがしい	busy, irritated	1519290	words/忙しい.md	5	1519290	1		Existing stable article spelling retained; verify every assigned reading and sense.		Retain 忙しい. 'Irritated' is not supported as an independent meaning by these senses; do not carry it into a standalone definition.
N5:56	5	痛い	いたい	painful	1432680	words/痛い.md	5	1432680	1		Existing stable article spelling retained; verify every assigned reading and sense.		
N5:57	5	一	いち	one	1160790	words/一.md	5	1160790	1		Source spelling retained.		
N5:58	5	一日	いちにち	first of the month	1576260	words/一日.md	5	1576260	1,2,3		Source spelling retained.		
N5:59	5		いちばん	best, first	1165970	words/いちばん.md	5	1165970	1,2		Source spelling retained.		
N5:60	5	何時	いつ	when	1188760	words/いつ.md	5	1188760	1		Usual kana form; distinct from existing 何時/なんじ.		
N5:61	5	五日	いつか	five days, fifth day	1268570	words/五日.md	5	1268570	1,2		Source spelling retained.		
N5:62	5	一緒	いっしょ	together	1163400	words/一緒.md	5	1163400	1		Existing stable article spelling retained; verify every assigned reading and sense.		
N5:63	5	五つ	いつつ	five	1268070	words/五つ.md	5	1268070	1		Existing stable article spelling retained; verify every assigned reading and sense.		
N5:64	5		いつも	always	1188890	words/いつも.md	5	1188890	1		Source spelling retained.		
N5:65	5	犬	いぬ	dog	1258330	words/犬.md	5	1258330	1		Existing stable article spelling retained; verify every assigned reading and sense.		
N5:66	5	今	いま	now	1288850	words/今.md	5	1288850	1		Source spelling retained.		
N5:67	5	意味	いみ	meaning	1156800	words/意味.md	5	1156800	1		Existing stable article spelling retained; verify every assigned reading and sense.		
N5:68	5	妹	いもうと	(humble) younger sister	1524590	words/妹.md	5	1524590	1		Existing stable article spelling retained; verify every assigned reading and sense.		
N5:69	5	嫌	いや	unpleasant	1587610	words/嫌.md	5	1587610	2		Source spelling retained.		
N5:70	5	入口	いりぐち	entrance	1582820	words/入口.md	5	1582820	1		Existing stable article spelling retained; verify every assigned reading and sense.		
N5:71	5	居る	いる	to be, to have (used for people and animals)	1577980	words/いる.md	5	1577980	1		Use the usual kana spelling, retaining source spelling in the coverage record.		
N5:72	5	要る	いる	to need	1546640	words/要る.md	5	1546640	1		Source spelling retained.		
N5:73	5	入れる	いれる	to put in	1465610	words/入れる.md	5	1465610	1		Source spelling retained.		
N5:74	5	色	いろ	colour	1357600	words/色.md	5	1357600	1		Existing stable article spelling retained; verify every assigned reading and sense.		
N5:75	5		いろいろ	various	1587850	words/いろいろ.md	5	1587850	1,2,3		Source spelling retained.		
N5:76	5	上	うえ	on top of	1352130	words/上.md	5	1352130	1,2,3,6		Source spelling retained.		
N5:77	5	後ろ	うしろ	behind	1269410	words/後ろ.md	5	1269410	1		Existing stable article spelling retained; verify every assigned reading and sense.		
N5:78	5	薄い	うすい	thin,weak	1475480	words/薄い.md	5	1475480	1,2,3,4		Source spelling retained.		
N5:79	5	歌	うた	song	1193180	words/歌.md	5	1193180	1,2		Source spelling retained.		
N5:80	5	歌う	うたう	to sing	1588120	words/歌う.md	5	1588120	1		Existing stable article spelling retained; verify every assigned reading and sense.		
N5:81	5	生まれる	うまれる	to be born	1378690	words/生まれる.md	5	1378690	1		Existing stable article spelling retained; verify every assigned reading and sense.		
N5:82	5	海	うみ	sea	1201190	words/海.md	5	1201190	1		Source spelling retained.		
N5:83	5	売る	うる	to sell	1473950	words/売る.md	5	1473950	1		Existing stable article spelling retained; verify every assigned reading and sense.		
N5:84	5	煩い	うるさい	noisy, annoying	1481920	words/うるさい.md	5	1481920	1,2,3,4		Use the usual kana spelling, retaining source spelling in the coverage record.		
N5:85	5	上着	うわぎ	jacket	1580340	words/上着.md	5	1580340	1,2		Source spelling retained.		
N5:86	5	絵	え	picture	1202270	words/絵.md	5	1202270	1		Existing stable article spelling retained; verify every assigned reading and sense.		
N5:87	5	映画	えいが	movie	1173720	words/映画.md	5	1173720	1		Existing stable article spelling retained; verify every assigned reading and sense.		
N5:88	5	映画館	えいがかん	cinema	1173750	words/映画館.md	5	1173750	1		Source spelling retained.		
N5:89	5	英語	えいご	English language	1174420	words/英語.md	5	1174420	1		Existing stable article spelling retained; verify every assigned reading and sense.		
N5:90	5		ええ	yes	1001140	words/ええ.md	5	1001140	1		Source spelling retained.		
N5:91	5	駅	えき	station	1175140	words/駅.md	5	1175140	1		Existing stable article spelling retained; verify every assigned reading and sense.		
N5:92	5		エレベーター	elevator	1030630	words/エレベーター.md	5	1030630	1		Source spelling retained.		
N5:93	5	鉛筆	えんぴつ	pencil	1178590	words/鉛筆.md	5	1178590	1		Source spelling retained.		
N5:94	5		おいしい	delicious	1486650	words/おいしい.md	5	1486650	1		Source spelling retained.		
N5:95	5	多い	おおい	many	1407460	words/多い.md	5	1407460	1,2		Existing stable article spelling retained; verify every assigned reading and sense.		
N5:96	5	大きい	おおきい	big	1588880	words/大きい.md	5	1588880	1,2,4		Source spelling retained.		
N5:97	5	大きな	おおきな	big	1412890	words/大きな.md	5	1412890	1		Source spelling retained.		
N5:98	5	大勢	おおぜい	great number of people	1414220	words/大勢.md	5	1414220	1,2		Source spelling retained.		
N5:99	5	お母さん	おかあさん	(honorable) mother	1002650	words/お母さん.md	5	1002650	1		Existing stable article spelling retained; verify every assigned reading and sense.		
N5:100	5	お菓子	おかし	sweets, candy	1001710	words/お菓子.md	5	1001710	1		Source spelling retained.		
N5:101	5	お金	おかね	money	1001820	words/お金.md	5	1001820	1		Existing stable article spelling retained; verify every assigned reading and sense.		
N5:102	5	起きる	おきる	to get up	1223640	words/起きる.md	5	1223640	1		Existing stable article spelling retained; verify every assigned reading and sense.		
N5:103	5	置く	おく	to put	1421850	words/置く.md	5	1421850	1		Existing stable article spelling retained; verify every assigned reading and sense.		
N5:104	5	奥さん	おくさん	(honorable) wife	1179330	words/奥さん.md	5	1179330	1		Source spelling retained.		
N5:105	5	お酒	おさけ	alcohol, rice wine	1329015	words/お酒.md	5	1329015	1		Source spelling retained.		
N5:106	5	お皿	おさら	plate, dish	1299685	words/お皿.md	5	1299685	1		Source spelling retained.		
N5:107	5		おじいさん	grandfather, male senior citizen	1002320	words/おじいさん.md	5	1002320	1,2		Source spelling retained.		
N5:108	5	教える	おしえる	to teach, to tell	1236900	words/教える.md	5	1236900	1,2		Existing stable article spelling retained; verify every assigned reading and sense.		
N5:109	5		おじさん	uncle, middle aged gentleman	2261490	words/おじさん.md	5	2261490	1,2		Source spelling retained.		
N5:110	5	押す	おす	to push, to stamp something	1180470	words/押す.md	5	1180470	1,3		Existing stable article spelling retained; verify every assigned reading and sense.		
N5:111	5	遅い	おそい	late, slow	1421970	words/遅い.md	5	1421970	1,2,3		Source spelling retained.		
N5:112	5	お茶	おちゃ	green tea	1002430	words/お茶.md	5	1002430	1		Existing stable article spelling retained; verify every assigned reading and sense.		
N5:113	5	お手洗い	おてあらい	bathroom	1002100	words/お手洗い.md	5	1002100	1		Source spelling retained.		
N5:114	5	お父さん	おとうさん	(honorable) father	1002590	words/お父さん.md	5	1002590	1		Existing stable article spelling retained; verify every assigned reading and sense.		
N5:115	5	弟	おとうと	younger brother	1581930	words/弟.md	5	1581930	1		Existing stable article spelling retained; verify every assigned reading and sense.		
N5:116	5	男	おとこ	Man	1419990	words/男.md	5	1419990	1		Source spelling retained.		
N5:117	5	男の子	おとこのこ	Boy	1420010	words/男の子.md	5	1420010	1		Source spelling retained.		
N5:118	5	一昨日	おととい	day before yesterday	1576050	words/一昨日.md	5	1576050	1		Source spelling retained.		
N5:119	5	一昨年	おととし	year before last	1576060	words/一昨年.md	5	1576060	1		Source spelling retained.		
N5:120	5	大人	おとな	Adult	1414170	words/大人.md	5	1414170	1		Existing stable article spelling retained; verify every assigned reading and sense.		
N5:121	5		おなか	stomach	1002610	words/おなか.md	5	1002610	1		Source spelling retained.		
N5:122	5	同じ	おなじ	same	1451750	words/同じ.md	5	1451750	1		Existing stable article spelling retained; verify every assigned reading and sense.		
N5:123	5	お兄さん	おにいさん	(honorable) older brother	1001830	words/お兄さん.md	5	1001830	1,2		Source spelling retained.		
N5:124	5	お姉さん	おねえさん	(honorable) older sister	1001990	words/お姉さん.md	5	1001990	1,2,5		Source spelling retained.		
N5:125	5		おばあさん	grandmother, female senior-citizen	1002330	words/おばあさん.md	5	1002330	1,2		Source spelling retained.		
N5:126	5	伯母さん	おばさん	Aunt	2261500	words/伯母さん.md	5	2261500	1		Source spelling retained.		
N5:127	5	お風呂	おふろ	Bath	2220600	words/お風呂.md	5	2220600	1		Source spelling retained.		
N5:128	5	お弁当	おべんとう	boxed lunch	1513065	words/お弁当.md	5	1513065	1		Source spelling retained.		
N5:129	5	覚える	おぼえる	to remember	1206050	words/覚える.md	5	1206050	1		Existing stable article spelling retained; verify every assigned reading and sense.		
N5:130	5		おまわりさん	friendly term for policeman	1002120	words/おまわりさん.md	5	1002120	1		Source spelling retained.		
N5:131	5	重い	おもい	Heavy	1335750	words/重い.md	5	1335750	1		Existing stable article spelling retained; verify every assigned reading and sense.		
N5:132	5		おもしろい	Interesting	1533580	words/面白い.md	5	1533580	1		Reuse existing same-entry/same-reading article; teach the listed spelling where useful.		
N5:133	5	泳ぐ	およぐ	to swim	1174340	words/泳ぐ.md	5	1174340	1		Existing stable article spelling retained; verify every assigned reading and sense.		
N5:134	5	降りる	おりる	to get off, to descend	1589500	words/降りる.md	5	1589500	1,2		Source spelling retained.		
N5:135	5	終る	おわる	to finish	1589600	words/終わる.md	5	1589600	1,2,3		Reuse existing same-entry/same-reading article; teach the listed spelling where useful.		
N5:136	5	音楽	おんがく	Music	1183720	words/音楽.md	5	1183720	1		Source spelling retained.		
N5:137	5	女	おんな	Woman	1344930	words/女.md	5	1344930	1		Source spelling retained.		
N5:138	5	女の子	おんなのこ	Girl	1344970	words/女の子.md	5	1344970	1		Source spelling retained.		
N5:139	5	外国	がいこく	foreign country	1203620	words/外国.md	5	1203620	1		Existing stable article spelling retained; verify every assigned reading and sense.		
N5:140	5	外国人	がいこくじん	Foreigner	1203650	words/外国人.md	5	1203650	1		Source spelling retained.		
N5:141	5	会社	かいしゃ	Company	1198550	words/会社.md	5	1198550	1		Existing stable article spelling retained; verify every assigned reading and sense.		
N5:142	5	階段	かいだん	Stairs	1203090	words/階段.md	5	1203090	1		Source spelling retained.		
N5:143	5	買い物	かいもの	Shopping	1589730	words/買い物.md	5	1589730	1		Existing stable article spelling retained; verify every assigned reading and sense.		
N5:144	5	買う	かう	to buy	1473740	words/買う.md	5	1473740	1		Existing stable article spelling retained; verify every assigned reading and sense.		
N5:145	5	返す	かえす	to return something	1512130	words/返す.md	5	1512130	1		Existing stable article spelling retained; verify every assigned reading and sense.		
N5:146	5	帰る	かえる	to go back	1221270	words/帰る.md	5	1221270	1,2		Existing stable article spelling retained; verify every assigned reading and sense.		
N5:147	5	掛かる	かかる	to take time or money	1207590	words/掛かる.md	5	1207590	1		Source spelling retained.		
N5:148	5	鍵	かぎ	Key	1260490	words/鍵.md	5	1260490	1,2,3		Source spelling retained.		
N5:149	5	書く	かく	to write	1343950	words/書く.md	5	1343950	1		Existing stable article spelling retained; verify every assigned reading and sense.		
N5:150	5	学生	がくせい	Student	1206900	words/学生.md	5	1206900	1		Existing stable article spelling retained; verify every assigned reading and sense.		
N5:151	5	掛ける	かける	to call by phone	1207610	words/掛ける.md	5	1207610	4		Existing stable article spelling retained; verify every assigned reading and sense.		
N5:152	5	傘	かさ	Umbrella	1301940	words/傘.md	5	1301940	1		Source spelling retained.		
N5:153	5	貸す	かす	to lend	1411160	words/貸す.md	5	1411160	1		Existing stable article spelling retained; verify every assigned reading and sense.		
N5:154	5	風	かぜ	Wind	1499720	words/風.md	5	1499720	1		Source spelling retained.		
N5:155	5	風邪	かぜ	a cold	1583720	words/風邪.md	5	1583720	1		Source spelling retained.		
N5:156	5	家族	かぞく	Family	1192150	words/家族.md	5	1192150	1		Existing stable article spelling retained; verify every assigned reading and sense.		
N5:157	5	方	かた	person, way of doing	1516925	words/方.md	5	1516925	2,3		Source spelling retained.		
N5:158	5	学校	がっこう	School	1206730	words/学校.md	5	1206730	1		Existing stable article spelling retained; verify every assigned reading and sense.		
N5:159	5		カップ	Cup	1037670	words/カップ.md	5	1037670	1		Source spelling retained.		
N5:160	5	家庭	かてい	Household	1192280	words/家庭.md	5	1192280	1		Source spelling retained.		
N5:161	5	角	かど	a corner	1206110	words/角.md	5	1206110	1,2		Source spelling retained.		
N5:162	5	鞄	かばん	bag, basket	1208910	words/鞄.md	5	1208910	1		Source spelling retained.		
N5:163	5	花瓶	かびん	a vase	1194870	words/花瓶.md	5	1194870	1		Source spelling retained.		
N5:164	5	紙	かみ	paper	1311530	words/紙.md	5	1311530	1		Existing stable article spelling retained; verify every assigned reading and sense.		
N5:165	5		カメラ	camera	1038350	words/カメラ.md	5	1038350	1		Source spelling retained.		
N5:166	5	火曜日	かようび	Tuesday	1194290	words/火曜日.md	5	1194290	1		Source spelling retained.		
N5:167	5	辛い	からい	Spicy	1365850	words/辛い.md	5	1365850	1		Source spelling retained.		
N5:168	5	体	からだ	Body	1409140	words/体.md	5	1409140	1,4		Source spelling retained.		
N5:169	5	借りる	かりる	to borrow	1323560	words/借りる.md	5	1323560	1		Existing stable article spelling retained; verify every assigned reading and sense.		
N5:170	5	軽い	かるい	Light	1252560	words/軽い.md	5	1252560	1		Source spelling retained.		
N5:171	5		カレー	Curry	1039140	words/カレー.md	5	1039140	1,2		Source spelling retained.		
N5:172	5		カレンダー	calendar	1039220	words/カレンダー.md	5	1039220	1		Source spelling retained.		
N5:173	5	川	かわ	River	1390020	words/川.md	5	1390020	1		Source spelling retained.		
N5:174	5	河	かわ	River	1390020	words/河.md	5	1390020	1,2		Source spelling retained.		
N5:175	5		かわいい	Cute	1577200	words/かわいい.md	5	1577200	1		Source spelling retained.		
N5:176	5	漢字	かんじ	Chinese character	1213170	words/漢字.md	5	1213170	1		Existing stable article spelling retained; verify every assigned reading and sense.		
N5:177	5	木	き	tree, wood	1534520	words/木.md	5	1534520	1,2		Source spelling retained.		
N5:178	5	黄色	きいろ	yellow	1576760	words/黄色.md	5	1576760	1		Source spelling retained.		
N5:179	5	黄色い	きいろい	yellow	1182030	words/黄色い.md	5	1182030	1		Source spelling retained.		
N5:180	5	消える	きえる	to disappear	1350040	words/消える.md	5	1350040	1,2		Source spelling retained.		
N5:181	5	聞く	きく	to hear, to listen to, to ask	1591110	words/聞く.md	5	1591110	1,2,3		Existing stable article spelling retained; verify every assigned reading and sense.		
N5:182	5	北	きた	North	1520670	words/北.md	5	1520670	1		Source spelling retained.		
N5:183	5		ギター	Guitar	1042820	words/ギター.md	5	1042820	1		Source spelling retained.		
N5:184	5	汚い	きたない	Dirty	1178940	words/汚い.md	5	1178940	1,2,4		Source spelling retained.		
N5:185	5	喫茶店	きっさてん	coffee lounge	1226440	words/喫茶店.md	5	1226440	1,2		Source spelling retained.		
N5:186	5	切手	きって	postage stamp	1385070	words/切手.md	5	1385070	1		Source spelling retained.		
N5:187	5	切符	きっぷ	Ticket	1385170	words/切符.md	5	1385170	1		Source spelling retained.		
N5:188	5	昨日	きのう	Yesterday	1579260	words/昨日.md	5	1579260	1		Existing stable article spelling retained; verify every assigned reading and sense.		
N5:189	5	九	きゅう	Nine	1578150	words/九.md	5	1578150	1		Source spelling retained.		
N5:190	5	九	く	Nine	1578150	words/九.md	5	1578150	1		Source spelling retained.		
N5:191	5	牛肉	ぎゅうにく	Beef	1231580	words/牛肉.md	5	1231580	1		Existing stable article spelling retained; verify every assigned reading and sense.		
N5:192	5	牛乳	ぎゅうにゅう	Milk	1231590	words/牛乳.md	5	1231590	1		Source spelling retained.		
N5:193	5	今日	きょう	Today	1579110	words/今日.md	5	1579110	1		Existing stable article spelling retained; verify every assigned reading and sense.		
N5:194	5	教室	きょうしつ	Classroom	1237150	words/教室.md	5	1237150	1		Existing stable article spelling retained; verify every assigned reading and sense.		
N5:195	5	兄弟	きょうだい	(humble) siblings	1249960	words/兄弟.md	5	1249960	1		Source spelling retained.		
N5:196	5	去年	きょねん	last year	1231690	words/去年.md	5	1231690	1		Existing stable article spelling retained; verify every assigned reading and sense.		
N5:197	5	嫌い	きらい	Hate	1257240	words/嫌い.md	5	1257240	1		Source spelling retained.		
N5:198	5	切る	きる	to cut	1384830	words/切る.md	5	1384830	1		Existing stable article spelling retained; verify every assigned reading and sense.		
N5:199	5	着る	きる	to put on from the shoulders down	1423000	words/着る.md	5	1423000	1		Existing stable article spelling retained; verify every assigned reading and sense.		
N5:200	5		きれい	pretty, clean	1591900	words/きれい.md	5	1591900	1,2,3		Source spelling retained.		
N5:201	5		キロ	Kilogram	1042610	words/キロ.md	5	1042610	2		Source spelling retained.		
N5:202	5		キログラム	Kilogram	1042620	words/キログラム.md	5	1042620	1		Source spelling retained.		
N5:203	5		キロメートル	Kilometer	1042650	words/キロメートル.md	5	1042650	1		Source spelling retained.		
N5:204	5	銀行	ぎんこう	Bank	1243490	words/銀行.md	5	1243490	1		Existing stable article spelling retained; verify every assigned reading and sense.		
N5:205	5	金曜日	きんようび	Friday	1243320	words/金曜日.md	5	1243320	1		Existing stable article spelling retained; verify every assigned reading and sense.		
N5:206	5	薬	くすり	medicine	1538160	words/薬.md	5	1538160	1		Source spelling retained.		
N5:207	5		ください	Please	1184270	words/ください.md	5	1184270	1,2		Source spelling retained.		
N5:208	5	果物	くだもの	Fruit	1193060	words/果物.md	5	1193060	1		Existing stable article spelling retained; verify every assigned reading and sense.		
N5:209	5	口	くち	mouth, opening	1275640	words/口.md	5	1275640	1,2,3,4		Source spelling retained.		
N5:210	5	靴	くつ	Shoes	1246700	words/靴.md	5	1246700	1		Existing stable article spelling retained; verify every assigned reading and sense.		
N5:211	5	靴下	くつした	Socks	1246740	words/靴下.md	5	1246740	1		Source spelling retained.		
N5:212	5	国	くに	Country	1592250	words/国.md	5	1592250	1,3,4		Source spelling retained.		
N5:213	5	曇り	くもり	cloudy weather	1592340	words/曇り.md	5	1592340	1,2		Source spelling retained.		
N5:214	5	曇る	くもる	to become cloudy, to become dim	1457560	words/曇る.md	5	1457560	1,2		Source spelling retained.		
N5:215	5	暗い	くらい	Gloomy	1154330	words/暗い.md	5	1154330	1,2		Existing stable article spelling retained; verify every assigned reading and sense.		
N5:216	5		クラス	Class	1044070	words/クラス.md	5	1044070	1		Source spelling retained.		
N5:217	5		グラム	Gram	1046810	words/グラム.md	5	1046810	1		Source spelling retained.		
N5:218	5	来る	くる	to come	1547720	words/来る.md	5	1547720	1		Existing stable article spelling retained; verify every assigned reading and sense.		
N5:219	5	車	くるま	car, vehicle	1323080	words/車.md	5	1323080	1		Existing stable article spelling retained; verify every assigned reading and sense.		
N5:220	5	黒	くろ	Black	1287410	words/黒.md	5	1287410	1		Source spelling retained.		
N5:221	5	黒い	くろい	black	1287420	words/黒い.md	5	1287420	1		Existing stable article spelling retained; verify every assigned reading and sense.		
N5:222	5	警官	けいかん	policeman	1252330	words/警官.md	5	1252330	1		Existing stable article spelling retained; verify every assigned reading and sense.		
N5:223	5	今朝	けさ	this morning	1579100	words/今朝.md	5	1579100	1		Source spelling retained.		
N5:224	5	消す	けす	to erase, to turn off power	1350110	words/消す.md	5	1350110	1,2		Existing stable article spelling retained; verify every assigned reading and sense.		
N5:225	5	結構	けっこう	splendid, enough	1254760	words/結構.md	5	1254760	1,2,3,4		Source spelling retained.		
N5:226	5	結婚	けっこん	Marriage	1254790	words/結婚.md	5	1254790	1		Existing stable article spelling retained; verify every assigned reading and sense.		
N5:227	5	月曜日	げつようび	Monday	1255890	words/月曜日.md	5	1255890	1		Source spelling retained.		
N5:228	5	玄関	げんかん	entry hall	1263400	words/玄関.md	5	1263400	1		Source spelling retained.		
N5:229	5	元気	げんき	health, vitality	1260720	words/元気.md	5	1260720	1,2		Existing stable article spelling retained; verify every assigned reading and sense.		
N5:230	5	五	ご	Five	1268060	words/五.md	5	1268060	1		Source spelling retained.		
N5:231	5	公園	こうえん	Park	1273270	words/公園.md	5	1273270	1		Existing stable article spelling retained; verify every assigned reading and sense.		
N5:232	5	交差点	こうさてん	intersection	1592970	words/交差点.md	5	1592970	1		Source spelling retained.		
N5:233	5	紅茶	こうちゃ	black tea	1280770	words/紅茶.md	5	1280770	1		Source spelling retained.		
N5:234	5	交番	こうばん	police box	1272500	words/交番.md	5	1272500	1		Source spelling retained.		
N5:235	5	声	こえ	Voice	1380440	words/声.md	5	1380440	1		Existing stable article spelling retained; verify every assigned reading and sense.		
N5:236	5		コート	coat, tennis court	1049000	words/コート.md	5	1049000	1	2842174:1	Source spelling retained.		The source gloss combines coat and sports court. These are distinguished using separate dictionary entries, not conflated under the supplied coat ID.
N5:237	5		コーヒー	Coffee	1049180	words/コーヒー.md	5	1049180	1		Source spelling retained.		
N5:238	5	此処	ここ	Here	1288810	words/ここ.md	5	1288810	1		Use the usual kana spelling, retaining source spelling in the coverage record.		
N5:239	5	午後	ごご	afternoon	1268990	words/午後.md	5	1268990	1		Existing stable article spelling retained; verify every assigned reading and sense.		
N5:240	5	九日	ここのか	nine days, ninth day	1243850	words/九日.md	5	1243850	1,2		Existing stable article spelling retained; verify every assigned reading and sense.		
N5:241	5	九つ	ここのつ	Nine	1243600	words/九つ.md	5	1243600	1,2		Source spelling retained.		
N5:242	5	午前	ごぜん	morning	1269060	words/午前.md	5	1269060	1		Existing stable article spelling retained; verify every assigned reading and sense.		
N5:243	5	答える	こたえる	to answer	1449540	words/答える.md	5	1449540	1		Existing stable article spelling retained; verify every assigned reading and sense.		
N5:244	5		こちら	this person or way	1004500	words/こちら.md	5	1004500	1,2,3,4,5		Source spelling retained.		
N5:245	5	此方	こっち	this person or way	1004500	words/こっち.md	5	1004500	1,2,3,4		Use the usual kana spelling, retaining source spelling in the coverage record.		Keep ID and こっち reading. The direction sense is supported. The dictionary's explicit 'this person' sense is restricted to こちら; do not transfer it to こっち merely because both readings share the entry. This is a snapshot restriction, not a claim that no pragmatic person-reference with こっち is possible.
N5:246	5		コップ	a glass	2846389	words/コップ.md	5	1050390	1		Source spelling retained.	Original entry 2846389 has only rare slang cop/police officer, contradicting the source gloss a glass. Corrected entry 1050390 sense 1 means glass (drinking vessel)/tumbler with unrestricted reading コップ and usual kana spelling. Drinking vessel, not the rare loanword for police officer.	
N5:247	5	今年	ことし	this year	1579130	words/今年.md	5	1579130	1		Existing stable article spelling retained; verify every assigned reading and sense.		
N5:248	5	言葉	ことば	word, language	1264540	words/言葉.md	5	1264540	1,2		Existing stable article spelling retained; verify every assigned reading and sense.		
N5:249	5	子供	こども	Child	1307850	words/子供.md	5	1307850	1		Existing stable article spelling retained; verify every assigned reading and sense.		
N5:250	5	此の	この	This	1582920	words/この.md	5	1582920	1		Use the usual kana spelling, retaining source spelling in the coverage record.		
N5:251	5	御飯	ごはん	cooked rice, meal	1270590	words/ご飯.md	5	1270590	1,2		Reuse existing same-entry/same-reading article; teach the listed spelling where useful.		
N5:252	5		コピー	to copy	1050590	words/コピー.md	5	1050590	1		Source spelling retained.		
N5:253	5	困る	こまる	to be worried	1289590	words/困る.md	5	1289590	1		Existing stable article spelling retained; verify every assigned reading and sense.		
N5:254	5		これ	This	2216120	words/これ.md	5	1628530	1		Source spelling retained.	Demonstrative this, not the homographic calling interjection.	
N5:255	5	今月	こんげつ	this month	1289100	words/今月.md	5	1289100	1		Existing stable article spelling retained; verify every assigned reading and sense.		
N5:256	5	今週	こんしゅう	this week	1289220	words/今週.md	5	1289220	1		Source spelling retained.		
N5:257	5		こんな	Such	1004880	words/こんな.md	5	1004880	1		Source spelling retained.		
N5:258	5	今晩	こんばん	this evening	1289470	words/今晩.md	5	1289470	1		Existing stable article spelling retained; verify every assigned reading and sense.		
N5:259	5		さあ	well…	1005110	words/さあ.md	5	1005110	1,2,3		Source spelling retained.		
N5:260	5	財布	さいふ	Wallet	1296970	words/財布.md	5	1296970	1		Existing stable article spelling retained; verify every assigned reading and sense.		
N5:261	5	魚	さかな	Fish	1578010	words/魚.md	5	1578010	1		Existing stable article spelling retained; verify every assigned reading and sense.		
N5:262	5	先	さき	the future, previous	1387210	words/先.md	5	1387210	3,4,5,6		Source spelling retained.		
N5:263	5	咲く	さく	to bloom	1297210	words/咲く.md	5	1297210	1		Source spelling retained.		
N5:264	5	作文	さくぶん	composition, writing	1297960	words/作文.md	5	1297960	1		Existing stable article spelling retained; verify every assigned reading and sense.		
N5:265	5	差す	さす	to stretch out hands, to raise an umbrella	1291330	words/差す.md	5	1291330	1,6,7		Source spelling retained.		
N5:266	5	雑誌	ざっし	Magazine	1299400	words/雑誌.md	5	1299400	1		Source spelling retained.		
N5:267	5	砂糖	さとう	Sugar	1291600	words/砂糖.md	5	1291600	1		Source spelling retained.		
N5:268	5	寒い	さむい	Cold	1210360	words/寒い.md	5	1210360	1		Existing stable article spelling retained; verify every assigned reading and sense.		
N5:269	5	さ来年	さらいねん	year after next	1293660	words/再来年.md	5	1293660	1		Replace a flagged rare/irregular spelling with a supported ordinary spelling.		
N5:270	5	三	さん	Three	1579350	words/三.md	5	1579350	1		Source spelling retained.		
N5:271	5	散歩	さんぽ	to stroll	1303620	words/散歩.md	5	1303620	1		Existing stable article spelling retained; verify every assigned reading and sense.		
N5:272	5	四	し	Four	1579470	words/四.md	5	1579470	1		Source spelling retained.		
N5:273	5	四	よん	Four	1579470	words/四.md	5	1579470	1		Source spelling retained.		
N5:274	5	塩	しお	Salt	1576630	words/塩.md	5	1576630	1		Source spelling retained.		
N5:275	5	然し	しかし	However	1505990	words/しかし.md	5	1505990	1		Use the usual kana spelling, retaining source spelling in the coverage record.		
N5:276	5	時間	じかん	Time	1315920	words/時間.md	5	1315920	1,2,3		Existing stable article spelling retained; verify every assigned reading and sense.		
N5:277	5	仕事	しごと	Job	1304970	words/仕事.md	5	1304970	1		Existing stable article spelling retained; verify every assigned reading and sense.		
N5:278	5	辞書	じしょ	Dictionary	1318970	words/辞書.md	5	1318970	1		Existing stable article spelling retained; verify every assigned reading and sense.		
N5:279	5	静か	しずか	Quiet	1381820	words/静か.md	5	1381820	1		Existing stable article spelling retained; verify every assigned reading and sense.		
N5:280	5	下	した	Below	1184140	words/下.md	5	1184140	1,2,3,5		Source spelling retained.		
N5:281	5	七	しち	Seven	1319210	words/七.md	5	1319210	1		Source spelling retained.		
N5:282	5	七	なな	Seven	1319210	words/七.md	5	1319210	1		Source spelling retained.		
N5:283	5	質問	しつもん	Question	1320760	words/質問.md	5	1320760	1		Existing stable article spelling retained; verify every assigned reading and sense.		
N5:284	5	自転車	じてんしゃ	Bicycle	1318290	words/自転車.md	5	1318290	1		Existing stable article spelling retained; verify every assigned reading and sense.		
N5:285	5	自動車	じどうしゃ	Automobile	1318400	words/自動車.md	5	1318400	1		Existing stable article spelling retained; verify every assigned reading and sense.		
N5:286	5	死ぬ	しぬ	to die	1310730	words/死ぬ.md	5	1310730	1		Existing stable article spelling retained; verify every assigned reading and sense.		
N5:287	5	字引	じびき	Dictionary	1315140	words/字引.md	5	1315140	1		Source spelling retained.		
N5:288	5	自分	じぶん	Oneself	1318610	words/自分.md	5	1318610	1		Source spelling retained.		
N5:289	5	閉まる	しまる	to close, to be closed	1436560	words/閉まる.md	5	1436560	1		Source spelling retained.		
N5:290	5	閉める	しめる	to close something	1508590	words/閉める.md	5	1508590	1		Existing stable article spelling retained; verify every assigned reading and sense.		
N5:291	5	締める	しめる	to tie	1436570	words/締める.md	5	1436570	1,2		Source spelling retained.		
N5:292	5		じゃ	well then…	1005900	words/じゃ.md	5	1005900	1		Source spelling retained.		
N5:293	5		じゃあ	well then…	1005900	words/じゃあ.md	5	1005900	1		Source spelling retained.		
N5:294	5	写真	しゃしん	photograph	1321900	words/写真.md	5	1321900	1		Existing stable article spelling retained; verify every assigned reading and sense.		
N5:295	5		シャツ	Shirt	1061520	words/シャツ.md	5	1061520	1,2		Source spelling retained.		
N5:296	5		シャワー	Shower	1061820	words/シャワー.md	5	1061820	1		Source spelling retained.		
N5:297	5	十	じゅう	Ten	1579840	words/十.md	5	1579840	1		Source spelling retained.		
N5:298	5	十	とお	Ten	1579840	words/十.md	5	1579840	1		Source spelling retained.		
N5:299	5	授業	じゅぎょう	lesson, class work	1330290	words/授業.md	5	1330290	1		Existing stable article spelling retained; verify every assigned reading and sense.		
N5:300	5	宿題	しゅくだい	homework	1337270	words/宿題.md	5	1337270	1		Existing stable article spelling retained; verify every assigned reading and sense.		
N5:301	5	上手	じょうず	Skillful	1353320	words/上手.md	5	1353320	1		Source spelling retained.		
N5:302	5	丈夫	じょうぶ	strong, durable	1580480	words/丈夫.md	5	1580480	1		Source spelling retained.		
N5:303	5		しょうゆ	soy sauce	1595020	words/しょうゆ.md	5	1595020	1		Source spelling retained.		
N5:304	5	食堂	しょくどう	dining hall	1358550	words/食堂.md	5	1358550	1		Existing stable article spelling retained; verify every assigned reading and sense.		
N5:305	5	知る	しる	to know	1420470	words/知る.md	5	1420470	1,4		Existing stable article spelling retained; verify every assigned reading and sense.		
N5:306	5	白	しろ	White	1474900	words/白.md	5	1474900	1		Source spelling retained.		
N5:307	5	白い	しろい	White	1474910	words/白い.md	5	1474910	1		Existing stable article spelling retained; verify every assigned reading and sense.		
N5:308	5	新聞	しんぶん	newspaper	1362360	words/新聞.md	5	1362360	1		Existing stable article spelling retained; verify every assigned reading and sense.		
N5:309	5	水曜日	すいようび	Wednesday	1372190	words/水曜日.md	5	1372190	1		Source spelling retained.		
N5:310	5	吸う	すう	to smoke, to suck	1228260	words/吸う.md	5	1228260	1,2		Existing stable article spelling retained; verify every assigned reading and sense.		
N5:311	5		スカート	Skirt	1067470	words/スカート.md	5	1067470	1		Source spelling retained.		
N5:312	5	好き	すき	Likeable	1277450	words/好き.md	5	1277450	1		Existing stable article spelling retained; verify every assigned reading and sense.		Retain 好き and 大好き. Bare 'likeable' foregrounds an object's attractive personality instead of someone's liking or preference. Do not infer an ordinary Japanese verb from English 'to be'.
N5:313	5	少ない	すくない	a few	1348910	words/少ない.md	5	1348910	1		Existing stable article spelling retained; verify every assigned reading and sense.		
N5:314	5		すぐに	Instantly	1430620	words/すぐに.md	5	1430620	1		Source spelling retained.		
N5:315	5	少し	すこし	Few	1348870	words/少し.md	5	1348870	1		Existing stable article spelling retained; verify every assigned reading and sense.		
N5:316	5	涼しい	すずしい	Refreshing	1554370	words/涼しい.md	5	1554370	1		Source spelling retained.		
N5:317	5		ストーブ	Heater	1070790	words/ストーブ.md	5	1070790	1		Source spelling retained.		
N5:318	5		スプーン	Spoon	1072590	words/スプーン.md	5	1072590	1		Source spelling retained.		
N5:319	5		スポーツ	Sport	1073210	words/スポーツ.md	5	1073210	1		Source spelling retained.		
N5:320	5		ズボン	Trousers	1074260	words/ズボン.md	5	1074260	1		Source spelling retained.		
N5:321	5	住む	すむ	to live in	1334040	words/住む.md	5	1334040	1		Existing stable article spelling retained; verify every assigned reading and sense.		
N5:322	5		スリッパ	Slippers	1073900	words/スリッパ.md	5	1073900	1		Source spelling retained.		
N5:323	5	為る	する	to do	1157170	words/する.md	5	1157170	1		Use the usual kana spelling, retaining source spelling in the coverage record.		
N5:324	5	座る	すわる	to sit	1291800	words/座る.md	5	1291800	1		Existing stable article spelling retained; verify every assigned reading and sense.		
N5:325	5	背	せ	height, stature	2147990	words/背.md	5	2147990	3		Source spelling retained.		
N5:326	5	生徒	せいと	Pupil	1379380	words/生徒.md	5	1379380	1		Existing stable article spelling retained; verify every assigned reading and sense.		
N5:327	5		セーター	sweater, jumper	1074270	words/セーター.md	5	1074270	1		Source spelling retained.		
N5:328	5		せっけん	soap	1382590	words/せっけん.md	5	1382590	1		Source spelling retained.		
N5:329	5	背広	せびろ	business suit	1472740	words/背広.md	5	1472740	1		Source spelling retained.		
N5:330	5	狭い	せまい	Narrow	1237680	words/狭い.md	5	1237680	1,2		Source spelling retained.		
N5:331	5		ゼロ	Zero	2839962	words/ゼロ.md	5	2839962	1		Source spelling retained.		
N5:332	5	千	せん	Thousand	1388740	words/千.md	5	1388740	1		Source spelling retained.		
N5:333	5	先月	せんげつ	last month	1387500	words/先月.md	5	1387500	1		Existing stable article spelling retained; verify every assigned reading and sense.		
N5:334	5	先週	せんしゅう	last week	1387870	words/先週.md	5	1387870	1		Source spelling retained.		
N5:335	5	先生	せんせい	teacher, doctor	1387990	words/先生.md	5	1387990	1,2		Existing stable article spelling retained; verify every assigned reading and sense.		Doctor is supported through use as a title/address, not as an unrestricted replacement for the profession noun. Preserve that distinction.
N5:336	5	洗濯	せんたく	Washing	1390980	words/洗濯.md	5	1390980	1		Source spelling retained.		
N5:337	5	全部	ぜんぶ	All	1396130	words/全部.md	5	1396130	1		Existing stable article spelling retained; verify every assigned reading and sense.		
N5:338	5	掃除	そうじ	to clean, to sweep	1399790	words/掃除.md	5	1399790	1		Source spelling retained.		
N5:339	5		そうして	And	1612860	words/そうして.md	5	1612860	1		Source spelling retained.		
N5:340	5		そして	And	1006730	words/そして.md	5	1006730	1		Source spelling retained.		
N5:341	5	其処	そこ	that place	1006670	words/そこ.md	5	1006670	1,2		Use the usual kana spelling, retaining source spelling in the coverage record.		
N5:342	5		そちら	over there	1006780	words/そちら.md	5	1006780	1,2,4		Source spelling retained.		
N5:343	5		そっち	over there	1006780	words/そっち.md	5	1006780	1,2,3		Source spelling retained.		
N5:344	5	外	そと	Outside	1203250	words/外.md	5	1203250	1,2		Source spelling retained.		
N5:345	5	其の	その	That	1006830	words/その.md	5	1006830	1		Use the usual kana spelling, retaining source spelling in the coverage record.		
N5:346	5	側	そば	near, beside	1403830	words/側.md	5	1403830	1		Source spelling retained.		
N5:347	5	空	そら	Sky	1245290	words/空.md	5	1245290	1		Existing stable article spelling retained; verify every assigned reading and sense.		
N5:348	5		それ	that	2216210	words/それ.md	5	1006970	1		Source spelling retained.	Demonstrative, not an attention-getting or encouraging interjection.	
N5:349	5		それから	after that	1006980	words/それから.md	5	1006980	1		Source spelling retained.		
N5:350	5		それでは	in that situation	1406050	words/それでは.md	5	1406050	1,2,3,4		Source spelling retained.		
N5:351	5	大学	だいがく	university	1413240	words/大学.md	5	1413240	1		Source spelling retained.		
N5:352	5	大使館	たいしかん	embassy	1413890	words/大使館.md	5	1413890	1		Source spelling retained.		
N5:353	5	大丈夫	だいじょうぶ	all right	1414150	words/大丈夫.md	5	1414150	1,3		Source spelling retained.		
N5:354	5	大好き	だいすき	to be very likeable	1413660	words/大好き.md	5	1413660	1		Source spelling retained.		Retain 好き and 大好き. Bare 'likeable' foregrounds an object's attractive personality instead of someone's liking or preference. Do not infer an ordinary Japanese verb from English 'to be'.
N5:355	5	大切	たいせつ	important	1414340	words/大切.md	5	1414340	1,2,3		Source spelling retained.		
N5:356	5	台所	だいどころ	kitchen	1412640	words/台所.md	5	1412640	1		Source spelling retained.		
N5:357	5	大変	たいへん	difficult situation	1415000	words/大変.md	5	1415000	3,4		Source spelling retained.		
N5:358	5	高い	たかい	tall, expensive	1283190	words/高い.md	5	1283190	1,2		Existing stable article spelling retained; verify every assigned reading and sense.		
N5:359	5		たくさん	many	1415870	words/たくさん.md	5	1415870	1,2		Source spelling retained.		
N5:360	5		タクシー	taxi	1076190	words/タクシー.md	5	1076190	1		Source spelling retained.		
N5:361	5	出す	だす	to put out	1338180	words/出す.md	5	1338180	1,2,3,5,6		Source spelling retained.		
N5:362	5	立つ	たつ	to stand	1597040	words/立つ.md	5	1597040	1,2		Existing stable article spelling retained; verify every assigned reading and sense.		
N5:363	5	縦	たて	length,height	1335640	words/縦.md	5	1335640	1,2		Source spelling retained.		
N5:364	5	建物	たてもの	building	1257540	words/建物.md	5	1257540	1		Source spelling retained.		
N5:365	5	楽しい	たのしい	enjoyable	1207240	words/楽しい.md	5	1207240	1		Existing stable article spelling retained; verify every assigned reading and sense.		
N5:366	5	頼む	たのむ	to ask	1548370	words/頼む.md	5	1548370	1		Existing stable article spelling retained; verify every assigned reading and sense.		
N5:367	5		たばこ	tobacco,cigarettes	1597150	words/たばこ.md	5	1597150	1		Source spelling retained.		
N5:368	5	多分	たぶん	probably	1407980	words/多分.md	5	1407980	1		Source spelling retained.		
N5:369	5	食べ物	たべもの	food	1358340	words/食べ物.md	5	1358340	1		Source spelling retained.		
N5:370	5	食べる	たべる	to eat	1358280	words/食べる.md	5	1358280	1		Existing stable article spelling retained; verify every assigned reading and sense.		
N5:371	5	卵	たまご	egg	1549140	words/卵.md	5	1549140	1,2		Source spelling retained.		
N5:372	5	誰	だれ	who	1416830	words/誰.md	5	1416830	1		Source spelling retained.		
N5:373	5	誰か	だれか	somebody	1416840	words/誰か.md	5	1416840	1		Source spelling retained.		
N5:374	5	誕生日	たんじょうび	birthday	1419110	words/誕生日.md	5	1419110	1		Source spelling retained.		
N5:375	5		だんだん	gradually	2546180	words/だんだん.md	5	1597350	1		Source spelling retained.	2546180 has only the Izumo-dialect interjection thank you, which does not match sourceGloss gradually. 1597350 sense 1 is gradually/by degrees/little by little, usually kana, reading だんだん with no sense restriction.	
N5:376	5	小さい	ちいさい	little	1347750	words/小さい.md	5	1347750	1,3		Source spelling retained.		
N5:377	5	小さな	ちいさな	little	2136180	words/小さな.md	5	2136180	1		Source spelling retained.		
N5:378	5	近い	ちかい	near	1242130	words/近い.md	5	1242130	1,2		Existing stable article spelling retained; verify every assigned reading and sense.		
N5:379	5	違う	ちがう	to differ	1158880	words/違う.md	5	1158880	1,2		Existing stable article spelling retained; verify every assigned reading and sense.		
N5:380	5	近く	ちかく	near	1242160	words/近く.md	5	1242160	1		Source spelling retained.		
N5:381	5	地下鉄	ちかてつ	underground train	1420900	words/地下鉄.md	5	1420900	1		Source spelling retained.		
N5:382	5	地図	ちず	map	1421290	words/地図.md	5	1421290	1		Existing stable article spelling retained; verify every assigned reading and sense.		
N5:383	5	茶色	ちゃいろ	brown	1422720	words/茶色.md	5	1422720	1		Source spelling retained.		
N5:384	5		ちゃわん	rice bowl	1597530	words/ちゃわん.md	5	1597530	1		Source spelling retained.		
N5:385	5	丁度	ちょうど	exactly	1427340	words/ちょうど.md	5	1427340	1		Use the usual kana spelling, retaining source spelling in the coverage record.		
N5:386	5		ちょっと	somewhat	1163940	words/ちょっと.md	5	1163940	1,2,3,5,6		Source spelling retained.		
N5:387	5	一日	ついたち	first of month	2225040	words/一日.md	5	2225040	1		Source spelling retained.		
N5:388	5	使う	つかう	to use	1305990	words/使う.md	5	1305990	1,3,4		Existing stable article spelling retained; verify every assigned reading and sense.		
N5:389	5	疲れる	つかれる	to get tired	1483740	words/疲れる.md	5	1483740	1		Existing stable article spelling retained; verify every assigned reading and sense.		
N5:390	5	次	つぎ	next	1316380	words/次.md	5	1316380	1		Existing stable article spelling retained; verify every assigned reading and sense.		
N5:391	5	着く	つく	to arrive at	1422970	words/着く.md	5	1422970	1		Source spelling retained.		
N5:392	5	机	つくえ	desk	1220210	words/机.md	5	1220210	1		Source spelling retained.		
N5:393	5	作る	つくる	to make	1597890	words/作る.md	5	1597890	1,2		Existing stable article spelling retained; verify every assigned reading and sense.		
N5:394	5	付ける	つける	to turn on	1495770	words/付ける.md	5	1495770	13		Existing stable article spelling retained; verify every assigned reading and sense.		
N5:395	5	勤める	つとめる	to work for someone	1240825	words/勤める.md	5	1240825	1		Existing stable article spelling retained; verify every assigned reading and sense.		
N5:396	5		つまらない	boring	1008190	words/つまらない.md	5	1008190	1,2,4		Source spelling retained.		
N5:397	5	冷たい	つめたい	cold to the touch	1556730	words/冷たい.md	5	1556730	1		Existing stable article spelling retained; verify every assigned reading and sense.		
N5:398	5	強い	つよい	powerful	1236070	words/強い.md	5	1236070	1,2,6		Existing stable article spelling retained; verify every assigned reading and sense.		
N5:399	5	手	て	hand	1327190	words/手.md	5	1327190	1		Existing stable article spelling retained; verify every assigned reading and sense.		
N5:400	5		テープ	tape	1078750	words/テープ.md	5	1078750	1		Source spelling retained.		
N5:401	5		テーブル	table	1078630	words/テーブル.md	5	1078630	1		Source spelling retained.		
N5:402	5		テープレコーダー	tape recorder	1078810	words/テープレコーダー.md	5	1078810	1		Source spelling retained.		
N5:403	5	出かける	でかける	to go out	1598550	words/出かける.md	5	1598550	1		Source spelling retained.		
N5:404	5	手紙	てがみ	letter	1327720	words/手紙.md	5	1327720	1		Source spelling retained.		
N5:405	5	出来る	できる	to be able to	1340450	words/できる.md	5	1340450	1		Use the usual kana spelling, retaining source spelling in the coverage record.		
N5:406	5	出口	でぐち	exit	1338850	words/出口.md	5	1338850	1		Existing stable article spelling retained; verify every assigned reading and sense.		
N5:407	5		テスト	test	1079760	words/テスト.md	5	1079760	1,2		Source spelling retained.		
N5:408	5		では	with that...	1008450	words/では.md	5	1008450	1,2		Source spelling retained.		
N5:409	5		デパート	department store	1083590	words/デパート.md	5	1083590	1		Source spelling retained.		
N5:410	5		でも	but	1008460	words/でも.md	5	1008460	1,2,4		Source spelling retained.		
N5:411	5	出る	でる	to appear,to leave	1338240	words/出る.md	5	1338240	1,5		Source spelling retained.		
N5:412	5		テレビ	television	1080510	words/テレビ.md	5	1080510	1,2		Source spelling retained.		
N5:413	5	天気	てんき	weather	1438690	words/天気.md	5	1438690	1		Existing stable article spelling retained; verify every assigned reading and sense.		
N5:414	5	電気	でんき	electricity,electric light	1443000	words/電気.md	5	1443000	1,2		Existing stable article spelling retained; verify every assigned reading and sense.		
N5:415	5	電車	でんしゃ	electric train	1443530	words/電車.md	5	1443530	1		Existing stable article spelling retained; verify every assigned reading and sense.		
N5:416	5	電話	でんわ	telephone	1443840	words/電話.md	5	1443840	1,2		Existing stable article spelling retained; verify every assigned reading and sense.		
N5:417	5	戸	と	Japanese style door	1266970	words/戸.md	5	1266970	1		Source spelling retained.		
N5:418	5		ドア	Western style door	1087820	words/ドア.md	5	1087820	1		Source spelling retained.		
N5:419	5		トイレ	toilet	1084810	words/トイレ.md	5	1084810	1,2		Source spelling retained.		
N5:420	5	如何	どう	how,in what way	1008910	words/どう.md	5	1008910	1		Use the usual kana spelling, retaining source spelling in the coverage record.		
N5:421	5		どうして	for what reason	1466940	words/どうして.md	5	1466940	2		Source spelling retained.		
N5:422	5		どうぞ	please	1189130	words/どうぞ.md	5	1189130	1,2,3		Source spelling retained.		
N5:423	5	動物	どうぶつ	animal	1451470	words/動物.md	5	1451470	1		Source spelling retained.		
N5:424	5		どうも	thanks	1009000	words/どうも.md	5	1009000	1,2		Source spelling retained.		
N5:425	5	遠い	とおい	far	1177800	words/遠い.md	5	1177800	1		Existing stable article spelling retained; verify every assigned reading and sense.		
N5:426	5	十日	とおか	ten days,the tenth day	1335000	words/十日.md	5	1335000	1,2		Existing stable article spelling retained; verify every assigned reading and sense.		
N5:427	5	時々	ときどき	sometimes	1598680	words/時々.md	5	1598680	1		Existing stable article spelling retained; verify every assigned reading and sense.		
N5:428	5	時計	とけい	watch,clock	1316140	words/時計.md	5	1316140	1		Existing stable article spelling retained; verify every assigned reading and sense.		
N5:429	5		どこ	where	1577140	words/どこ.md	5	1577140	1		Source spelling retained.		
N5:430	5	所	ところ	place	1343100	words/所.md	5	1343100	1		Source spelling retained.		
N5:431	5	年	とし	year	1468060	words/年.md	5	1468060	1,2		Source spelling retained.		
N5:432	5	図書館	としょかん	library	1370420	words/図書館.md	5	1370420	1		Existing stable article spelling retained; verify every assigned reading and sense.		
N5:433	5		どちら	which of two	1189360	words/どちら.md	5	1189360	2		Source spelling retained.		
N5:434	5		どっち	which	1189360	words/どっち.md	5	1189360	1,2		Source spelling retained.		
N5:435	5		とても	very	1008630	words/とても.md	5	1008630	1,2		Source spelling retained.		
N5:436	5		どなた	who	1189370	words/どなた.md	5	1189370	1		Source spelling retained.		
N5:437	5	隣	となり	next door to	1555830	words/隣.md	5	1555830	1,2		Source spelling retained.		
N5:438	5	何の	どの	which	1920240	words/どの.md	5	1920240	1		Use the usual kana spelling, retaining source spelling in the coverage record.		
N5:439	5	飛ぶ	とぶ	to fly,to hop	1429700	words/飛ぶ.md	5	1429700	1,2		Existing stable article spelling retained; verify every assigned reading and sense.		
N5:440	5	止まる	とまる	to come to a halt	1310620	words/止まる.md	5	1310620	1,2		Existing stable article spelling retained; verify every assigned reading and sense.		
N5:441	5	友達	ともだち	friend	1540170	words/友達.md	5	1540170	1		Existing stable article spelling retained; verify every assigned reading and sense.		
N5:442	5	土曜日	どようび	Saturday	1445590	words/土曜日.md	5	1445590	1		Existing stable article spelling retained; verify every assigned reading and sense.		
N5:443	5	鳥	とり	bird	1430250	words/鳥.md	5	1430250	1		Existing stable article spelling retained; verify every assigned reading and sense.		
N5:444	5	とり肉	とりにく	chicken meat	1253020	words/鶏肉.md	5	1253020	1		Replace a flagged rare/irregular spelling with a supported ordinary spelling.		
N5:445	5	取る	とる	to take something	1326980	words/取る.md	5	1326980	1		Existing stable article spelling retained; verify every assigned reading and sense.		
N5:446	5	撮る	とる	to take a photo or record a film	1298790	words/撮る.md	5	1298790	1,2		Source spelling retained.		
N5:447	5		どれ	which (of three or more)	1009290	words/どれ.md	5	1009290	1		Source spelling retained.		
N5:448	5		ナイフ	knife	1089890	words/ナイフ.md	5	1089890	1		Source spelling retained.		
N5:449	5	中	なか	middle	1423310	words/中.md	5	1423310	1,2,3,7		Source spelling retained.		
N5:450	5	長い	ながい	long	1429750	words/長い.md	5	1429750	1,2		Source spelling retained.		
N5:451	5	鳴く	なく	animal noise. to chirp, roar or croak etc.	1532870	words/鳴く.md	5	1532870	1		Existing stable article spelling retained; verify every assigned reading and sense.		
N5:452	5	無くす	なくす	to lose something	1529530	words/無くす.md	5	1529530	1,2		Source spelling retained.		
N5:453	5		なぜ	why	1577120	words/なぜ.md	5	1577120	1		Source spelling retained.		
N5:454	5	夏	なつ	summer	1191320	words/夏.md	5	1191320	1		Existing stable article spelling retained; verify every assigned reading and sense.		
N5:455	5	夏休み	なつやすみ	summer holiday	1191420	words/夏休み.md	5	1191420	1		Source spelling retained.		
N5:456	5		など	et cetera	1582300	words/など.md	5	1582300	1,3,4		Source spelling retained.		
N5:457	5	七つ	ななつ	seven	1319220	words/七つ.md	5	1319220	1,2		Source spelling retained.		
N5:458	5	七日	なのか	seven days,the seventh day	1579630	words/七日.md	5	1579630	1,2		Existing stable article spelling retained; verify every assigned reading and sense.		
N5:459	5	名前	なまえ	name	1531710	words/名前.md	5	1531710	1		Existing stable article spelling retained; verify every assigned reading and sense.		
N5:460	5	習う	ならう	to learn	1333070	words/習う.md	5	1333070	1		Existing stable article spelling retained; verify every assigned reading and sense.		
N5:461	5	並ぶ	ならぶ	to line up,to stand in a line	1508380	words/並ぶ.md	5	1508380	1		Source spelling retained.		
N5:462	5	並べる	ならべる	to line up,to set up	1508390	words/並べる.md	5	1508390	1		Source spelling retained.		
N5:463	5		なる	to become	1375610	words/なる.md	5	1375610	1		Source spelling retained.		
N5:464	5	何	なん	what	2846738	words/何.md	5	2846738	1,2		Source spelling retained.		
N5:465	5	何	なに	what	1577100	words/何.md	5	1577100	1		Source spelling retained.		
N5:466	5	二	に	two	1461140	words/二.md	5	1461140	1		Source spelling retained.		
N5:467	5	賑やか	にぎやか	bustling,busy	1463480	words/賑やか.md	5	1463480	1		Source spelling retained.		
N5:468	5	肉	にく	meat	1463520	words/肉.md	5	1463520	1,2		Source spelling retained.		
N5:469	5	西	にし	west	1380840	words/西.md	5	1380840	1		Source spelling retained.		
N5:470	5	日曜日	にちようび	Sunday	1464900	words/日曜日.md	5	1464900	1		Source spelling retained.		
N5:471	5	荷物	にもつ	luggage	1195430	words/荷物.md	5	1195430	1		Source spelling retained.		
N5:472	5		ニュース	news	1091500	words/ニュース.md	5	1091500	1		Source spelling retained.		
N5:473	5	庭	にわ	garden	1436130	words/庭.md	5	1436130	1		Existing stable article spelling retained; verify every assigned reading and sense.		
N5:474	5	脱ぐ	ぬぐ	to take off clothes	1416400	words/脱ぐ.md	5	1416400	1		Source spelling retained.		
N5:475	5	温い	ぬるい	luke warm	1183300	words/温い.md	5	1183300	1		Source spelling retained.		
N5:476	5		ネクタイ	tie,necktie	1092820	words/ネクタイ.md	5	1092820	1		Source spelling retained.		
N5:477	5	猫	ねこ	cat	1467640	words/猫.md	5	1467640	1		Existing stable article spelling retained; verify every assigned reading and sense.		
N5:478	5	寝る	ねる	to go to bed,to sleep	1360010	words/寝る.md	5	1360010	1,2		Existing stable article spelling retained; verify every assigned reading and sense.		
N5:479	5		ノート	notebook,exercise book	1093450	words/ノート.md	5	1093450	1,2		Source spelling retained.		
N5:480	5	登る	のぼる	to climb	1352570	words/登る.md	5	1352570	1		Existing stable article spelling retained; verify every assigned reading and sense.		
N5:481	5	飲み物	のみもの	a drink	1600430	words/飲み物.md	5	1600430	1		Existing stable article spelling retained; verify every assigned reading and sense.		
N5:482	5	飲む	のむ	to drink	1169870	words/飲む.md	5	1169870	1		Existing stable article spelling retained; verify every assigned reading and sense.		
N5:483	5	乗る	のる	to get on,to ride	1355120	words/乗る.md	5	1355120	1		Existing stable article spelling retained; verify every assigned reading and sense.		
N5:484	5	歯	は	tooth	1313000	words/歯.md	5	1313000	1		Existing stable article spelling retained; verify every assigned reading and sense.		
N5:485	5		パーティー	party	1100760	words/パーティー.md	5	1100760	1,2		Source spelling retained.		
N5:486	5		はい	yes	1010080	words/はい.md	5	1010080	1,2,3		Source spelling retained.		
N5:487	5	灰皿	はいざら	ashtray	1201940	words/灰皿.md	5	1201940	1		Source spelling retained.		
N5:488	5	入る	はいる	to enter,to contain	1465590	words/入る.md	5	1465590	1,2,3,4		Source spelling retained.		'To contain' reverses the relation. The thing enters, fits or is contained; it is not the container taking a direct object. Keep ID and はいる.
N5:489	5	葉書	はがき	postcard	1546590	words/葉書.md	5	1546590	1		Source spelling retained.		
N5:490	5	履く	はく	to wear,to put on trousers	1607260	words/履く.md	5	1607260	1		Source spelling retained.		
N5:491	5	箱	はこ	box	1585650	words/箱.md	5	1585650	1		Existing stable article spelling retained; verify every assigned reading and sense.		
N5:492	5	橋	はし	bridge	1237410	words/橋.md	5	1237410	1		Source spelling retained.		
N5:493	5	箸	はし	chopsticks	1476410	words/箸.md	5	1476410	1		Source spelling retained.		
N5:494	5	始まる	はじまる	to begin	1307500	words/始まる.md	5	1307500	1		Source spelling retained.		
N5:495	5	初め	はじめ	beginning	1342540	words/初め.md	5	1342540	1		Source spelling retained.		
N5:496	5	始め	はじめ	beginning	1342540	words/始め.md	5	1342540	1,2		Source spelling retained.		
N5:497	5	初めて	はじめて	for the first time	1342550	words/初めて.md	5	1342550	1		Existing stable article spelling retained; verify every assigned reading and sense.		
N5:498	5	走る	はしる	to run	1402540	words/走る.md	5	1402540	1		Existing stable article spelling retained; verify every assigned reading and sense.		
N5:499	5		バス	bus	1098390	words/バス.md	5	1098390	1		Source spelling retained.		
N5:500	5		バター	butter	1098620	words/バター.md	5	1098620	1		Source spelling retained.		
N5:501	5	二十歳	はたち	20 years old,20th year	1600790	words/二十歳.md	5	1600790	1		Source spelling retained.		二十歳/はたち denotes age twenty, not a generic twentieth calendar year or a twentieth anniversary. The archaic 'twenty' sense is restricted to other spellings.
N5:502	5	働く	はたらく	to work	1451150	words/働く.md	5	1451150	1		Source spelling retained.		
N5:503	5	八	はち	eight	1583090	words/八.md	5	1583090	1		Source spelling retained.		
N5:504	5	二十日	はつか	twenty days,twentieth	1600850	words/二十日.md	5	1600850	1,2		Source spelling retained.		
N5:505	5	花	はな	flower	1194500	words/花.md	5	1194500	1		Existing stable article spelling retained; verify every assigned reading and sense.		
N5:506	5	鼻	はな	nose	1486720	words/鼻.md	5	1486720	1		Source spelling retained.		
N5:507	5	話	はなし	talk,story	1600900	words/話.md	5	1600900	1,5		Source spelling retained.		
N5:508	5	話す	はなす	to speak	1562350	words/話す.md	5	1562350	1,2,3		Existing stable article spelling retained; verify every assigned reading and sense.		
N5:509	5	早い	はやい	early	1404975	words/早い.md	5	1404975	2,3		Existing stable article spelling retained; verify every assigned reading and sense.		
N5:510	5	速い	はやい	quick	1404975	words/速い.md	5	1404975	1		Existing stable article spelling retained; verify every assigned reading and sense.		
N5:511	5	春	はる	spring	1341000	words/春.md	5	1341000	1		Existing stable article spelling retained; verify every assigned reading and sense.		
N5:512	5	貼る	はる	to stick	1427900	words/貼る.md	5	1427900	1		Source spelling retained.		
N5:513	5	晴れ	はれ	clear weather	1376460	words/晴れ.md	5	1376460	1		Source spelling retained.		
N5:514	5	晴れる	はれる	to be sunny	1376470	words/晴れる.md	5	1376470	1		Existing stable article spelling retained; verify every assigned reading and sense.		
N5:515	5	半	はん	half	1478750	words/半.md	5	1478750	1,2		Source spelling retained.		
N5:516	5	晩	ばん	evening	1482110	words/晩.md	5	1482110	1		Source spelling retained.		
N5:517	5		パン	bread	1103090	words/パン.md	5	1103090	1		Source spelling retained.		
N5:518	5		ハンカチ	handkerchief	1096420	words/ハンカチ.md	5	1096420	1		Source spelling retained.		
N5:519	5	番号	ばんごう	number	1482290	words/番号.md	5	1482290	1		Existing stable article spelling retained; verify every assigned reading and sense.		
N5:520	5	晩御飯	ばんごはん	evening meal	1601340	words/晩御飯.md	5	1601340	1		Source spelling retained.		
N5:521	5	半分	はんぶん	half minute	1479890	words/半分.md	5	1479890	1		Existing stable article spelling retained; verify every assigned reading and sense.		半分/はんぶん is half. The source 'minute' is erroneous; retain the word, reading and ID, without a unit-of-time meaning.
N5:522	5	東	ひがし	east	1447440	words/東.md	5	1447440	1		Source spelling retained.		
N5:523	5	引く	ひく	to pull	1169250	words/引く.md	5	1169250	1		Existing stable article spelling retained; verify every assigned reading and sense.		
N5:524	5	弾く	ひく	to play an instrument with strings, including piano	1419370	words/弾く.md	5	1419370	1		Source spelling retained.		
N5:525	5	低い	ひくい	short,low	1434180	words/低い.md	5	1434180	1,2,3		Source spelling retained.		
N5:526	5	飛行機	ひこうき	aeroplane	1485470	words/飛行機.md	5	1485470	1		Source spelling retained.		
N5:527	5	左	ひだり	left hand side	1290800	words/左.md	5	1290800	1		Source spelling retained.		
N5:528	5	人	ひと	person	1580640	words/人.md	5	1580640	1,2,4		Source spelling retained.		
N5:529	5	一つ	ひとつ	one	1160820	words/一つ.md	5	1160820	1		Source spelling retained.		
N5:530	5	一月	ひとつき	one month	1162130	words/ひと月.md	5	1162130	1		Dictionary-supported spelling distinguishes duration from existing January.		
N5:531	5	一人	ひとり	one person	1576150	words/一人.md	5	1576150	1,2,4		Existing stable article spelling retained; verify every assigned reading and sense.		
N5:532	5	暇	ひま	free time	1577280	words/暇.md	5	1577280	1		Source spelling retained.		
N5:533	5	百	ひゃく	hundred	1488000	words/百.md	5	1488000	1		Source spelling retained.		
N5:534	5	病院	びょういん	hospital	1490220	words/病院.md	5	1490220	1		Existing stable article spelling retained; verify every assigned reading and sense.		
N5:535	5	病気	びょうき	illness	1490230	words/病気.md	5	1490230	1		Existing stable article spelling retained; verify every assigned reading and sense.		
N5:536	5	昼	ひる	noon, daytime	1426250	words/昼.md	5	1426250	1,2		Existing stable article spelling retained; verify every assigned reading and sense.		
N5:537	5	昼御飯	ひるごはん	midday meal	1602340	words/昼御飯.md	5	1602340	1		Source spelling retained.		
N5:538	5	広い	ひろい	spacious,wide	1278410	words/広い.md	5	1278410	1		Existing stable article spelling retained; verify every assigned reading and sense.		
N5:539	5		フィルム	roll of film	1109380	words/フィルム.md	5	1109380	1		Source spelling retained.		
N5:540	5	封筒	ふうとう	envelope	1499690	words/封筒.md	5	1499690	1		Source spelling retained.		
N5:541	5		プール	swimming pool	1115150	words/プール.md	5	1115150	1,3		Source spelling retained.		
N5:542	5		フォーク	fork	1110110	words/フォーク.md	5	1110110	1		Source spelling retained.		
N5:543	5	吹く	ふく	to blow	1370760	words/吹く.md	5	1370760	1,2,3		Existing stable article spelling retained; verify every assigned reading and sense.		
N5:544	5	服	ふく	clothes	1500940	words/服.md	5	1500940	1		Existing stable article spelling retained; verify every assigned reading and sense.		
N5:545	5	二つ	ふたつ	two	1461160	words/二つ.md	5	1461160	1		Existing stable article spelling retained; verify every assigned reading and sense.		
N5:546	5	豚肉	ぶたにく	pork	1457440	words/豚肉.md	5	1457440	1		Source spelling retained.		
N5:547	5	二人	ふたり	two people	1582670	words/二人.md	5	1582670	1		Existing stable article spelling retained; verify every assigned reading and sense.		
N5:548	5	二日	ふつか	two days, second day of the month	1462900	words/二日.md	5	1462900	1,2		Source spelling retained.		
N5:549	5	太い	ふとい	fat	1408180	words/太い.md	5	1408180	1		Source spelling retained.		
N5:550	5	冬	ふゆ	winter	1446070	words/冬.md	5	1446070	1		Existing stable article spelling retained; verify every assigned reading and sense.		
N5:551	5	降る	ふる	to fall, e.g. rain or snow	1282790	words/降る.md	5	1282790	1		Existing stable article spelling retained; verify every assigned reading and sense.		
N5:552	5	古い	ふるい	old (not used for people)	1265070	words/古い.md	5	1265070	1,2		Existing stable article spelling retained; verify every assigned reading and sense.		
N5:553	5	風呂	ふろ	bath	1500100	words/風呂.md	5	1500100	1,2		Source spelling retained.		
N5:554	5	文章	ぶんしょう	sentence,text	1505470	words/文章.md	5	1505470	1,2		Source spelling retained.		
N5:555	5		ページ	page	1120410	words/ページ.md	5	1120410	1,2		Source spelling retained.		
N5:556	5	下手	へた	unskillful	1185200	words/下手.md	5	1185200	1		Source spelling retained.		
N5:557	5		ベッド	bed	1119650	words/ベッド.md	5	1119650	1		Source spelling retained.		
N5:558	5		ペット	pet	1120990	words/ペット.md	5	1120990	1		Source spelling retained.		
N5:559	5	部屋	へや	room	1499320	words/部屋.md	5	1499320	1		Existing stable article spelling retained; verify every assigned reading and sense.		
N5:560	5	辺	へん	area	1512070	words/辺.md	5	1512070	1,2		Source spelling retained.		
N5:561	5		ペン	pen	1121380	words/ペン.md	5	1121380	1		Source spelling retained.		
N5:562	5	勉強	べんきょう	to study	1512670	words/勉強.md	5	1512670	1		Existing stable article spelling retained; verify every assigned reading and sense.		
N5:563	5	便利	べんり	useful, convenient	1512610	words/便利.md	5	1512610	1		Existing stable article spelling retained; verify every assigned reading and sense.		
N5:564	5	帽子	ぼうし	hat	1519170	words/帽子.md	5	1519170	1		Source spelling retained.		
N5:565	5		ボールペン	ball-point pen	1123590	words/ボールペン.md	5	1123590	1		Source spelling retained.		
N5:566	5		ほか	other, the rest	1203260	words/ほか.md	5	1203260	2,4,5		Source spelling retained.		
N5:567	5		ポケット	pocket	1124970	words/ポケット.md	5	1124970	1		Source spelling retained.		
N5:568	5	欲しい	ほしい	want	1547330	words/欲しい.md	5	1547330	1		Existing stable article spelling retained; verify every assigned reading and sense.		
N5:569	5		ポスト	post	1125150	words/ポスト.md	5	1125150	1,2,4		Source spelling retained.		
N5:570	5	細い	ほそい	thin	1295510	words/細い.md	5	1295510	1		Source spelling retained.		
N5:571	5		ボタン	button	1182880	words/ボタン.md	5	1123880	1,2		Source spelling retained.	1182880 refers to tree peony; its boar-meat sense is restricted to ぼたん. Neither matches sourceGloss button. 1123880 has unrestricted reading ボタン, clothing button sense 1 and push-button sense 2, both usually kana.	
N5:572	5		ホテル	hotel	1122650	words/ホテル.md	5	1122650	1		Source spelling retained.		
N5:573	5	本	ほん	book	1522150	words/本.md	5	1522150	1,5		Existing stable article spelling retained; verify every assigned reading and sense.		
N5:574	5	本棚	ほんだな	bookshelves	1522980	words/本棚.md	5	1522980	1		Source spelling retained.		
N5:575	5	本当	ほんとう	truth	1523060	words/本当.md	5	1523060	1		Source spelling retained.		
N5:576	5	毎朝	まいあさ	every morning	1524700	words/毎朝.md	5	1524700	1		Source spelling retained.		
N5:577	5	毎月	まいげつ	every month	1584350	words/毎月.md	5	1584350	1		Existing stable article spelling retained; verify every assigned reading and sense.		
N5:578	5	毎月	まいつき	every month	1584350	words/毎月.md	5	1584350	1		Existing stable article spelling retained; verify every assigned reading and sense.		
N5:579	5	毎週	まいしゅう	every week	1524690	words/毎週.md	5	1524690	1		Source spelling retained.		
N5:580	5	毎日	まいにち	every day	1524720	words/毎日.md	5	1524720	1		Existing stable article spelling retained; verify every assigned reading and sense.		
N5:581	5	毎年	まいねん	every year	1584360	words/毎年.md	5	1584360	1		Existing stable article spelling retained; verify every assigned reading and sense.		
N5:582	5	毎年	まいとし	every year	1584360	words/毎年.md	5	1584360	1		Existing stable article spelling retained; verify every assigned reading and sense.		
N5:583	5	毎晩	まいばん	every night	1524730	words/毎晩.md	5	1524730	1		Source spelling retained.		
N5:584	5	前	まえ	before	1392580	words/前.md	5	1392580	1,2		Source spelling retained.		
N5:585	5	曲る	まがる	to turn,to bend	1239730	words/曲る.md	5	1239730	1,2		Source spelling retained.		
N5:586	5	不味い	まずい	unpleasant	1495000	words/不味い.md	5	1495000	1,4		Source spelling retained.		
N5:587	5	又	また	again,and	1524930	words/また.md	5	1524930	1,4		Use the usual kana spelling, retaining source spelling in the coverage record.		
N5:588	5		まだ	yet,still	1527110	words/まだ.md	5	1527110	1,2		Source spelling retained.		
N5:589	5	町	まち	town,city	1603990	words/町.md	5	1603990	1		Existing stable article spelling retained; verify every assigned reading and sense.		
N5:590	5	待つ	まつ	to wait	1410590	words/待つ.md	5	1410590	1		Existing stable article spelling retained; verify every assigned reading and sense.		
N5:591	5		まっすぐ	straight ahead,direct	1580600	words/まっすぐ.md	5	1580600	1		Source spelling retained.		
N5:592	5		マッチ	match	2784220	words/マッチ.md	5	2784220	1,2	1128430:1	Source spelling retained.		The source English match is ambiguous between contest and matchstick. The supplied contest/matching identity is retained and the matchstick homograph is separately explained; this does not establish a sense-specific N5 assignment.
N5:593	5	窓	まど	window	1401400	words/窓.md	5	1401400	1		Existing stable article spelling retained; verify every assigned reading and sense.		
N5:594	5	丸い	まるい	round,circular	1604230	words/丸い.md	5	1604230	1,2,3		Source spelling retained.		
N5:595	5	円い	まるい	round,circular	1604230	words/円い.md	5	1604230	1		Source spelling retained.		
N5:596	5	万	まん	ten thousand	1584460	words/万.md	5	1584460	1		Source spelling retained.		
N5:597	5	万年筆	まんねんひつ	fountain pen	1526360	words/万年筆.md	5	1526360	1		Source spelling retained.		
N5:598	5	磨く	みがく	to brush teeth, to polish	1523940	words/磨く.md	5	1523940	1		Source spelling retained.		
N5:599	5	右	みぎ	right side	1171010	words/右.md	5	1171010	1		Source spelling retained.		
N5:600	5	短い	みじかい	short	1418620	words/短い.md	5	1418620	1,2		Source spelling retained.		
N5:601	5	水	みず	water	1371260	words/水.md	5	1371260	1		Source spelling retained.		
N5:602	5	店	みせ	shop	1582120	words/店.md	5	1582120	1		Existing stable article spelling retained; verify every assigned reading and sense.		
N5:603	5	見せる	みせる	to show	1259210	words/見せる.md	5	1259210	1		Source spelling retained.		
N5:604	5	道	みち	street	1454080	words/道.md	5	1454080	1		Existing stable article spelling retained; verify every assigned reading and sense.		
N5:605	5	三日	みっか	three days, third day of the month	1301330	words/三日.md	5	1301330	1,2		Existing stable article spelling retained; verify every assigned reading and sense.		
N5:606	5	三つ	みっつ	three	1299740	words/三つ.md	5	1299740	1,2		Source spelling retained.		
N5:607	5	緑	みどり	green	1555300	words/緑.md	5	1555300	1		Source spelling retained.		
N5:608	5	皆さん	みなさん	everyone	1202170	words/皆さん.md	5	1202170	1		Source spelling retained.		
N5:609	5	南	みなみ	south	1459870	words/南.md	5	1459870	1		Source spelling retained.		
N5:610	5	耳	みみ	ear	1317170	words/耳.md	5	1317170	1,2,4		Existing stable article spelling retained; verify every assigned reading and sense.		
N5:611	5	見る	みる	to see, to watch	1259290	words/見る.md	5	1259290	1		Existing stable article spelling retained; verify every assigned reading and sense.		
N5:612	5	観る	みる	to see, to watch	1259290	words/見る.md	5	1259290	1		Reuse existing same-entry/same-reading article; teach the listed spelling where useful.		
N5:613	5		みんな	everyone	1202150	words/みんな.md	5	1202150	1,2		Source spelling retained.		
N5:614	5	六日	むいか	six days, sixth day of the month	1561470	words/六日.md	5	1561470	1,2		Existing stable article spelling retained; verify every assigned reading and sense.		
N5:615	5	向こう	むこう	over there	1277140	words/向こう.md	5	1277140	1,2		Source spelling retained.		
N5:616	5	難しい	むずかしい	difficult	1460850	words/難しい.md	5	1460850	1		Existing stable article spelling retained; verify every assigned reading and sense.		
N5:617	5	六つ	むっつ	six	1585315	words/六つ.md	5	1585315	1		Source spelling retained.		
N5:618	5	村	むら	village	1406820	words/村.md	5	1406820	1		Source spelling retained.		
N5:619	5	目	め	eye	1604890	words/目.md	5	1604890	1		Existing stable article spelling retained; verify every assigned reading and sense.		
N5:620	5		メートル	metre	1132570	words/メートル.md	5	1132570	1		Source spelling retained.		
N5:621	5	眼鏡	めがね	glasses	1577670	words/眼鏡.md	5	1577670	1		Source spelling retained.		
N5:622	5		もう	already	1012480	words/もう.md	5	1012480	1,2,3		Source spelling retained.		
N5:623	5	もう一度	もういちど	again	2005860	words/もう一度.md	5	2005860	1		Source spelling retained.		
N5:624	5	木曜日	もくようび	Thursday	1534890	words/木曜日.md	5	1534890	1		Source spelling retained.		
N5:625	5	持つ	もつ	to hold	1315720	words/持つ.md	5	1315720	1		Existing stable article spelling retained; verify every assigned reading and sense.		
N5:626	5		もっと	more	1012620	words/もっと.md	5	1012620	1		Source spelling retained.		
N5:627	5	物	もの	thing	1502390	words/物.md	5	1502390	1		Source spelling retained.		
N5:628	5	門	もん	gate	1584800	words/門.md	5	1584800	1		Source spelling retained.		
N5:629	5	問題	もんだい	problem	1536010	words/問題.md	5	1536010	1,2,5		Existing stable article spelling retained; verify every assigned reading and sense.		
N5:630	5	八百屋	やおや	greengrocer	1476960	words/八百屋.md	5	1476960	1		Source spelling retained.		
N5:631	5	野菜	やさい	vegetable	1537370	words/野菜.md	5	1537370	1		Existing stable article spelling retained; verify every assigned reading and sense.		
N5:632	5	易しい	やさしい	easy, simple	1157000	words/易しい.md	5	1157000	1		Existing stable article spelling retained; verify every assigned reading and sense.		
N5:633	5	安い	やすい	cheap	1153670	words/安い.md	5	1153670	1		Existing stable article spelling retained; verify every assigned reading and sense.		
N5:634	5	休み	やすみ	rest,holiday	1227500	words/休み.md	5	1227500	1,2		Source spelling retained.		
N5:635	5	休む	やすむ	to rest	1227560	words/休む.md	5	1227560	2		Existing stable article spelling retained; verify every assigned reading and sense.		
N5:636	5	八つ	やっつ	eight	1583095	words/八つ.md	5	1583095	1,2		Source spelling retained.		
N5:637	5	山	やま	mountain	1302680	words/山.md	5	1302680	1,4		Source spelling retained.		
N5:638	5	遣る	やる	to do	1012980	words/やる.md	5	1012980	1,4		Use the usual kana spelling, retaining source spelling in the coverage record.		
N5:639	5	夕方	ゆうがた	evening	1542790	words/夕方.md	5	1542790	1		Existing stable article spelling retained; verify every assigned reading and sense.		
N5:640	5	夕飯	ゆうはん	dinner	1584910	words/夕飯.md	5	1584910	1		Source spelling retained.		
N5:641	5	郵便局	ゆうびんきょく	post office	1542430	words/郵便局.md	5	1542430	1		Source spelling retained.		
N5:642	5	昨夜	ゆうべ	last night	1542640	words/昨夜.md	5	1542640	1		Source spelling retained.		
N5:643	5	有名	ゆうめい	famous	1541620	words/有名.md	5	1541620	1		Existing stable article spelling retained; verify every assigned reading and sense.		
N5:644	5	雪	ゆき	snow	1386500	words/雪.md	5	1386500	1		Existing stable article spelling retained; verify every assigned reading and sense.		
N5:645	5	行く	ゆく	to go	1578850	words/行く.md	5	1578850	1		Existing stable article spelling retained; verify every assigned reading and sense.		
N5:646	5		ゆっくり	slowly	1013050	words/ゆっくり.md	5	1013050	1		Source spelling retained.		
N5:647	5	八日	ようか	eight days, eighth day of the month	1476920	words/八日.md	5	1476920	1,2		Existing stable article spelling retained; verify every assigned reading and sense.		
N5:648	5	洋服	ようふく	western-style clothes	1546020	words/洋服.md	5	1546020	1		Existing stable article spelling retained; verify every assigned reading and sense.		
N5:649	5	良く	よく	often, well	1605870	words/よく.md	5	1605870	1,2		Use the usual kana spelling, retaining source spelling in the coverage record.		
N5:650	5	横	よこ	beside,side,width	1180570	words/横.md	5	1180570	2,3,4		Existing stable article spelling retained; verify every assigned reading and sense.		
N5:651	5	四日	よっか	four days, fouth day of the month	1307320	words/四日.md	5	1307320	1,2		Source spelling retained.		
N5:652	5	四つ	よっつ	four	1307040	words/四つ.md	5	1307040	1		Existing stable article spelling retained; verify every assigned reading and sense.		
N5:653	5	呼ぶ	よぶ	to call out,to invite	1266440	words/呼ぶ.md	5	1266440	1,3		Existing stable article spelling retained; verify every assigned reading and sense.		
N5:654	5	読む	よむ	to read	1456360	words/読む.md	5	1456360	1,4		Existing stable article spelling retained; verify every assigned reading and sense.		
N5:655	5	夜	よる	evening,night	1536350	words/夜.md	5	1536350	1		Existing stable article spelling retained; verify every assigned reading and sense.		
N5:656	5	弱い	よわい	weak	1324520	words/弱い.md	5	1324520	1		Source spelling retained.		
N5:657	5	来月	らいげつ	next month	1547900	words/来月.md	5	1547900	1		Source spelling retained.		
N5:658	5	来週	らいしゅう	next week	1548010	words/来週.md	5	1548010	1		Existing stable article spelling retained; verify every assigned reading and sense.		
N5:659	5	来年	らいねん	next year	1548220	words/来年.md	5	1548220	1		Existing stable article spelling retained; verify every assigned reading and sense.		
N5:660	5		ラジオ	radio	1138860	words/ラジオ.md	5	1138860	1		Source spelling retained.		
N5:661	5		ラジカセ	radio cassette player	1138960	words/ラジカセ.md	5	1138960	1		Source spelling retained.		
N5:662	5		ラジオカセット	radio cassette player	1138900	words/ラジオカセット.md	5	1138900	1		Source spelling retained.		
N5:663	5	立派	りっぱ	splendid	1551790	words/立派.md	5	1551790	1,2		Source spelling retained.		
N5:664	5	留学生	りゅうがくせい	overseas student	1552750	words/留学生.md	5	1552750	1		Source spelling retained.		
N5:665	5	両親	りょうしん	both parents	1602710	words/両親.md	5	1602710	1		Source spelling retained.		
N5:666	5	料理	りょうり	cuisine	1554310	words/料理.md	5	1554310	1		Existing stable article spelling retained; verify every assigned reading and sense.		
N5:667	5	旅行	りょこう	travel	1553170	words/旅行.md	5	1553170	1		Existing stable article spelling retained; verify every assigned reading and sense.		
N5:668	5	零	れい	zero	1557630	words/零.md	5	1557630	1		Source spelling retained.		
N5:669	5	冷蔵庫	れいぞうこ	refrigerator	1557110	words/冷蔵庫.md	5	1557110	1		Source spelling retained.		
N5:670	5		レコード	record	1144940	words/レコード.md	5	1144940	1,2,3		Source spelling retained.		
N5:671	5		レストラン	restaurant	1145310	words/レストラン.md	5	1145310	1		Source spelling retained.		
N5:672	5	練習	れんしゅう	to practice	1559160	words/練習.md	5	1559160	1		Source spelling retained.		
N5:673	5	廊下	ろうか	corridor	1560670	words/廊下.md	5	1560670	1		Source spelling retained.		
N5:674	5	六	ろく	six	1585310	words/六.md	5	1585310	1		Source spelling retained.		
N5:675	5		ワイシャツ	business shirt	1148640	words/ワイシャツ.md	5	1148640	1		Source spelling retained.		
N5:676	5	若い	わかい	young	1324300	words/若い.md	5	1324300	1		Existing stable article spelling retained; verify every assigned reading and sense.		
N5:677	5	分かる	わかる	to be understood	1606560	words/分かる.md	5	1606560	1,2		Existing stable article spelling retained; verify every assigned reading and sense.		
N5:678	5	忘れる	わすれる	to forget	1519210	words/忘れる.md	5	1519210	1		Existing stable article spelling retained; verify every assigned reading and sense.		
N5:679	5	私	わたくし	(humble) I,myself	2842390	words/私.md	5	2842390	1		Existing stable article spelling retained; verify every assigned reading and sense.		
N5:680	5	私	わたし	I,myself	1311110	words/私.md	5	1311110	1		Existing stable article spelling retained; verify every assigned reading and sense.		
N5:681	5	渡す	わたす	to hand over	1444610	words/渡す.md	5	1444610	3		Source spelling retained.		
N5:682	5	渡る	わたる	to go across	1444680	words/渡る.md	5	1444680	1		Existing stable article spelling retained; verify every assigned reading and sense.		
N5:683	5	悪い	わるい	bad	1151260	words/悪い.md	5	1151260	1,5		Existing stable article spelling retained; verify every assigned reading and sense.		
N5:684	5		より	Used for comparison.	1013190	words/より.md	5	1013190	1,3,5		Source spelling retained.		
N5:685	5	方	ほう	Used for comparison.	1516930	words/方.md	5	1516930	5		Source spelling retained.		
N4:2	4		あ	Ah	2394370	words/あ.md	4	2394370	1		Source spelling retained.		
N4:3	4		ああ	like that	2085080	words/ああ.md	4	2085080	1		Source spelling retained.		
N4:4	4		あいさつ	to greet	1151120	words/あいさつ.md	4	1151120	1		Source spelling retained.		
N4:5	4	間	あいだ	a space	1215230	words/間.md	4	1215230	1,2,3		Source spelling retained.		
N4:6	4	合う	あう	to match	1284430	words/合う.md	4	1284430	2		Existing stable article spelling retained; verify every assigned reading and sense.		
N4:7	4		あかちゃん	infant	1383260	words/あかちゃん.md	4	1383260	1		Source spelling retained.		
N4:8	4	上る	あがる	to rise	1352290	words/上がる.md	4	1352290	1,6,13		Replace a flagged rare/irregular spelling with a supported ordinary spelling.		
N4:9	4	赤ん坊	あかんぼう	baby	1383310	words/赤ん坊.md	4	1383310	1		Source spelling retained.		
N4:10	4	空く	あく	to open, to become empty	1586270	words/空く.md	4	1586270	1,3,4		Source spelling retained.		Keep 空く; foreground the empty/vacant/available senses for this spelling. Opening a door is especially 開く. This is a preference, not a forbidden-pair claim.
N4:11	4		アクセサリー	accessory	1015220	words/アクセサリー.md	4	1015220	1,2		Source spelling retained.		
N4:12	4		あげる	to give	1352320	words/あげる.md	4	1352320	5,23		Source spelling retained.		
N4:13	4	浅い	あさい	shallow,superficial	1390800	words/浅い.md	4	1390800	1,2,3		Source spelling retained.		
N4:14	4	味	あじ	flavour	1526960	words/味.md	4	1526960	1		Existing stable article spelling retained; verify every assigned reading and sense.		
N4:15	4		アジア	Asia	1015840	words/アジア.md	4	1015840	1		Source spelling retained.		
N4:16	4	明日	あす	tomorrow	1584660	words/明日.md	5	1584660	1		Source spelling retained.		
N4:17	4	遊び	あそび	play	1542070	words/遊び.md	4	1542070	1,2		Source spelling retained.		
N4:18	4	集る	あつまる	to gather	1333550	words/集まる.md	4	1333550	1		Reuse existing same-entry/same-reading article; teach the listed spelling where useful.		
N4:19	4	集める	あつめる	to collect something	1333560	words/集める.md	4	1333560	1		Source spelling retained.		
N4:20	4		アナウンサー	announcer	1017330	words/アナウンサー.md	4	1017330	1		Source spelling retained.		
N4:21	4		アフリカ	Africa	1929050	words/アフリカ.md	4	1929050	1		Source spelling retained.		
N4:22	4		アメリカ	America	1149830	words/アメリカ.md	4	1149830	1,2		Source spelling retained.		
N4:23	4	謝る	あやまる	to apologize	1323010	words/謝る.md	4	1323010	1		Source spelling retained.		
N4:24	4		アルコール	alcohol	1019280	words/アルコール.md	4	1019280	1,2		Source spelling retained.		
N4:25	4		アルバイト	part-time job	1019420	words/アルバイト.md	4	1019420	1,2		Source spelling retained.		
N4:26	4	安心	あんしん	relief	1153890	words/安心.md	4	1153890	1		Existing stable article spelling retained; verify every assigned reading and sense.		
N4:27	4	安全	あんぜん	safety	1153930	words/安全.md	4	1153930	1		Source spelling retained.		
N4:28	4		あんな	such	1000590	words/あんな.md	4	1000590	1		Source spelling retained.		
N4:29	4	案内	あんない	to guide	1154860	words/案内.md	4	1154860	1		Source spelling retained.		
N4:30	4	以下	いか	less than	1155060	words/以下.md	4	1155060	1,2,3		Source spelling retained.		以下 and 以上 include the numerical boundary in their quantitative sense. Strict less-than/more-than English exists in other comparative senses, so it is not globally impossible, but must not be copied as the numerical rule. The 'that's all' sense of 以上 is also valid.
N4:31	4	以外	いがい	with the exception of	1155090	words/以外.md	4	1155090	1,2		Source spelling retained.		
N4:32	4	医学	いがく	medical science	1159810	words/医学.md	4	1159810	1		Source spelling retained.		
N4:33	4	生きる	いきる	to live	1378520	words/生きる.md	4	1378520	1		Source spelling retained.		
N4:34	4	意見	いけん	opinion	1156530	words/意見.md	4	1156530	1		Source spelling retained.		
N4:35	4	石	いし	stone	1382440	words/石.md	4	1382440	1		Existing stable article spelling retained; verify every assigned reading and sense.		
N4:36	4		いじめる	to tease	1195140	words/いじめる.md	4	1195140	1		Source spelling retained.		
N4:37	4	以上	いじょう	more than,this is all	1155120	words/以上.md	4	1155120	1,3,5		Existing stable article spelling retained; verify every assigned reading and sense.		以下 and 以上 include the numerical boundary in their quantitative sense. Strict less-than/more-than English exists in other comparative senses, so it is not globally impossible, but must not be copied as the numerical rule. The 'that's all' sense of 以上 is also valid.
N4:38	4	急ぐ	いそぐ	to hurry	1228650	words/急ぐ.md	4	1228650	1		Existing stable article spelling retained; verify every assigned reading and sense.		
N4:39	4	致す	いたす	(humble) to do	1421900	words/致す.md	4	1421900	1		Source spelling retained.		
N4:40	4		いただく	(humble) to receive	1587290	words/いただく.md	4	1587290	1		Source spelling retained.		
N4:41	4	一度	いちど	once	1576250	words/一度.md	4	1576250	1		Source spelling retained.		
N4:42	4	一生懸命	いっしょうけんめい	with utmost effort	1164010	words/一生懸命.md	4	1164010	1		Source spelling retained.		
N4:43	4	一杯	いっぱい	full	1165670	words/一杯.md	4	1165670	3		Existing stable article spelling retained; verify every assigned reading and sense.		
N4:44	4	糸	いと	thread	1311450	words/糸.md	4	1311450	1		Source spelling retained.		
N4:45	4	以内	いない	within	1155180	words/以内.md	4	1155180	1		Source spelling retained.		
N4:46	4	田舎	いなか	countryside	1442750	words/田舎.md	4	1442750	1,2		Source spelling retained.		
N4:47	4	祈る	いのる	to pray	1222770	words/祈る.md	4	1222770	1		Source spelling retained.		
N4:48	4		いらっしゃる	(respectful) to be,to come or to go	1000940	words/いらっしゃる.md	4	1000940	1,2		Source spelling retained.		
N4:49	4	植える	うえる	to plant,to grow	1357250	words/植える.md	4	1357250	1		Source spelling retained.		
N4:50	4	伺う	うかがう	to visit	1305700	words/伺う.md	4	1305700	1		Source spelling retained.		
N4:51	4	受付	うけつけ	receipt	1588060	words/受付.md	4	1588060	1,2		Source spelling retained.		'Receipt' is dictionary-supported as receiving/acceptance, not a printed proof of payment. The supplied 受付 spelling especially favors the reception-desk sense. No ID change.
N4:52	4	受ける	うける	to take a lesson or test	1329590	words/受ける.md	4	1329590	1,5		Existing stable article spelling retained; verify every assigned reading and sense.		
N4:53	4	動く	うごく	to move	1451210	words/動く.md	4	1451210	1		Source spelling retained.		
N4:54	4	嘘	うそ	a lie	1172400	words/嘘.md	4	1172400	1,4		Source spelling retained.		
N4:55	4	内	うち	within	1457730	words/内.md	4	1457730	1,2		Source spelling retained.		
N4:56	4	打つ	うつ	to hit	1408810	words/打つ.md	4	1408810	1		Existing stable article spelling retained; verify every assigned reading and sense.		
N4:57	4	美しい	うつくしい	beautiful	1486360	words/美しい.md	4	1486360	1		Existing stable article spelling retained; verify every assigned reading and sense.		
N4:58	4	写す	うつす	to copy or photograph	1588320	words/写す.md	4	1588320	1,4		Existing stable article spelling retained; verify every assigned reading and sense.		
N4:59	4	移る	うつる	to move house or transfer	1158210	words/移る.md	4	1158210	1		Source spelling retained.		
N4:60	4	腕	うで	arm	1562850	words/腕.md	4	1562850	1		Source spelling retained.		
N4:61	4	上手い	うまい	delicious	1310460	words/上手い.md	4	1310460	1,2		Source spelling retained.		The shared entry does support delicious, but the supplied spelling especially suggests skillful. Preserve source provenance; kana うまい or an explicitly flavor-appropriate spelling avoids conflation. No automatic membership or ID change.
N4:62	4	裏	うら	reverse side	1550190	words/裏.md	4	1550190	1,2,4,5		Source spelling retained.		
N4:63	4	売り場	うりば	place where things are sold	1588550	words/売り場.md	4	1588550	1		Source spelling retained.		
N4:64	4		うれしい	glad	1219510	words/うれしい.md	4	1219510	1,2		Source spelling retained.		
N4:65	4		うん	(informal) yes	1001090	words/うん.md	4	1001090	1		Source spelling retained.		
N4:66	4	運転	うんてん	to drive	1172830	words/運転.md	4	1172830	2		Existing stable article spelling retained; verify every assigned reading and sense.		
N4:67	4	運転手	うんてんしゅ	driver	1172870	words/運転手.md	4	1172870	1		Source spelling retained.		
N4:68	4	運動	うんどう	to exercise	1172910	words/運動.md	4	1172910	1		Source spelling retained.		
N4:69	4		エスカレーター	escalator	1028580	words/エスカレーター.md	4	1028580	1		Source spelling retained.		
N4:70	4	枝	えだ	branch, twig	1310530	words/枝.md	4	1310530	1		Source spelling retained.		
N4:71	4	選ぶ	えらぶ	to choose	1588730	words/選ぶ.md	4	1588730	1		Existing stable article spelling retained; verify every assigned reading and sense.		
N4:72	4	遠慮	えんりょ	to be reserved, to be restrained	1178450	words/遠慮.md	4	1178450	1,2		Source spelling retained.		
N4:73	4		おいでになる	(respectful) to be	1001180	words/おいでになる.md	4	1001180	1,2,3		Source spelling retained.		
N4:74	4	お祝い	おいわい	congratulation	1612770	words/お祝い.md	4	1612770	1		Source spelling retained.		
N4:75	4		オートバイ	motorcycle	1032030	words/オートバイ.md	4	1032030	1		Source spelling retained.		
N4:76	4		おかげ	owing to	1001640	words/おかげ.md	4	1001640	2,3		Source spelling retained.		
N4:77	4		おかしい	strange or funny	1190860	words/おかしい.md	4	1190860	1,2		Source spelling retained.		
N4:78	4	億	おく	one hundred million	1182620	words/億.md	4	1182620	1		Source spelling retained.		
N4:79	4	屋上	おくじょう	rooftop	1182710	words/屋上.md	4	1182710	1		Source spelling retained.		
N4:80	4	贈り物	おくりもの	gift	1589030	words/贈り物.md	4	1589030	1		Source spelling retained.		
N4:81	4	送る	おくる	to send	1402730	words/送る.md	4	1402730	1		Existing stable article spelling retained; verify every assigned reading and sense.		
N4:82	4	遅れる	おくれる	to be late	1589040	words/遅れる.md	4	1589040	1		Source spelling retained.		
N4:83	4	起す	おこす	to wake	1223660	words/起す.md	4	1223660	2		Source spelling retained.		
N4:84	4	行う	おこなう	to do	1589060	words/行う.md	4	1589060	1		Source spelling retained.		
N4:85	4	怒る	おこる	to get angry,to be angry	1445690	words/怒る.md	4	1445690	1		Existing stable article spelling retained; verify every assigned reading and sense.		
N4:86	4	押し入れ	おしいれ	closet	1589110	words/押し入れ.md	4	1589110	1		Source spelling retained.		
N4:87	4	お嬢さん	おじょうさん	young lady	1002170	words/お嬢さん.md	4	1002170	1,2		Source spelling retained.		
N4:88	4	お宅	おたく	(polite) your house	1002400	words/お宅.md	4	1002400	1		Source spelling retained.		
N4:89	4	落る	おちる	to fall or drop	1548550	words/落ちる.md	4	1548550	1		Reuse existing same-entry/same-reading article; teach the listed spelling where useful.		
N4:90	4		おっしゃる	(respectful) to say	1238840	words/おっしゃる.md	4	1238840	1,2		Source spelling retained.		
N4:91	4	夫	おっと	husband	1496480	words/夫.md	4	1496480	1		Source spelling retained.		
N4:92	4		おつり	change from purchase, balance	1270550	words/おつり.md	4	1270550	1		Source spelling retained.		おつり is the change returned from a purchase; do not present bare 'balance' as a bank balance or an amount owed.
N4:93	4	音	おと	sound,note	1576900	words/音.md	4	1576900	1,2		Existing stable article spelling retained; verify every assigned reading and sense.		
N4:94	4	落す	おとす	to drop	1589260	words/落す.md	4	1589260	1		Source spelling retained.		
N4:95	4	踊り	おどり	a dance	1546880	words/踊り.md	4	1546880	1		Source spelling retained.		
N4:96	4	踊る	おどる	to dance	1538440	words/踊る.md	4	1538440	1		Source spelling retained.		
N4:97	4	驚く	おどろく	to be surprised	1238680	words/驚く.md	4	1238680	1,2		Source spelling retained.		
N4:98	4	お祭り	おまつり	festival	1604135	words/お祭り.md	4	1604135	1		Source spelling retained.		
N4:99	4	お見舞い	おみまい	calling on someone who is ill,enquiry	1001870	words/お見舞い.md	4	1001870	1		Source spelling retained.		
N4:100	4	お土産	おみやげ	souvenir	1002500	words/お土産.md	4	1002500	1,2		Source spelling retained.		
N4:101	4	思い出す	おもいだす	to remember	1309260	words/思い出す.md	4	1309260	1		Source spelling retained.		
N4:102	4	思う	おもう	to think,to feel	1589350	words/思う.md	4	1589350	1,6		Existing stable article spelling retained; verify every assigned reading and sense.		
N4:103	4		おもちゃ	toy	1217070	words/おもちゃ.md	4	1217070	1,2		Source spelling retained.		
N4:104	4	表	おもて	the front	1489340	words/表.md	4	1489340	1,2,3,4		Source spelling retained.		
N4:105	4	親	おや	parents	1365040	words/親.md	4	1365040	1		Existing stable article spelling retained; verify every assigned reading and sense.		
N4:106	4	下りる	おりる	to get off	1589500	words/下りる.md	4	1589500	1,2		Source spelling retained.		Descent especially uses 下りる; alighting especially uses 降りる. The source identity is still valid; do not collapse spelling-specific senses just because this ID is also in N5.
N4:107	4	折る	おる	to break or to fold	1385910	words/折る.md	4	1385910	1,2		Existing stable article spelling retained; verify every assigned reading and sense.		
N4:108	4	お礼	おれい	expression of gratitude	1270810	words/御礼.md	4	1270810	1		Reuse existing same-entry/same-reading article; teach the listed spelling where useful.		
N4:109	4	折れる	おれる	to break or be folded	1385920	words/折れる.md	4	1385920	1,2,3		Source spelling retained.		
N4:110	4	終わり	おわり	the end	1589590	words/終わり.md	4	1589590	1		Source spelling retained.		
N4:111	4		カーテン	curtain	1036290	words/カーテン.md	4	1036290	1		Source spelling retained.		
N4:112	4	海岸	かいがん	coast	1201280	words/海岸.md	4	1201280	1		Source spelling retained.		
N4:113	4	会議	かいぎ	meeting	1198360	words/会議.md	4	1198360	1		Source spelling retained.		
N4:114	4	会議室	かいぎしつ	meeting room	1198380	words/会議室.md	4	1198380	1		Source spelling retained.		
N4:115	4	会場	かいじょう	assembly hall or meeting place	1198660	words/会場.md	4	1198660	1		Source spelling retained.		
N4:116	4	会話	かいわ	conversation	1198880	words/会話.md	4	1198880	1		Existing stable article spelling retained; verify every assigned reading and sense.		
N4:117	4	帰り	かえり	return	1221250	words/帰り.md	4	1221250	1		Source spelling retained.		
N4:118	4	変える	かえる	to change	1510650	words/変える.md	4	1510650	1,2		Source spelling retained.		
N4:119	4	科学	かがく	science	1192700	words/科学.md	4	1192700	1		Existing stable article spelling retained; verify every assigned reading and sense.		
N4:120	4	鏡	かがみ	mirror	1238550	words/鏡.md	4	1238550	1		Source spelling retained.		
N4:121	4	飾る	かざる	to decorate	1357210	words/飾る.md	4	1357210	1,2		Source spelling retained.		
N4:122	4	火事	かじ	fire	1193950	words/火事.md	4	1193950	1		Source spelling retained.		
N4:123	4		ガス	petrol	1040060	words/ガス.md	4	1040060	1,2,6		Source spelling retained.		
N4:124	4		ガソリン	petrol	1040250	words/ガソリン.md	4	1040250	1		Source spelling retained.		
N4:125	4		ガソリンスタンド	petrol station	1040260	words/ガソリンスタンド.md	4	1040260	1		Source spelling retained.		
N4:126	4	堅い	かたい	hard	1257110	words/堅い.md	4	1257110	1,4		Source spelling retained.		
N4:127	4	硬い	かたい	hard	1257110	words/硬い.md	4	1257110	1,2		Source spelling retained.		
N4:128	4	固い	かたい	hard	1257110	words/固い.md	4	1257110	1,2,3,4		Source spelling retained.		
N4:129	4	形	かたち	shape	1250220	words/形.md	4	1250220	1		Source spelling retained.		
N4:130	4	片付ける	かたづける	to tidy up	1511790	words/片付ける.md	4	1511790	1		Source spelling retained.		
N4:131	4	課長	かちょう	section manager	1195840	words/課長.md	4	1195840	1		Source spelling retained.		
N4:132	4	勝つ	かつ	to win	1346150	words/勝つ.md	4	1346150	1		Existing stable article spelling retained; verify every assigned reading and sense.		
N4:133	4	格好	かっこう	appearance	1590480	words/格好.md	4	1590480	1,2		Source spelling retained.		
N4:134	4	家内	かない	housewife	1192420	words/家内.md	4	1192420	1		Source spelling retained.		家内 denotes one's wife here; it does not by itself assert that she is a homemaker. Retain the identity and reading.
N4:135	4	悲しい	かなしい	sad	1483190	words/悲しい.md	4	1483190	1		Existing stable article spelling retained; verify every assigned reading and sense.		
N4:136	4	必ず	かならず	certainly,necessarily	1487400	words/必ず.md	4	1487400	1		Source spelling retained.		
N4:137	4	お金持ち	おかねもち	rich man	2429350	words/お金持ち.md	4	2429350	1		Source spelling retained.		Neither お金持ち nor 金持ち is intrinsically male. Preserve the two source rows, without the English gender restriction.
N4:138	4	金持ち	かねもち	rich man	1242970	words/金持ち.md	4	1242970	1		Source spelling retained.		Neither お金持ち nor 金持ち is intrinsically male. Preserve the two source rows, without the English gender restriction.
N4:139	4	彼女	かのじょ	she,girlfriend	1483150	words/彼女.md	4	1483150	1,2		Source spelling retained.		
N4:140	4	壁	かべ	wall	1509290	words/壁.md	4	1509290	1		Source spelling retained.		
N4:141	4		かまう	to mind	1279680	words/かまう.md	4	1279680	1,2,3		Source spelling retained.		
N4:142	4	髪	かみ	hair	1477950	words/髪.md	4	1477950	1		Existing stable article spelling retained; verify every assigned reading and sense.		
N4:143	4	噛む	かむ	to bite,to chew	1209240	words/噛む.md	4	1209240	1,2		Source spelling retained.		
N4:144	4	通う	かよう	to commute	1432850	words/通う.md	4	1432850	1,2		Existing stable article spelling retained; verify every assigned reading and sense.		
N4:145	4		ガラス	a glass pane	1040380	words/ガラス.md	4	1040380	1		Source spelling retained.		
N4:146	4	彼	かれ	he,boyfriend	1483070	words/彼.md	4	1483070	1,2		Existing stable article spelling retained; verify every assigned reading and sense.		
N4:147	4	彼ら	かれら	they	1483090	words/彼ら.md	4	1483090	1		Source spelling retained.		
N4:148	4	乾く	かわく	to get dry	1209650	words/乾く.md	4	1209650	1		Source spelling retained.		
N4:149	4	代わり	かわり	substitute,alternate	1590770	words/代わり.md	4	1590770	1,2,3		Source spelling retained.		
N4:150	4	変わる	かわる	to change	1510790	words/変わる.md	4	1510790	1,3		Source spelling retained.		
N4:151	4	考える	かんがえる	to consider	1281020	words/考える.md	4	1281020	1,2		Existing stable article spelling retained; verify every assigned reading and sense.		
N4:152	4	関係	かんけい	relationship	1215810	words/関係.md	4	1215810	1		Existing stable article spelling retained; verify every assigned reading and sense.		
N4:153	4	看護婦	かんごふ	female nurse	1213870	words/看護婦.md	4	1213870	1		Source spelling retained.		看護婦 is genuine source membership and correctly mapped, but its dated/deprecated status must not disappear in learner wording. Do not remove it or silently replace it with another curriculum entry.
N4:154	4	簡単	かんたん	simple	1214330	words/簡単.md	4	1214330	1,2		Source spelling retained.		
N4:155	4	気	き	spirit,mood	1221520	words/気.md	4	1221520	1,4		Source spelling retained.		
N4:156	4	機会	きかい	opportunity	1220800	words/機会.md	4	1220800	1		Existing stable article spelling retained; verify every assigned reading and sense.		
N4:157	4	危険	きけん	danger	1218560	words/危険.md	4	1218560	1		Existing stable article spelling retained; verify every assigned reading and sense.		
N4:158	4	聞こえる	きこえる	to be heard	1591150	words/聞こえる.md	4	1591150	1		Source spelling retained.		
N4:159	4	汽車	きしゃ	steam train	1222700	words/汽車.md	4	1222700	1,2,3		Source spelling retained.		
N4:160	4	技術	ぎじゅつ	art,technology,skill	1225130	words/技術.md	4	1225130	1,2,3		Source spelling retained.		
N4:161	4	季節	きせつ	season	1222840	words/季節.md	4	1222840	1		Source spelling retained.		
N4:162	4	規則	きそく	regulations	1223021	words/規則.md	4	1223021	1		Source spelling retained.		
N4:163	4		きっと	surely	1003430	words/きっと.md	4	1003430	1		Source spelling retained.		
N4:164	4	絹	きぬ	silk	1258710	words/絹.md	4	1258710	1		Source spelling retained.		
N4:165	4	厳しい	きびしい	strict	1262530	words/厳しい.md	4	1262530	1,2,3		Source spelling retained.		
N4:166	4	気分	きぶん	mood	1222590	words/気分.md	4	1222590	1		Source spelling retained.		
N4:167	4	決る	きまる	to be decided	1591420	words/決まる.md	4	1591420	1,2		Replace a flagged rare/irregular spelling with a supported ordinary spelling.		
N4:168	4	君	きみ	(informal) You (used by men towards women)	1247250	words/君.md	4	1247250	1		Existing stable article spelling retained; verify every assigned reading and sense.		君/きみ is not restricted to men addressing women. Preserve familiarity/status and possible male-language associations without the false addressee-gender rule.
N4:169	4	決める	きめる	to decide	1254180	words/決める.md	4	1254180	1		Existing stable article spelling retained; verify every assigned reading and sense.		
N4:170	4	気持ち	きもち	feeling,mood	1591430	words/気持ち.md	4	1591430	1		Source spelling retained.		
N4:171	4	着物	きもの	kimono	1423240	words/着物.md	4	1423240	1,2		Source spelling retained.		
N4:172	4	客	きゃく	guest,customer	1226630	words/客.md	4	1226630	1,2		Existing stable article spelling retained; verify every assigned reading and sense.		
N4:173	4	急	きゅう	urgent, steep	1228560	words/急.md	4	1228560	1,2,3,4		Source spelling retained.		
N4:174	4	急行	きゅうこう	speedy, express	1228690	words/急行.md	4	1228690	1,2		Source spelling retained.		
N4:175	4	教育	きょういく	education	1236950	words/教育.md	4	1236950	1		Source spelling retained.		
N4:176	4	教会	きょうかい	church	1237030	words/教会.md	4	1237030	1		Source spelling retained.		
N4:177	4	競争	きょうそう	competition	1234140	words/競争.md	4	1234140	1		Source spelling retained.		
N4:178	4	興味	きょうみ	an interest	1238410	words/興味.md	4	1238410	1		Source spelling retained.		
N4:179	4	近所	きんじょ	neighbourhood	1242350	words/近所.md	4	1242350	1		Source spelling retained.		
N4:180	4	具合	ぐあい	condition,health	1592500	words/具合.md	4	1592500	1,2		Source spelling retained.		
N4:181	4	空気	くうき	air,atmosphere	1245470	words/空気.md	4	1245470	1,2		Source spelling retained.		
N4:182	4	空港	くうこう	airport	1245570	words/空港.md	4	1245570	1		Source spelling retained.		
N4:183	4	草	くさ	grass	1401910	words/草.md	4	1401910	1		Source spelling retained.		
N4:184	4		くださる	(respectful) to give	1184280	words/くださる.md	4	1184280	1		Source spelling retained.		
N4:185	4	首	くび	neck	1592270	words/首.md	4	1592270	1		Existing stable article spelling retained; verify every assigned reading and sense.		
N4:186	4	雲	くも	cloud	1173100	words/雲.md	4	1173100	1		Source spelling retained.		
N4:187	4	比べる	くらべる	to compare	1483540	words/比べる.md	4	1483540	1		Source spelling retained.		
N4:188	4	呉れる	くれる	to give	1269130	words/くれる.md	4	1269130	1		Use the usual kana spelling, retaining source spelling in the coverage record.		
N4:189	4	暮れる	くれる	to get dark,to come to an end	1514960	words/暮れる.md	4	1514960	1,2		Source spelling retained.		
N4:190	4	君	くん	suffix for familiar young male	1247260	words/くん.md	4	1247260	1,2		Name suffix distinguished from existing 君/きみ pronoun.		くん is not confined to young males, and ちゃん is not a female-only suffix. These are usage qualifications, not identity changes.
N4:191	4	毛	け	hair or fur	1533820	words/毛.md	4	1533820	1,2		Source spelling retained.		
N4:192	4	計画	けいかく	to plan	1252090	words/計画.md	4	1252090	1		Source spelling retained.		
N4:193	4	経験	けいけん	to experience	1251270	words/経験.md	4	1251270	1		Source spelling retained.		
N4:194	4	経済	けいざい	finance,economy	1251320	words/経済.md	4	1251320	1,2		Existing stable article spelling retained; verify every assigned reading and sense.		
N4:195	4	警察	けいさつ	police	1252390	words/警察.md	4	1252390	1		Source spelling retained.		
N4:196	4		ケーキ	cake	1047860	words/ケーキ.md	4	1047860	1		Source spelling retained.		
N4:197	4	怪我	けが	to injure	1200220	words/怪我.md	4	1200220	1		Source spelling retained.		
N4:198	4	景色	けしき	scene,landscape	1250870	words/景色.md	4	1250870	1		Existing stable article spelling retained; verify every assigned reading and sense.		
N4:199	4	消しゴム	けしゴム	eraser	1350080	words/消しゴム.md	4	1350080	1		Source spelling retained.		
N4:200	4	下宿	げしゅく	lodging	1185290	words/下宿.md	4	1185290	1,2		Source spelling retained.		
N4:201	4	決して	けっして	never	1254130	words/決して.md	4	1254130	1		Source spelling retained.		The source meaning is valid in the negative construction. Do not teach 決して as a standalone negative predicate or omit its constructional qualification.
N4:202	4		けれど	however	2853889	words/けれど.md	4	2853889	1		Source spelling retained.		
N4:203	4		けれども	however	2853889	words/けれども.md	4	2853889	1		Source spelling retained.		
N4:204	4	原因	げんいん	cause,source	1261190	words/原因.md	4	1261190	1		Existing stable article spelling retained; verify every assigned reading and sense.		
N4:205	4	喧嘩	けんか	to quarrel	1257040	words/喧嘩.md	4	1257040	1		Source spelling retained.		
N4:206	4	研究	けんきゅう	research	1258520	words/研究.md	4	1258520	1		Existing stable article spelling retained; verify every assigned reading and sense.		
N4:207	4	研究室	けんきゅうしつ	study room,laboratory	1258570	words/研究室.md	4	1258570	1,2,3		Source spelling retained.		Retain 研究室. Laboratory/research-room wording is supported; a generic room for private study is not what the listed institutional senses establish.
N4:208	4	見物	けんぶつ	sightseeing	1260000	words/見物.md	4	1260000	1		Existing stable article spelling retained; verify every assigned reading and sense.		
N4:209	4	子	こ	child	1307770	words/子.md	4	1307770	1,2		Source spelling retained.		
N4:210	4	斯う	こう	this way	1004310	words/こう.md	4	1004310	1		Use the usual kana spelling, retaining source spelling in the coverage record.		
N4:211	4	郊外	こうがい	outskirts	1282490	words/郊外.md	4	1282490	1		Source spelling retained.		
N4:212	4	講義	こうぎ	lecture	1282260	words/講義.md	4	1282260	1		Source spelling retained.		
N4:213	4	工業	こうぎょう	the manufacturing industry	1278040	words/工業.md	4	1278040	1		Source spelling retained.		
N4:214	4	高校	こうこう	high school	1283500	words/高校.md	4	1283500	1		Source spelling retained.		
N4:215	4	高校生	こうこうせい	high school student	1283510	words/高校生.md	4	1283510	1		Source spelling retained.		
N4:216	4	工場	こうじょう	factory	1578700	words/工場.md	4	1578700	1		Existing stable article spelling retained; verify every assigned reading and sense.		
N4:217	4	校長	こうちょう	headmaster	1279590	words/校長.md	4	1279590	1		Source spelling retained.		
N4:218	4	交通	こうつう	traffic,transportation	1272280	words/交通.md	4	1272280	1		Existing stable article spelling retained; verify every assigned reading and sense.		
N4:219	4	講堂	こうどう	auditorium	1282340	words/講堂.md	4	1282340	1		Source spelling retained.		
N4:220	4	高等学校	こうとうがっこう	high school	1283860	words/高等学校.md	4	1283860	1		Source spelling retained.		
N4:221	4	公務員	こうむいん	government worker	1274820	words/公務員.md	4	1274820	1		Source spelling retained.		
N4:222	4	国際	こくさい	international	1286400	words/国際.md	4	1286400	1		Source spelling retained.		
N4:223	4	心	こころ	core,heart	1360480	words/心.md	4	1360480	1		Source spelling retained.		For こころ, heart is the mental/emotional concept. Do not transfer a literal material core or anatomical-organ sense from the bare English words.
N4:224	4	御主人	ごしゅじん	(honorable) your husband	1270390	words/御主人.md	4	1270390	1		Source spelling retained.		
N4:225	4	故障	こしょう	to break-down	1267180	words/故障.md	4	1267180	1		Source spelling retained.		
N4:226	4	ご存じ	ごぞんじ	knowing,acquaintance	1593570	words/ご存じ.md	4	1593570	1,2		Source spelling retained.		
N4:227	4	答	こたえ	response	1449530	words/答.md	4	1449530	1,2		Source spelling retained.		
N4:228	4		ごちそう	a feast	1593590	words/ごちそう.md	4	1593590	1,2		Source spelling retained.		
N4:229	4		こと	thing,matter	2524270	words/こと.md	4	1313580	1,5,6		Source spelling retained.	Thing or matter, not the homographic sentence-final particle.	
N4:230	4	小鳥	ことり	small bird	1348530	words/小鳥.md	4	1348530	1		Source spelling retained.		
N4:231	4		このあいだ	the other day,recently	1004690	words/このあいだ.md	4	1004690	1		Source spelling retained.		
N4:232	4		このごろ	these days,nowadays	1004710	words/このごろ.md	4	1004710	1		Source spelling retained.		
N4:233	4	細かい	こまかい	small, fine	1295530	words/細かい.md	4	1295530	1,2		Source spelling retained.		
N4:234	4	塵	ごみ	rubbish	1369900	words/塵.md	4	1369900	1		Source spelling retained.		
N4:235	4	込む	こむ	to be crowded	1593410	words/込む.md	4	1593410	1		Source spelling retained.		The supplied form is supported, but crowded is usually written 混む. Treat as a spelling preference, not a wrong ID.
N4:236	4	米	こめ	uncooked rice	1508750	words/米.md	4	1508750	1		Existing stable article spelling retained; verify every assigned reading and sense.		
N4:237	4		ごらんになる	(respectful) to see	2217040	words/ごらんになる.md	4	2217040	1		Source spelling retained.		
N4:238	4		これから	after this	1004790	words/これから.md	4	1004790	1		Source spelling retained.		
N4:239	4	怖い	こわい	frightening	1593480	words/怖い.md	4	1593480	1		Existing stable article spelling retained; verify every assigned reading and sense.		
N4:240	4	壊す	こわす	to break	1199890	words/壊す.md	4	1199890	1		Source spelling retained.		
N4:241	4	壊れる	こわれる	to be broken	1199900	words/壊れる.md	4	1199900	1,2		Source spelling retained.		
N4:242	4		コンサート	concert	1051970	words/コンサート.md	4	1051970	1		Source spelling retained.		
N4:243	4	今度	こんど	now,next time	1289370	words/今度.md	4	1289370	1,2,3		Existing stable article spelling retained; verify every assigned reading and sense.		
N4:244	4		コンピュータ	computer	1053350	words/コンピュータ.md	4	1053350	1		Source spelling retained.		
N4:245	4		コンピューター	computer	1053350	words/コンピューター.md	4	1053350	1		Source spelling retained.		
N4:246	4	今夜	こんや	tonight	1289520	words/今夜.md	4	1289520	1		Source spelling retained.		
N4:247	4	最近	さいきん	latest,nowadays	1293780	words/最近.md	4	1293780	1		Existing stable article spelling retained; verify every assigned reading and sense.		
N4:248	4	最後	さいご	last,end	1293810	words/最後.md	4	1293810	1,2		Source spelling retained.		
N4:249	4	最初	さいしょ	beginning,first	1293990	words/最初.md	4	1293990	1		Source spelling retained.		
N4:250	4	坂	さか	slope,hill	1297110	words/坂.md	4	1297110	1		Source spelling retained.		
N4:251	4	探す	さがす	to look for	1593670	words/探す.md	4	1593670	1		Existing stable article spelling retained; verify every assigned reading and sense.		
N4:252	4	下る	さがる	to get down,to descend	1184160	words/下がる.md	4	1184160	1		Replace a flagged rare/irregular spelling with a supported ordinary spelling.		
N4:253	4	盛ん	さかん	popularity,prosperous	1379750	words/盛ん.md	4	1379750	1,2,3		Source spelling retained.		
N4:254	4	下げる	さげる	to hang,to lower,to move back	1184170	words/下げる.md	4	1184170	1,2,3,4		Source spelling retained.		
N4:255	4	差し上げる	さしあげる	(polite) to give	1291270	words/差し上げる.md	4	1291270	2		Source spelling retained.		The identities are correct, but undifferentiated 'polite' loses the humble direction of 差し上げる and the subject-respectful direction of 召し上がる.
N4:256	4	先	さっき	some time ago	1005180	words/さっき.md	4	1005180	1		Usual kana form; rare source spelling overlaps 先/さき.		
N4:257	4	寂しい	さびしい	lonely	1579720	words/寂しい.md	4	1579720	1,2		Source spelling retained.		
N4:258	4	さ来月	さらいげつ	the month after next	1293640	words/再来月.md	4	1293640	1		Replace a flagged rare/irregular spelling with a supported ordinary spelling.		
N4:259	4	さ来週	さらいしゅう	the week after next	1293650	words/再来週.md	4	1293650	1		Replace a flagged rare/irregular spelling with a supported ordinary spelling.		
N4:260	4		サラダ	salad	1057850	words/サラダ.md	4	1057850	1		Source spelling retained.		
N4:261	4	騒ぐ	さわぐ	to make noise,to be excited	1403040	words/騒ぐ.md	4	1403040	1,6		Source spelling retained.		
N4:262	4	触る	さわる	to touch	1357980	words/触る.md	4	1357980	1		Source spelling retained.		
N4:263	4	産業	さんぎょう	industry	1303770	words/産業.md	4	1303770	1		Source spelling retained.		
N4:264	4		サンダル	sandal	1058480	words/サンダル.md	4	1058480	1		Source spelling retained.		
N4:265	4		サンドイッチ	sandwich	1058580	words/サンドイッチ.md	4	1058580	1		Source spelling retained.		
N4:266	4	残念	ざんねん	disappointment	1304680	words/残念.md	4	1304680	1		Existing stable article spelling retained; verify every assigned reading and sense.		
N4:267	4	市	し	city	1308090	words/市.md	4	1308090	1		Source spelling retained.		
N4:268	4	字	じ	character	1315130	words/字.md	4	1315130	1,2		Source spelling retained.		
N4:269	4	試合	しあい	match,game	1312420	words/試合.md	4	1312420	1		Source spelling retained.		
N4:270	4	仕方	しかた	method	1594110	words/仕方.md	4	1594110	1		Source spelling retained.		
N4:271	4	然る	しかる	a particular	1394730	words/然る.md	4	1394730	2		Source spelling retained.		The user caution is correct at entry level: 'a particular' really is in this entry. However, October 8 sense 1 is explicitly restricted to さる. Retain the supplied しかる reading and the 然る identity using the unrestricted sense 2; do not substitute 叱る or silently change the reading to さる. This is a sense-selection correction, not a wrong-homograph ID.
N4:272	4	試験	しけん	examination	1312350	words/試験.md	4	1312350	1		Existing stable article spelling retained; verify every assigned reading and sense.		
N4:273	4	事故	じこ	accident	1313850	words/事故.md	4	1313850	1		Source spelling retained.		
N4:274	4	地震	じしん	earthquake	1421210	words/地震.md	4	1421210	1		Source spelling retained.		
N4:275	4	時代	じだい	era	1316300	words/時代.md	4	1316300	1,2		Existing stable article spelling retained; verify every assigned reading and sense.		
N4:276	4	下着	したぎ	underwear	1185930	words/下着.md	4	1185930	1		Source spelling retained.		
N4:277	4	支度	したく	to prepare	1310260	words/支度.md	4	1310260	1		Source spelling retained.		
N4:278	4		しっかり	firmly,steadily	1594400	words/しっかり.md	4	1594400	1,2,3,4		Source spelling retained.		
N4:279	4	失敗	しっぱい	failure,mistake	1320140	words/失敗.md	4	1320140	1		Existing stable article spelling retained; verify every assigned reading and sense.		
N4:280	4	辞典	じてん	dictionary	1595270	words/辞典.md	4	1595270	1		Source spelling retained.		
N4:281	4	品物	しなもの	goods	1490670	words/品物.md	4	1490670	1		Existing stable article spelling retained; verify every assigned reading and sense.		
N4:282	4		しばらく	little while	1304420	words/しばらく.md	4	1304420	1,2,3,4		Source spelling retained.		
N4:283	4	島	しま	island	1446760	words/島.md	4	1446760	1		Source spelling retained.		
N4:284	4	市民	しみん	citizen	1308690	words/市民.md	4	1308690	1,2		Existing stable article spelling retained; verify every assigned reading and sense.		
N4:285	4	事務所	じむしょ	office	1314400	words/事務所.md	4	1314400	1		Source spelling retained.		
N4:286	4	社会	しゃかい	society,public	1322700	words/社会.md	4	1322700	1		Existing stable article spelling retained; verify every assigned reading and sense.		
N4:287	4	社長	しゃちょう	company president	1322920	words/社長.md	4	1322920	1		Source spelling retained.		
N4:288	4		じゃま	hindrance,intrusion	1323500	words/じゃま.md	4	1323500	1,2		Source spelling retained.		
N4:289	4		ジャム	jam	1065680	words/ジャム.md	4	1065680	1		Source spelling retained.		
N4:290	4	自由	じゆう	freedom	1318720	words/自由.md	4	1318720	1		Existing stable article spelling retained; verify every assigned reading and sense.		
N4:291	4	習慣	しゅうかん	custom,manners	1333090	words/習慣.md	4	1333090	1,2		Source spelling retained.		習慣 supports habits and customs. Bare 'manners' can misleadingly imply etiquette or politeness rather than habitual practice.
N4:292	4	住所	じゅうしょ	an address,a residence	1334080	words/住所.md	4	1334080	1		Source spelling retained.		
N4:293	4	柔道	じゅうどう	judo	1335440	words/柔道.md	4	1335440	1		Source spelling retained.		
N4:294	4	十分	じゅうぶん	enough	1335080	words/十分.md	4	1335080	1,2		Source spelling retained.		
N4:295	4	出席	しゅっせき	to attend	1339460	words/出席.md	4	1339460	1		Source spelling retained.		
N4:296	4	出発	しゅっぱつ	to depart	1340000	words/出発.md	4	1340000	1		Existing stable article spelling retained; verify every assigned reading and sense.		
N4:297	4	趣味	しゅみ	hobby	1329000	words/趣味.md	4	1329000	1		Source spelling retained.		
N4:298	4	準備	じゅんび	to prepare	1341670	words/準備.md	4	1341670	1		Source spelling retained.		
N4:299	4	紹介	しょうかい	introduction	1351430	words/紹介.md	4	1351430	1		Source spelling retained.		
N4:300	4	小学校	しょうがっこう	elementary school	1347870	words/小学校.md	4	1347870	1		Source spelling retained.		
N4:301	4	小説	しょうせつ	novel	1348430	words/小説.md	4	1348430	1		Source spelling retained.		
N4:302	4	招待	しょうたい	to invite	1349610	words/招待.md	4	1349610	1		Source spelling retained.		
N4:303	4	承知	しょうち	to consent	1349480	words/承知.md	4	1349480	1,2		Source spelling retained.		
N4:304	4	将来	しょうらい	future,prospects	1347710	words/将来.md	4	1347710	1		Source spelling retained.		
N4:305	4	食事	しょくじ	to have a meal	1358490	words/食事.md	4	1358490	1		Existing stable article spelling retained; verify every assigned reading and sense.		
N4:306	4	食料品	しょくりょうひん	groceries	1358680	words/食料品.md	4	1358680	1		Source spelling retained.		
N4:307	4	女性	じょせい	woman	1345250	words/女性.md	4	1345250	1		Source spelling retained.		
N4:308	4	知らせる	しらせる	to notify	1420410	words/知らせる.md	4	1420410	1		Source spelling retained.		
N4:309	4	調べる	しらべる	to investigate	1429060	words/調べる.md	4	1429060	1		Existing stable article spelling retained; verify every assigned reading and sense.		
N4:310	4	人口	じんこう	population	1367300	words/人口.md	4	1367300	1		Existing stable article spelling retained; verify every assigned reading and sense.		
N4:311	4	神社	じんじゃ	Shinto shrine	1364670	words/神社.md	4	1364670	1		Existing stable article spelling retained; verify every assigned reading and sense.		
N4:312	4	親切	しんせつ	kindness	1365250	words/親切.md	4	1365250	1		Source spelling retained.		
N4:313	4	心配	しんぱい	to worry	1360930	words/心配.md	4	1360930	1		Existing stable article spelling retained; verify every assigned reading and sense.		
N4:314	4	新聞社	しんぶんしゃ	newspaper company	1362400	words/新聞社.md	4	1362400	1		Source spelling retained.		
N4:315	4	水泳	すいえい	swimming	1371320	words/水泳.md	4	1371320	1		Source spelling retained.		
N4:316	4	水道	すいどう	water supply	1371920	words/水道.md	4	1371920	1		Existing stable article spelling retained; verify every assigned reading and sense.		
N4:317	4		ずいぶん	extremely	1372800	words/ずいぶん.md	4	1372800	1		Source spelling retained.		
N4:318	4	数学	すうがく	mathematics,arithmetic	1372980	words/数学.md	4	1372980	1		Source spelling retained.		
N4:319	4		スーツ	suit	1066680	words/スーツ.md	4	1066680	1		Source spelling retained.		
N4:320	4		スーツケース	suitcase	1066690	words/スーツケース.md	4	1066690	1		Source spelling retained.		
N4:321	4	過ぎる	すぎる	to exceed	1195970	words/過ぎる.md	4	1195970	4		Existing stable article spelling retained; verify every assigned reading and sense.		
N4:322	4	空く	すく	to become empty	1586265	words/空く.md	4	1586265	1,2		Source spelling retained.		
N4:323	4		スクリーン	screen	1068550	words/スクリーン.md	4	1068550	1,4		Source spelling retained.		
N4:324	4	凄い	すごい	terrific	1374550	words/凄い.md	4	1374550	1,2,3,4		Source spelling retained.		
N4:325	4	進む	すすむ	to make progress	1365980	words/進む.md	4	1365980	3		Existing stable article spelling retained; verify every assigned reading and sense.		
N4:326	4		すっかり	completely	1006110	words/すっかり.md	4	1006110	1		Source spelling retained.		
N4:327	4		すっと	straight,all of a sudden	1006140	words/すっと.md	4	1006140	1,2,3		Source spelling retained.		
N4:328	4		ステーキ	steak	1070280	words/ステーキ.md	4	1070280	1		Source spelling retained.		
N4:329	4	捨てる	すてる	to throw away	1322320	words/捨てる.md	4	1322320	1		Source spelling retained.		
N4:330	4		ステレオ	stereo	1070650	words/ステレオ.md	4	1070650	1,2,3		Source spelling retained.		
N4:331	4	砂	すな	sand	1291500	words/砂.md	4	1291500	1		Source spelling retained.		
N4:332	4		すばらしい	wonderful	1397300	words/すばらしい.md	4	1397300	1		Source spelling retained.		
N4:333	4	滑る	すべる	to slide,to slip	1208640	words/滑る.md	4	1208640	1,2		Source spelling retained.		
N4:334	4	隅	すみ	corner,nook	1246440	words/隅.md	4	1246440	1		Source spelling retained.		
N4:335	4	済む	すむ	to finish	1295070	words/済む.md	4	1295070	1		Source spelling retained.		
N4:336	4	掏摸	すり	pickpocket	1567450	words/すり.md	4	1567450	1		Use the usual kana spelling, retaining source spelling in the coverage record.		
N4:337	4		すると	then	1006280	words/すると.md	4	1006280	1,2		Source spelling retained.		
N4:338	4	生活	せいかつ	to live	1378860	words/生活.md	4	1378860	1		Existing stable article spelling retained; verify every assigned reading and sense.		
N4:339	4	生産	せいさん	to produce	1378990	words/生産.md	4	1378990	1		Existing stable article spelling retained; verify every assigned reading and sense.		
N4:340	4	政治	せいじ	politics,government	1375970	words/政治.md	4	1375970	1		Existing stable article spelling retained; verify every assigned reading and sense.		
N4:341	4	西洋	せいよう	western countries	1381100	words/西洋.md	4	1381100	1		Source spelling retained.		
N4:342	4	世界	せかい	the world	1373860	words/世界.md	4	1373860	1,2		Existing stable article spelling retained; verify every assigned reading and sense.		
N4:343	4	席	せき	seat	1382250	words/席.md	4	1382250	1		Source spelling retained.		
N4:344	4	説明	せつめい	explanation	1386460	words/説明.md	4	1386460	1		Existing stable article spelling retained; verify every assigned reading and sense.		
N4:345	4	背中	せなか	back of the body	1472800	words/背中.md	4	1472800	1		Existing stable article spelling retained; verify every assigned reading and sense.		
N4:346	4		ぜひ	without fail	1374530	words/ぜひ.md	4	1374530	1		Source spelling retained.		
N4:347	4	世話	せわ	to look after	1374300	words/世話.md	4	1374300	1		Source spelling retained.		
N4:348	4	線	せん	line	1391780	words/線.md	4	1391780	1,2,4		Source spelling retained.		
N4:349	4	全然	ぜんぜん	not entirely (used in a negative sentence)	1395620	words/全然.md	4	1395620	1		Source spelling retained.		'Not entirely' is partial negation, unlike the source's intended 全然 + negative sense 'not at all'. Correct that scope; do not overcorrect into the claim that positive-context 全然 is impossible.
N4:350	4	戦争	せんそう	war	1390360	words/戦争.md	4	1390360	1		Existing stable article spelling retained; verify every assigned reading and sense.		
N4:351	4	先輩	せんぱい	senior	1388410	words/先輩.md	4	1388410	1		Source spelling retained.		
N4:352	4		そう	really	1006610	words/そう.md	4	2137720	1,2,3		Source spelling retained.	Use the independent adverb/interjection entry, interpreting the terse source 'really' as the response 'really?/is that so?', not the appearance auxiliary. The source English is underspecified; do not teach this as a general-purpose intensifier meaning 'very' or 'truly'.	
N4:353	4	相談	そうだん	to discuss	1401210	words/相談.md	4	1401210	1		Existing stable article spelling retained; verify every assigned reading and sense.		
N4:354	4	育てる	そだてる	to rear,to bring up	1160570	words/育てる.md	4	1160570	1,3		Source spelling retained.		
N4:355	4	卒業	そつぎょう	graduation	1405890	words/卒業.md	4	1405890	1,2,3		Source spelling retained.		
N4:356	4	祖父	そふ	grandfather	1396840	words/祖父.md	4	1396840	1		Existing stable article spelling retained; verify every assigned reading and sense.		
N4:357	4		ソフト	soft	1075500	words/ソフト.md	4	1075500	1,2,4		Source spelling retained.		
N4:358	4	祖母	そぼ	grandmother	1396860	words/祖母.md	4	1396860	1		Source spelling retained.		
N4:359	4		それで	because of that	1007000	words/それで.md	4	1007000	1		Source spelling retained.		
N4:360	4		それに	moreover	1007040	words/それに.md	4	1007040	1		Source spelling retained.		
N4:361	4		それほど	to that extent	1007060	words/それほど.md	4	1007060	1		Source spelling retained.		
N4:362	4		そろそろ	gradually,soon	1345605	words/そろそろ.md	4	1345605	1,2		Source spelling retained.		
N4:363	4		そんな	that sort of	1007130	words/そんな.md	4	1007130	1,2		Source spelling retained.		
N4:364	4		そんなに	so much,like that	2008740	words/そんなに.md	4	2008740	1		Source spelling retained.		
N4:365	4	退院	たいいん	to leave hospital	1411300	words/退院.md	4	1411300	1		Existing stable article spelling retained; verify every assigned reading and sense.		
N4:366	4	大学生	だいがくせい	university student	1413260	words/大学生.md	4	1413260	1		Source spelling retained.		
N4:367	4	大事	だいじ	important,valuable,serious matter	1413940	words/大事.md	4	1413940	1,2,3		Source spelling retained.		
N4:368	4	大体	だいたい	generally	1414470	words/大体.md	4	1414470	1,2,4		Source spelling retained.		
N4:369	4	大抵	たいてい	usually	1414580	words/たいてい.md	4	1414580	1,3		Use the usual kana spelling, retaining source spelling in the coverage record.		
N4:370	4		タイプ	type,style	1075940	words/タイプ.md	4	1075940	1,2		Source spelling retained.		
N4:371	4	大分	だいぶ	greatly	1414920	words/だいぶ.md	4	1414920	1		Use the usual kana spelling, retaining source spelling in the coverage record.		
N4:372	4	台風	たいふう	typhoon	1596780	words/台風.md	4	1596780	1		Existing stable article spelling retained; verify every assigned reading and sense.		
N4:373	4	倒れる	たおれる	to break down	1445790	words/倒れる.md	4	1445790	1,3		Existing stable article spelling retained; verify every assigned reading and sense.		
N4:374	4		だから	so,therefore	1007310	words/だから.md	4	1007310	1		Source spelling retained.		
N4:375	4	確か	たしか	definite	1596930	words/確か.md	4	1596930	1		Existing stable article spelling retained; verify every assigned reading and sense.		
N4:376	4	足す	たす	to add a number	1404700	words/足す.md	4	1404700	1		Source spelling retained.		
N4:377	4	訪ねる	たずねる	to visit	1518070	words/訪ねる.md	4	1518070	1		Existing stable article spelling retained; verify every assigned reading and sense.		
N4:378	4	尋ねる	たずねる	to ask	1369940	words/尋ねる.md	4	1369940	1		Source spelling retained.		
N4:379	4	正しい	ただしい	correct	1376600	words/正しい.md	4	1376600	1		Existing stable article spelling retained; verify every assigned reading and sense.		
N4:380	4	畳	たたみ	Japanese straw mat	1356750	words/畳.md	4	1356750	1		Source spelling retained.		
N4:381	4	立てる	たてる	to stand something up	1551530	words/立てる.md	4	1551530	1,5		Source spelling retained.		
N4:382	4	建てる	たてる	to build	1257330	words/建てる.md	4	1257330	1		Existing stable article spelling retained; verify every assigned reading and sense.		
N4:383	4	例えば	たとえば	for example	1556370	words/例えば.md	4	1556370	1		Source spelling retained.		
N4:384	4	棚	たな	shelves	1416700	words/棚.md	4	1416700	1		Source spelling retained.		
N4:385	4	楽しみ	たのしみ	joy	1207250	words/楽しみ.md	4	1207250	1		Source spelling retained.		
N4:386	4	楽む	たのしむ	to enjoy oneself	1207270	words/楽しむ.md	4	1207270	1		Replace a flagged rare/irregular spelling with a supported ordinary spelling.		
N4:387	4		たまに	occasionally	1634500	words/たまに.md	4	1634500	1		Source spelling retained.		
N4:388	4	為	ため	in order to	1157080	words/ため.md	4	1157080	1,2,3		Use the usual kana spelling, retaining source spelling in the coverage record.		
N4:389	4		だめ	no good	1409110	words/だめ.md	4	1409110	1,3,5		Source spelling retained.		
N4:390	4	足りる	たりる	to be enough	1404740	words/足りる.md	4	1404740	1		Source spelling retained.		
N4:391	4	男性	だんせい	male	1420160	words/男性.md	4	1420160	1,2		Source spelling retained.		
N4:392	4	暖房	だんぼう	heating	1419860	words/暖房.md	4	1419860	1		Source spelling retained.		
N4:393	4	血	ち	blood	1255060	words/血.md	4	1255060	1		Source spelling retained.		
N4:394	4		チェック	to check	1077550	words/チェック.md	4	1077550	1,2,3		Source spelling retained.		
N4:395	4	力	ちから	strength,power	1554820	words/力.md	4	1554820	1,2,5		Existing stable article spelling retained; verify every assigned reading and sense.		
N4:396	4		ちっとも	not at all (used with a negative verb)	1007560	words/ちっとも.md	4	1007560	1		Source spelling retained.		
N4:397	4		ちゃん	suffix for familiar female person	1007660	words/ちゃん.md	4	1007660	1		Source spelling retained.		くん is not confined to young males, and ちゃん is not a female-only suffix. These are usage qualifications, not identity changes.
N4:398	4	注意	ちゅうい	caution	1426530	words/注意.md	4	1426530	1,2,3,4		Existing stable article spelling retained; verify every assigned reading and sense.		
N4:399	4	中学校	ちゅうがっこう	junior high school,middle school	1423650	words/中学校.md	4	1423650	1		Source spelling retained.		
N4:400	4	注射	ちゅうしゃ	injection	1426590	words/注射.md	4	1426590	1		Source spelling retained.		
N4:401	4	駐車場	ちゅうしゃじょう	parking lot	1426920	words/駐車場.md	4	1426920	1		Source spelling retained.		
N4:402	4	地理	ちり	geography	1421540	words/地理.md	4	1421540	1		Source spelling retained.		
N4:403	4	捕まえる	つかまえる	to seize	1597780	words/捕まえる.md	4	1597780	1		Existing stable article spelling retained; verify every assigned reading and sense.		
N4:404	4	月	つき	moon	1255430	words/月.md	4	1255430	1,2		Source spelling retained.		
N4:405	4	付く	つく	to be attached	1495740	words/付く.md	4	1495740	1		Source spelling retained.		
N4:406	4	漬ける	つける	to soak,to pickle	1433680	words/漬ける.md	4	1433680	1,2		Source spelling retained.		
N4:407	4	都合	つごう	circumstances,convenience	1444980	words/都合.md	4	1444980	1		Source spelling retained.		
N4:408	4	伝える	つたえる	to report	1441870	words/伝える.md	4	1441870	1		Existing stable article spelling retained; verify every assigned reading and sense.		
N4:409	4	続く	つづく	to be continued	1405790	words/続く.md	4	1405790	1,2		Source spelling retained.		
N4:410	4	続ける	つづける	to continue	1405800	words/続ける.md	4	1405800	1		Existing stable article spelling retained; verify every assigned reading and sense.		
N4:411	4	包む	つつむ	to wrap	1584060	words/包む.md	4	1584060	1,2		Source spelling retained.		
N4:412	4	妻	つま	(humble) wife	1294330	words/妻.md	4	1294330	1		Existing stable article spelling retained; verify every assigned reading and sense.		
N4:413	4	積もり	つもり	intention	1382980	words/つもり.md	4	1382980	1		Use the usual kana spelling, retaining source spelling in the coverage record.		
N4:414	4	釣る	つる	to fish	1434120	words/釣る.md	4	1434120	1,2		Source spelling retained.		
N4:415	4	連れる	つれる	to lead	1559290	words/連れる.md	4	1559290	1		Source spelling retained.		
N4:416	4	丁寧	ていねい	polite	1427360	words/丁寧.md	4	1427360	1,2		Source spelling retained.		
N4:417	4		テキスト	text,text book	1079290	words/テキスト.md	4	1079290	1,2		Source spelling retained.		
N4:418	4	適当	てきとう	suitability	1437450	words/適当.md	4	1437450	1,2		Source spelling retained.		
N4:419	4		できるだけ	as much as possible	1340460	words/できるだけ.md	4	1340460	1		Source spelling retained.		
N4:420	4	手伝う	てつだう	to assist	1328190	words/手伝う.md	4	1328190	1		Source spelling retained.		
N4:421	4		テニス	tennis	1080000	words/テニス.md	4	1080000	1		Source spelling retained.		
N4:422	4	手袋	てぶくろ	glove	1328090	words/手袋.md	4	1328090	1		Source spelling retained.		
N4:423	4	寺	てら	temple	1315240	words/寺.md	4	1315240	1		Source spelling retained.		
N4:424	4	点	てん	point,dot	1441390	words/点.md	4	1441390	1,2,5,8		Existing stable article spelling retained; verify every assigned reading and sense.		
N4:425	4	店員	てんいん	shop assistant	1440670	words/店員.md	4	1440670	1		Existing stable article spelling retained; verify every assigned reading and sense.		
N4:426	4	天気予報	てんきよほう	weather forecast	1438770	words/天気予報.md	4	1438770	1		Source spelling retained.		
N4:427	4	電灯	でんとう	electric light	1443660	words/電灯.md	4	1443660	1		Source spelling retained.		
N4:428	4	電報	でんぽう	telegram	1443760	words/電報.md	4	1443760	1		Source spelling retained.		
N4:429	4	展覧会	てんらんかい	exhibition	1440660	words/展覧会.md	4	1440660	1		Source spelling retained.		
N4:430	4	都	と	metropolitan	1621470	words/都.md	4	1621470	1		Source spelling retained.		
N4:431	4	道具	どうぐ	tool,means	1454180	words/道具.md	4	1454180	1,2		Existing stable article spelling retained; verify every assigned reading and sense.		
N4:432	4	到頭	とうとう	finally, after all	1449890	words/とうとう.md	4	1449890	1		Use the usual kana spelling, retaining source spelling in the coverage record.		
N4:433	4	動物園	どうぶつえん	zoo	1451490	words/動物園.md	4	1451490	1		Source spelling retained.		
N4:434	4	遠く	とおく	distant	1177820	words/遠く.md	4	1177820	1		Source spelling retained.		
N4:435	4	通る	とおる	to go through	1433030	words/通る.md	4	1433030	1,8		Source spelling retained.		
N4:436	4	特に	とくに	particularly,especially	1454670	words/特に.md	4	1454670	1		Source spelling retained.		
N4:437	4	特別	とくべつ	special	1455280	words/特別.md	4	1455280	1		Existing stable article spelling retained; verify every assigned reading and sense.		
N4:438	4		とこや	barber	1349410	words/とこや.md	4	1349410	1		Source spelling retained.		
N4:439	4	途中	とちゅう	on the way	1582200	words/途中.md	4	1582200	1		Existing stable article spelling retained; verify every assigned reading and sense.		
N4:440	4	特急	とっきゅう	limited express train (faster than an express train)	1454750	words/特急.md	4	1454750	1,2		Source spelling retained.		Limited express is supported. Do not turn the source parenthesis into a universal speed guarantee; the dictionary distinguishes operator-dependent service/fare usages. No timetable comparison was performed.
N4:441	4	届ける	とどける	to reach	1457210	words/届ける.md	4	1457210	1,2		Source spelling retained.		届ける is transitive delivering/sending/reporting, not simply something reaching or arriving. Correct the gloss; do not replace the supplied word or reading with a related verb.
N4:442	4	泊まる	とまる	to lodge at	1474850	words/泊まる.md	4	1474850	1		Source spelling retained.		
N4:443	4	止める	とめる	to stop something	1310670	words/止める.md	4	1310670	1		Source spelling retained.		
N4:444	4	取り替える	とりかえる	to exchange	1326830	words/取り替える.md	4	1326830	1,2		Source spelling retained.		
N4:445	4	泥棒	どろぼう	thief	1599340	words/泥棒.md	4	1599340	1,2		Source spelling retained.		
N4:446	4		どんどん	more and more	1009320	words/どんどん.md	4	1009320	1,2,3		Source spelling retained.		
N4:447	4	直す	なおす	to fix,to repair	1599390	words/直す.md	4	1599390	1		Existing stable article spelling retained; verify every assigned reading and sense.		
N4:448	4	直る	なおる	to be fixed,to be repaired	2846390	words/直る.md	4	2846390	1,2,3		Source spelling retained.		
N4:449	4	治る	なおる	to be cured,to heal	1599400	words/治る.md	4	1599400	1		Source spelling retained.		
N4:450	4	中々	なかなか	considerably	1599420	words/なかなか.md	4	1599420	1		Use the usual kana spelling, retaining source spelling in the coverage record.		
N4:451	4	泣く	なく	to weep	1229840	words/泣く.md	4	1229840	1		Source spelling retained.		
N4:452	4	無くなる	なくなる	to disappear,to get lost	1529550	words/無くなる.md	4	1529550	1,2,3		Source spelling retained.		
N4:453	4	亡くなる	なくなる	to die	1518540	words/亡くなる.md	4	1518540	1		Source spelling retained.		
N4:454	4	投げる	なげる	to throw or cast away	1447000	words/投げる.md	4	1447000	1,2		Existing stable article spelling retained; verify every assigned reading and sense.		
N4:455	4		なさる	(respectful) to do	1157090	words/なさる.md	4	1157090	1		Source spelling retained.		
N4:456	4	鳴る	なる	to sound	1532910	words/鳴る.md	4	1532910	1		Source spelling retained.		
N4:457	4		なるべく	as much as possible	1375620	words/なるべく.md	4	1375620	1		Source spelling retained.		
N4:458	4		なるほど	now I understand	1375820	words/なるほど.md	4	1375820	1		Source spelling retained.		
N4:459	4	慣れる	なれる	to grow accustomed to	1212670	words/慣れる.md	4	1212670	1		Existing stable article spelling retained; verify every assigned reading and sense.		
N4:460	4		におい	a smell	1599760	words/におい.md	4	1599760	1		Source spelling retained.		
N4:461	4	苦い	にがい	bitter	1244310	words/苦い.md	4	1244310	1		Existing stable article spelling retained; verify every assigned reading and sense.		
N4:462	4	二階建て	にかいだて	two storied	1599800	words/二階建て.md	4	1599800	1		Source spelling retained.		
N4:463	4	逃げる	にげる	to escape	1450330	words/逃げる.md	4	1450330	1		Existing stable article spelling retained; verify every assigned reading and sense.		
N4:464	4	日記	にっき	journal	1463930	words/日記.md	4	1463930	1		Existing stable article spelling retained; verify every assigned reading and sense.		
N4:465	4	入院	にゅういん	to hospitalise	1465720	words/入院.md	4	1465720	1		Source spelling retained.		入院する is being admitted/entering hospital, not the transitive act of hospitalizing somebody else. Keep the verbal-noun identity and intransitive construction.
N4:466	4	入学	にゅうがく	to enter school or university	1465850	words/入学.md	4	1465850	1		Source spelling retained.		
N4:467	4	似る	にる	to be similar	1314600	words/似る.md	4	1314600	1		Existing stable article spelling retained; verify every assigned reading and sense.		
N4:468	4	人形	にんぎょう	doll, figure	1367120	words/人形.md	4	1367120	1,2		Source spelling retained.		
N4:469	4	盗む	ぬすむ	to steal	1448440	words/盗む.md	4	1448440	1		Existing stable article spelling retained; verify every assigned reading and sense.		
N4:470	4	塗る	ぬる	to paint,to plaster	1444270	words/塗る.md	4	1444270	1		Source spelling retained.		
N4:471	4		ぬれる	to get wet	1467620	words/ぬれる.md	4	1467620	1		Source spelling retained.		
N4:472	4		ねだん	price	1600160	words/値段.md	4	1600160	1		Reuse existing same-entry/same-reading article; teach the listed spelling where useful.		
N4:473	4	熱	ねつ	fever	1467710	words/熱.md	4	1467710	1,2		Source spelling retained.		
N4:474	4		ねっしん	enthusiasm	1467910	words/ねっしん.md	4	1467910	1		Source spelling retained.		
N4:475	4	寝坊	ねぼう	sleeping in late	1360320	words/寝坊.md	4	1360320	1		Source spelling retained.		
N4:476	4	眠い	ねむい	sleepy	1529330	words/眠い.md	4	1529330	1		Source spelling retained.		
N4:477	4	眠る	ねむる	to sleep	1529390	words/眠る.md	4	1529390	1		Existing stable article spelling retained; verify every assigned reading and sense.		
N4:478	4	残る	のこる	to remain	1304510	words/残る.md	4	1304510	1		Source spelling retained.		
N4:479	4	喉	のど	throat	1600280	words/喉.md	4	1600280	1,2		Source spelling retained.		
N4:480	4	乗り換える	のりかえる	to change between buses or trains	1600470	words/乗り換える.md	4	1600470	1		Source spelling retained.		
N4:481	4	乗り物	のりもの	vehicle	1600530	words/乗り物.md	4	1600530	1,2		Source spelling retained.		
N4:482	4	葉	は	leaf	1546550	words/葉.md	4	1546550	1		Source spelling retained.		
N4:483	4	場合	ばあい	situation	1355810	words/場合.md	4	1355810	1		Source spelling retained.		
N4:484	4		パート	part time	1100810	words/パート.md	4	1100810	2,3		Source spelling retained.		
N4:485	4	倍	ばい	double	1473230	words/倍.md	4	1473230	1,2		Source spelling retained.		
N4:486	4	拝見	はいけん	(humble) to look at	1472270	words/拝見.md	4	1472270	1		Source spelling retained.		
N4:487	4	歯医者	はいしゃ	dentist	1313080	words/歯医者.md	4	1313080	1		Source spelling retained.		
N4:488	4	運ぶ	はこぶ	to transport	1172660	words/運ぶ.md	4	1172660	1		Source spelling retained.		
N4:489	4	始める	はじめる	to begin	1307550	words/始める.md	4	1307550	1		Existing stable article spelling retained; verify every assigned reading and sense.		
N4:490	4	場所	ばしょ	location	1355850	words/場所.md	4	1355850	1		Existing stable article spelling retained; verify every assigned reading and sense.		
N4:491	4	筈	はず	it should be so	1476430	words/はず.md	4	1476430	1		Use the usual kana spelling, retaining source spelling in the coverage record.		
N4:492	4	恥ずかしい	はずかしい	embarrassed	1421630	words/恥ずかしい.md	4	1421630	1		Existing stable article spelling retained; verify every assigned reading and sense.		
N4:493	4		パソコン	personal computer	1101570	words/パソコン.md	4	1101570	1		Source spelling retained.		
N4:494	4	発音	はつおん	pronunciation	1477170	words/発音.md	4	1477170	1		Source spelling retained.		
N4:495	4		はっきり	clearly	1010150	words/はっきり.md	4	1010150	1,2		Source spelling retained.		
N4:496	4	花見	はなみ	cherry-blossom viewing	1194660	words/花見.md	4	1194660	1		Source spelling retained.		
N4:497	4	林	はやし	woods,forester	1555440	words/林.md	4	1555440	1		Source spelling retained.		林 is woodland, not a person employed in forestry. The source 'forester' should not survive into teaching wording.
N4:498	4	払う	はらう	to pay	1501620	words/払う.md	4	1501620	1,2		Source spelling retained.		
N4:499	4	番組	ばんぐみ	television or radio program	1482340	words/番組.md	4	1482340	1		Source spelling retained.		
N4:500	4	反対	はんたい	opposition	1480670	words/反対.md	4	1480670	1		Existing stable article spelling retained; verify every assigned reading and sense.		
N4:501	4		ハンドバッグ	handbag　	1096770	words/ハンドバッグ.md	4	1096770	1		Source spelling retained.		
N4:502	4	日	ひ	day, sun	1463770	words/日.md	4	1463770	1,2,3		Source spelling retained.		
N4:503	4	火	ひ	fire	1193610	words/火.md	4	1193610	1		Source spelling retained.		
N4:504	4		ピアノ	piano	1106400	words/ピアノ.md	4	1106400	1		Source spelling retained.		
N4:505	4	冷える	ひえる	to grow cold	1556630	words/冷える.md	4	1556630	1		Source spelling retained.		
N4:506	4	光	ひかり	light	1272780	words/光.md	4	1272780	1		Existing stable article spelling retained; verify every assigned reading and sense.		
N4:507	4	光る	ひかる	to shine,to glitter	1272820	words/光る.md	4	1272820	1		Source spelling retained.		
N4:508	4	引き出し	ひきだし	drawer,drawing out	1601650	words/引き出し.md	4	1601650	1,2		Source spelling retained.		Drawer is directly supported. If retaining the listed withdrawal sense, preserve its financial meaning rather than copying a generic action 'drawing out'.
N4:509	4	引き出す	ひきだす	to withdraw	1601660	words/引き出す.md	4	1601660	1,3		Source spelling retained.		
N4:510	4	髭	ひげ	beard	1601810	words/髭.md	4	1601810	1,2		Source spelling retained.		The entry broadly supports facial hair/beard. Preserve the careful-spelling distinction rather than declaring the source impossible.
N4:511	4	飛行場	ひこうじょう	airport	1485520	words/飛行場.md	4	1485520	1		Source spelling retained.		
N4:512	4	久しぶり	ひさしぶり	after a long time	1227370	words/久しぶり.md	4	1227370	1,2		Source spelling retained.		
N4:513	4	美術館	びじゅつかん	art gallery	1486460	words/美術館.md	4	1486460	1		Source spelling retained.		
N4:514	4	非常に	ひじょうに	extremely	1484930	words/非常に.md	4	1484930	1		Source spelling retained.		
N4:515	4		びっくり	to be surprised	1226360	words/びっくり.md	4	1226360	1		Source spelling retained.		
N4:516	4	引っ越す	ひっこす	to move house	1169340	words/引っ越す.md	4	1169340	1		Source spelling retained.		
N4:517	4	必要	ひつよう	necessary	1487660	words/必要.md	4	1487660	1		Existing stable article spelling retained; verify every assigned reading and sense.		
N4:518	4		ひどい	awful	1602060	words/ひどい.md	4	1602060	1,2,3		Source spelling retained.		
N4:519	4	開く	ひらく	to open an event	1202440	words/開く.md	5	1202440	5		Source spelling retained.		
N4:520	4		ビル	building or bill	1106010	words/ビル.md	4	1106010	1	2856006:1	Source spelling retained.		The source gloss combines building and bill. The article foregrounds building and distinguishes the separately recorded bill homograph; bill is not a building sense.
N4:521	4	昼間	ひるま	daytime,during the day	1581710	words/昼間.md	4	1581710	1		Source spelling retained.		
N4:522	4	昼休み	ひるやすみ	noon break	1426290	words/昼休み.md	4	1426290	1		Source spelling retained.		
N4:523	4	拾う	ひろう	to pick up,to gather	1332570	words/拾う.md	4	1332570	1,2		Source spelling retained.		
N4:524	4		ファックス	fax	1108180	words/ファックス.md	4	1108180	1,2		Source spelling retained.		
N4:525	4	増える	ふえる	to increase	1602440	words/増える.md	4	1602440	1		Existing stable article spelling retained; verify every assigned reading and sense.		
N4:526	4	深い	ふかい	deep	1362640	words/深い.md	4	1362640	1		Existing stable article spelling retained; verify every assigned reading and sense.		
N4:527	4	複雑	ふくざつ	complexity,complication	1501350	words/複雑.md	4	1501350	1		Source spelling retained.		
N4:528	4	復習	ふくしゅう	revision	1500800	words/復習.md	4	1500800	1		Source spelling retained.		
N4:529	4	部長	ぶちょう	head of a section	1499460	words/部長.md	4	1499460	1,2		Source spelling retained.		
N4:530	4	普通	ふつう	usually, or a train that stops at every station	1497190	words/普通.md	4	1497190	1,2,3		Source spelling retained.		
N4:531	4	葡萄	ぶどう	grapes	1499230	words/葡萄.md	4	1499230	1		Source spelling retained.		
N4:532	4	太る	ふとる	to become fat	1408220	words/太る.md	4	1408220	1		Source spelling retained.		
N4:533	4	布団	ふとん	Japanese bedding, futon	1496890	words/布団.md	4	1496890	1		Source spelling retained.		
N4:534	4	舟	ふね	ship	1602800	words/船.md	4	1602800	1		Reuse existing same-entry/same-reading article; teach the listed spelling where useful.		The ship/boat entry is correct. The supplied 舟 spelling especially suggests a small boat; do not silently teach every vessel type as orthographically interchangeable.
N4:535	4	不便	ふべん	inconvenience	1494860	words/不便.md	4	1494860	1		Source spelling retained.		
N4:536	4	踏む	ふむ	to step on	1450270	words/踏む.md	4	1450270	1		Source spelling retained.		
N4:537	4	降り出す	ふりだす	to start to rain	1282770	words/降り出す.md	4	1282770	1		Source spelling retained.		
N4:538	4		プレゼント	present	1116840	words/プレゼント.md	4	1116840	1		Source spelling retained.		
N4:539	4	文化	ぶんか	culture	1505120	words/文化.md	4	1505120	1		Source spelling retained.		
N4:540	4	文学	ぶんがく	literature	1505190	words/文学.md	4	1505190	1		Source spelling retained.		
N4:541	4	文法	ぶんぽう	grammar	1505600	words/文法.md	4	1505600	1		Source spelling retained.		
N4:542	4	別	べつ	different	1509430	words/別.md	4	1509430	2		Source spelling retained.		
N4:543	4		ベル	bell	1120010	words/ベル.md	4	1120010	1		Source spelling retained.		
N4:544	4	変	へん	strange	1510640	words/変.md	4	1510640	1		Source spelling retained.		
N4:545	4	返事	へんじ	reply	1512220	words/返事.md	4	1512220	1		Source spelling retained.		
N4:546	4	貿易	ぼうえき	trade	1520120	words/貿易.md	4	1520120	1		Source spelling retained.		
N4:547	4	放送	ほうそう	to broadcast	1516750	words/放送.md	4	1516750	1		Existing stable article spelling retained; verify every assigned reading and sense.		
N4:548	4	法律	ほうりつ	law	1517480	words/法律.md	4	1517480	1		Source spelling retained.		
N4:549	4	僕	ぼく	I (used by males)	1521400	words/僕.md	4	1521400	1		Source spelling retained.		
N4:550	4	星	ほし	star	1376310	words/星.md	4	1376310	1		Source spelling retained.		
N4:551	4	程	ほど	extent	1436510	words/ほど.md	4	1436510	1,6,7		Use the usual kana spelling, retaining source spelling in the coverage record.		
N4:552	4		ほとんど	mostly	1522050	words/ほとんど.md	4	1522050	1,3		Source spelling retained.		
N4:553	4		ほめる	to praise	1603550	words/ほめる.md	4	1603550	1		Source spelling retained.		
N4:554	4	翻訳	ほんやく	translation	1523400	words/翻訳.md	4	1523400	1		Source spelling retained.		
N4:555	4	参る	まいる	(humble) to go,to come	1302070	words/参る.md	4	1302070	1		Source spelling retained.		
N4:556	4	負ける	まける	to lose	1497980	words/負ける.md	4	1497980	1		Existing stable article spelling retained; verify every assigned reading and sense.		
N4:557	4		まじめ	serious	1364360	words/まじめ.md	4	1364360	1,2		Source spelling retained.		
N4:558	4	先ず	まず	first of all	1387240	words/まず.md	4	1387240	1		Use the usual kana spelling, retaining source spelling in the coverage record.		
N4:559	4		または	or,otherwise	1524990	words/または.md	4	1524990	1		Source spelling retained.		または expresses an alternative. Do not copy 'otherwise' in a way that teaches the conditional consequence 'if not, then ...'.
N4:560	4	間違える	まちがえる	to make a mistake	1215330	words/間違える.md	4	1215330	1,2		Source spelling retained.		
N4:561	4	間に合う	まにあう	to be in time for	1215260	words/間に合う.md	4	1215260	1,2		Source spelling retained.		
N4:562	4	周り	まわり	surroundings	1604290	words/周り.md	4	1604290	2,3		Source spelling retained.		
N4:563	4	回る	まわる	to go around	1604300	words/回る.md	4	1604300	2,3		Existing stable article spelling retained; verify every assigned reading and sense.		
N4:564	4	漫画	まんが	comic	1526920	words/漫画.md	4	1526920	1		Source spelling retained.		
N4:565	4	真ん中	まんなか	middle	1604350	words/真ん中.md	4	1604350	1		Source spelling retained.		
N4:566	4	見える	みえる	to be in sight	1259140	words/見える.md	4	1259140	1,2		Source spelling retained.		
N4:567	4	湖	みずうみ	lake	1267280	words/湖.md	4	1267280	1		Source spelling retained.		
N4:568	4	味噌	みそ	bean paste	1527040	words/味噌.md	4	1527040	1		Source spelling retained.		The identity is valid. Preserve that this is miso, a fermented condiment; generic bean paste also describes materially different foods.
N4:569	4	見つかる	みつかる	to be discovered	1604550	words/見つかる.md	4	1604550	1		Source spelling retained.		
N4:570	4	見つける	みつける	to discover	1604570	words/見つける.md	4	1604570	1		Source spelling retained.		
N4:571	4	皆	みな	everybody	1202150	words/皆.md	4	1202150	1		Existing stable article spelling retained; verify every assigned reading and sense.		
N4:572	4	港	みなと	harbour	1279990	words/港.md	4	1279990	1		Existing stable article spelling retained; verify every assigned reading and sense.		
N4:573	4	向かう	むかう	to face	1604800	words/向かう.md	4	1604800	1,2		Source spelling retained.		
N4:574	4	迎える	むかえる	to go out to meet	1253190	words/迎える.md	4	1253190	1		Existing stable article spelling retained; verify every assigned reading and sense.		
N4:575	4	昔	むかし	olden days, former	1382370	words/昔.md	4	1382370	1		Existing stable article spelling retained; verify every assigned reading and sense.		
N4:576	4	虫	むし	insect	1426680	words/虫.md	4	1426680	1		Source spelling retained.		
N4:577	4	息子	むすこ	(humble) son	1404390	words/息子.md	4	1404390	1		Source spelling retained.		
N4:578	4	娘	むすめ	(humble) daughter	1531190	words/娘.md	4	1531190	1		Existing stable article spelling retained; verify every assigned reading and sense.		
N4:579	4	無理	むり	impossible	1530970	words/無理.md	4	1530970	2		Source spelling retained.		
N4:580	4	召し上がる	めしあがる	(polite) to eat	1346370	words/召し上がる.md	4	1346370	1		Source spelling retained.		The identities are correct, but undifferentiated 'polite' loses the humble direction of 差し上げる and the subject-respectful direction of 召し上がる.
N4:581	4	珍しい	めずらしい	rare	1431850	words/珍しい.md	4	1431850	1,2		Source spelling retained.		
N4:582	4	申し上げる	もうしあげる	(humble) to say,to tell	1362950	words/申し上げる.md	4	1362950	1,2		Source spelling retained.		
N4:583	4	申す	もうす	(humble) to be called,to say	1363090	words/申す.md	4	1363090	1		Source spelling retained.		
N4:584	4		もうすぐ	soon	2015610	words/もうすぐ.md	4	2015610	1		Source spelling retained.		
N4:585	4		もし	if	2607730	words/もし.md	4	1012500	1		Source spelling retained.	Conditional if, not the homographic calling interjection.	
N4:586	4		もちろん	of course	1535780	words/もちろん.md	4	1535780	1		Source spelling retained.		
N4:587	4	最も	もっとも	extremely	1293700	words/最も.md	4	1293700	1		Source spelling retained.		
N4:588	4	戻る	もどる	to turn back	1535880	words/戻る.md	4	1535880	1,2		Existing stable article spelling retained; verify every assigned reading and sense.		
N4:589	4	木綿	もめん	cotton	1534870	words/木綿.md	4	1534870	1		Source spelling retained.		
N4:590	4		もらう	to receive	1535910	words/もらう.md	4	1535910	1		Source spelling retained.		
N4:591	4	森	もり	forest	1362490	words/森.md	4	1362490	1		Source spelling retained.		
N4:592	4	焼く	やく	to bake,to grill	1350600	words/焼く.md	4	1350600	1,2,4		Source spelling retained.		
N4:593	4	約束	やくそく	promise	1538130	words/約束.md	4	1538130	1		Existing stable article spelling retained; verify every assigned reading and sense.		
N4:594	4	役に立つ	やくにたつ	to be helpful	1537980	words/役に立つ.md	4	1537980	1		Source spelling retained.		
N4:595	4	焼ける	やける	to burn,to be roasted	1350610	words/焼ける.md	4	1350610	1,2		Source spelling retained.		
N4:596	4	優しい	やさしい	kind	1539040	words/優しい.md	4	1539040	1		Existing stable article spelling retained; verify every assigned reading and sense.		
N4:597	4	痩せる	やせる	to become thin	1605510	words/痩せる.md	4	1605510	1		Source spelling retained.		
N4:598	4		やっと	at last	1012800	words/やっと.md	4	1012800	1,2		Source spelling retained.		
N4:599	4		やはり	as I thought,absolutely	2772770	words/やはり.md	4	2772770	1,2		Source spelling retained.		Expectation, persistence and after-all senses are supported. A general-purpose 'absolutely' intensifier is not established by either entry. Keep both supplied forms and IDs.
N4:600	4		やっぱり	as I thought,absolutely	1012810	words/やっぱり.md	4	1012810	1,2		Source spelling retained.		Expectation, persistence and after-all senses are supported. A general-purpose 'absolutely' intensifier is not established by either entry. Keep both supplied forms and IDs.
N4:601	4	止む	やむ	to stop	1310640	words/止む.md	4	1310640	1		Source spelling retained.		
N4:602	4	止める	やめる	to stop	1310680	words/止める.md	4	1310680	1,2		Source spelling retained.		
N4:603	4	柔らかい	やわらかい	soft	1605630	words/柔らかい.md	4	1605630	1		Source spelling retained.		
N4:604	4	湯	ゆ	hot water	1448580	words/湯.md	4	1448580	1,2		Source spelling retained.		
N4:605	4	輸出	ゆしゅつ	to export	1538820	words/輸出.md	4	1538820	1		Source spelling retained.		
N4:606	4	輸入	ゆにゅう	to import	1538870	words/輸入.md	4	1538870	1		Source spelling retained.		
N4:607	4	指	ゆび	finger	1309650	words/指.md	4	1309650	1		Existing stable article spelling retained; verify every assigned reading and sense.		
N4:608	4	指輪	ゆびわ	finger ring	1310050	words/指輪.md	4	1310050	1		Source spelling retained.		
N4:609	4	夢	ゆめ	dream	1529410	words/夢.md	4	1529410	1,2		Existing stable article spelling retained; verify every assigned reading and sense.		
N4:610	4	揺れる	ゆれる	to shake,to sway	1545710	words/揺れる.md	4	1545710	1,2		Source spelling retained.		
N4:611	4	用	よう	use	1546200	words/用.md	4	1546200	1,2,3		Source spelling retained.		
N4:612	4	用意	ようい	preparation	1546220	words/用意.md	4	1546220	1		Source spelling retained.		
N4:613	4	用事	ようじ	things to do	1546300	words/用事.md	4	1546300	1		Existing stable article spelling retained; verify every assigned reading and sense.		
N4:614	4	汚れる	よごれる	to get dirty	1179005	words/汚れる.md	4	1179005	1		Source spelling retained.		
N4:615	4	予習	よしゅう	preparation for a lesson	1543070	words/予習.md	4	1543070	1		Source spelling retained.		
N4:616	4	予定	よてい	arrangement	1543240	words/予定.md	4	1543240	1		Existing stable article spelling retained; verify every assigned reading and sense.		
N4:617	4	予約	よやく	reservation	1543750	words/予約.md	4	1543750	1		Source spelling retained.		
N4:618	4	寄る	よる	to visit	1219680	words/寄る.md	4	1219680	1,3		Existing stable article spelling retained; verify every assigned reading and sense.		
N4:619	4	喜ぶ	よろこぶ	to be delighted	1218760	words/喜ぶ.md	4	1218760	1		Existing stable article spelling retained; verify every assigned reading and sense.		
N4:620	4		よろしい	(respectful) OK,all right	1224880	words/よろしい.md	4	1224880	1		Source spelling retained.		
N4:621	4	理由	りゆう	reason	1550140	words/理由.md	4	1550140	1		Source spelling retained.		
N4:622	4	利用	りよう	utilization	1549660	words/利用.md	4	1549660	1		Source spelling retained.		
N4:623	4	両方	りょうほう	both sides	1554010	words/両方.md	4	1554010	1		Existing stable article spelling retained; verify every assigned reading and sense.		
N4:624	4	旅館	りょかん	Japanese hotel	1553130	words/旅館.md	4	1553130	1		Source spelling retained.		
N4:625	4	留守	るす	absence	1552760	words/留守.md	4	1552760	1		Source spelling retained.		
N4:626	4	冷房	れいぼう	air conditioning	1557290	words/冷房.md	4	1557290	1		Source spelling retained.		
N4:627	4	歴史	れきし	history	1558050	words/歴史.md	4	1558050	1		Source spelling retained.		
N4:628	4		レジ	register	1145130	words/レジ.md	4	1145130	1,2		Source spelling retained.		
N4:629	4		レポート	report	1145990	words/レポート.md	4	1145990	1,2		Source spelling retained.		
N4:630	4		リポート	report	1145990	words/リポート.md	4	1145990	1,2		Source spelling retained.		
N4:631	4	連絡	れんらく	contact	1559900	words/連絡.md	4	1559900	1		Source spelling retained.		
N4:632	4		ワープロ	word processor	1148520	words/ワープロ.md	4	1148520	1		Source spelling retained.		
N4:633	4	沸かす	わかす	to boil,to heat	1501660	words/沸かす.md	4	1501660	1		Source spelling retained.		
N4:634	4	別れる	わかれる	to separate	1606590	words/別れる.md	4	1606590	1,2		Existing stable article spelling retained; verify every assigned reading and sense.		
N4:635	4	沸く	わく	to boil, to grow hot,to get excited	1606680	words/沸く.md	4	1606680	1,2		Source spelling retained.		
N4:636	4	訳	わけ	meaning,reason	1538330	words/訳.md	4	1538330	1,2,4		Source spelling retained.		
N4:637	4	忘れ物	わすれもの	lost article	1519230	words/忘れ物.md	4	1519230	1		Source spelling retained.		
N4:638	4	笑う	わらう	to laugh,to smile	1351360	words/笑う.md	4	1351360	1,2		Existing stable article spelling retained; verify every assigned reading and sense.		
N4:639	4	割合	わりあい	rate,ratio,percentage	1606810	words/割合.md	4	1606810	1		Source spelling retained.		
N4:640	4	割れる	われる	to break	1208020	words/割れる.md	4	1208020	1,2		Source spelling retained.		
N4:641	4	泳ぎ方	およぎかた	way of swimming	2005990	words/泳ぎ方.md	4	2005990	1		Source spelling retained.		
